"country","ccias.rich","ccias.poor","ccias.fatal","Between.Inequality.Wide","Between.Redistribution","Between.Migration","Between.Fairness","Moralization","Moral.Outrage","Position.Own.Country","General.Trust.Inst","trust.institution","Horizontal.Trust","zero.sum","meritocracy","social.dominance","eco.system.just","identif.country","identif.world","subjective.ses","Pol.Orientation","Age","Gender","Education","Gender_fac"
"uk",4,2,3,4,3,3,3,4,3,5,4,275,2,4,3,2,24,3,5,5,6,20,2,14,2
"za",5,3,1,5,3,4,1,4,3,3,4,NA,1,3,2,125,23,2,3,3,8,22,1,15,1
"za",5,4,4,5,1,5,1,5,5,2,5,25,1,5,1,1,24,2,2,3,6,28,2,20,2
"ita",3,3,4,4,2,4,3,3,3,4,3,475,1,3,2,225,25,5,4,4,6,24,2,21,2
"za",5,1,1,5,3,5,1,5,4,2,5,3,1,4,3,15,28,5,1,5,9,27,2,17,2
"za",4,2,2,5,3,4,1,3,4,2,4,NA,2,4,4,1,2,3,2,6,2,22,1,14,1
"ita",4,2,2,5,3,5,2,4,4,2,5,5,5,4,3,225,24,3,5,6,6,25,1,20,1
"za",4,3,2,5,3,5,1,5,3,2,5,NA,2,4,4,2,24,4,2,3,6,27,2,20,2
"za",3,4,3,4,4,3,2,4,3,2,4,NA,1,3,4,125,2,1,1,5,7,32,2,23,2
"ita",4,2,3,5,2,4,2,2,1,3,2,45,3,1,4,1,19,4,3,3,6,55,1,10,1
"uk",3,3,3,4,3,2,2,2,2,5,4,175,2,4,4,275,29,6,5,7,4,27,2,16,2
"za",5,3,2,5,1,5,1,3,3,2,3,1,4,4,3,1,22,3,1,3,6,28,1,15,1
"za",5,2,1,5,5,5,1,5,5,1,4,3,3,3,3,1,23,7,2,2,2,48,2,20,2
"ita",5,3,3,4,5,5,3,5,4,4,5,NA,2,3,4,1,21,3,3,4,4,27,1,19,1
"ita",4,2,3,4,4,5,3,4,3,3,4,35,2,4,4,2,29,3,4,7,6,22,2,17,2
"ita",4,2,2,4,2,5,2,5,4,4,5,NA,2,4,3,275,21,3,5,6,6,31,2,16,2
"za",4,3,3,4,3,5,3,4,4,3,5,3,1,5,3,225,29,7,2,5,8,23,1,19,1
"za",5,2,2,5,5,5,2,4,4,3,5,2,2,4,4,2,26,4,4,4,9,34,2,16,2
"za",5,3,2,5,5,4,1,5,5,3,3,275,2,5,3,1,13,3,2,6,5,23,2,15,2
"uk",4,3,2,5,5,3,2,5,3,3,4,325,3,4,3,125,23,3,1,4,4,38,2,15,2
"uk",4,2,3,5,4,4,2,4,4,5,4,375,3,4,3,275,29,6,2,3,6,30,1,15,1
"za",5,5,2,5,5,5,1,5,3,2,5,1,4,5,5,1,27,3,2,6,1,46,1,18,1
"uk",4,3,2,5,3,4,1,4,4,4,4,225,2,4,4,175,27,4,1,3,5,41,2,14,2
"uk",4,3,2,5,3,4,1,5,3,3,3,325,2,4,4,225,24,7,4,4,6,30,1,18,1
"za",4,3,4,4,2,1,2,2,2,2,5,NA,1,4,3,225,31,3,2,6,6,27,2,15,2
"uk",5,1,3,5,4,5,2,5,4,4,5,4,1,3,3,15,2,5,3,7,5,49,1,21,1
"ita",5,2,1,5,4,4,2,5,4,5,5,275,3,4,3,1,2,3,4,7,1,28,2,20,2
"uk",4,2,3,4,2,4,3,4,2,4,5,45,2,2,2,15,24,1,2,6,6,30,1,16,1
"uk",5,2,1,5,5,5,1,5,5,4,4,35,4,3,4,1,17,7,3,6,1,34,2,16,2
"ita",4,2,2,5,3,4,1,5,3,4,5,4,2,4,3,225,14,3,2,6,4,32,1,13,1
"ita",4,3,1,5,4,3,1,3,3,3,4,1,2,3,3,225,25,5,5,6,3,33,2,20,2
"uk",4,3,2,5,3,5,2,4,3,3,5,325,4,4,4,15,15,4,3,4,6,54,1,14,1
"ita",5,1,1,5,5,5,1,5,5,4,5,1,2,3,1,15,1,5,2,8,1,24,1,17,1
"uk",5,1,2,4,3,4,1,3,2,5,5,325,4,3,2,175,2,3,5,3,1,37,2,21,2
"za",4,3,2,4,5,5,1,4,5,3,5,375,1,3,4,175,25,7,7,6,6,19,1,14,1
"ita",3,2,2,5,4,4,3,4,3,4,5,NA,3,2,3,15,24,5,4,5,2,22,1,18,1
"ita",4,2,1,5,3,4,2,5,3,4,3,175,3,4,2,15,2,6,5,7,7,36,1,21,1
"ita",4,2,3,5,5,5,3,3,4,3,4,275,2,4,3,25,29,4,2,6,5,28,2,18,2
"za",3,2,2,4,4,5,1,5,4,3,5,375,1,4,3,2,27,7,4,6,6,19,1,13,1
"ita",3,4,2,5,1,2,4,1,1,2,4,425,2,1,4,3,28,3,2,3,6,63,1,6,1
"za",5,2,1,5,5,5,1,5,5,3,5,1,2,3,4,1,23,6,2,5,5,24,1,17,1
"uk",3,1,2,3,3,4,2,4,3,5,3,275,2,2,3,225,24,6,5,6,6,22,1,15,1
"uk",5,1,2,5,5,5,1,5,5,5,5,425,4,5,3,1,19,2,4,6,2,24,1,16,1
"za",4,4,2,5,3,4,2,4,3,3,3,25,2,3,3,15,24,5,4,6,7,33,1,13,1
"ita",5,1,2,4,1,5,3,3,1,5,3,325,4,4,4,25,22,5,4,7,6,28,1,18,1
"ita",4,3,2,5,2,5,2,5,4,4,5,35,2,4,4,275,13,4,5,7,1,24,2,17,2
"uk",4,4,2,5,1,4,2,4,2,4,4,375,3,3,3,125,33,4,3,7,6,51,1,20,1
"ita",4,2,1,5,4,4,2,4,3,3,4,NA,3,4,3,225,17,3,3,5,10,19,2,14,2
"uk",5,1,2,5,4,5,2,5,5,5,4,375,4,2,2,15,12,3,4,6,4,48,1,17,1
"uk",4,3,3,5,5,3,2,5,4,3,4,35,3,4,4,125,27,3,2,2,4,43,1,15,1
"uk",4,2,1,4,3,5,2,4,4,4,5,325,3,5,3,15,25,3,4,8,6,45,1,3,1
"ita",4,2,1,5,3,3,1,4,3,5,4,NA,3,2,3,275,34,4,4,5,6,24,2,13,2
"uk",4,1,4,5,4,4,2,4,4,5,4,3,3,4,2,1,15,5,3,7,4,53,2,18,2
"za",5,4,4,5,1,4,5,4,5,3,4,NA,1,5,4,225,34,6,4,7,6,23,1,17,1
"uk",3,4,2,1,1,2,4,3,1,5,1,425,2,3,5,3,31,6,6,9,3,43,1,12,1
"za",5,3,2,5,4,3,2,3,2,3,4,5,1,4,4,2,25,5,1,6,7,25,1,16,1
"uk",3,4,2,4,3,3,2,3,3,4,5,3,3,4,4,225,24,5,2,4,11,63,2,12,2
"za",4,3,3,5,4,4,3,4,4,3,4,325,5,4,4,1,25,5,2,5,3,20,2,16,2
"ita",3,4,1,5,2,4,1,5,3,5,3,35,4,2,4,225,2,7,3,4,3,48,2,18,2
"uk",3,2,4,2,1,4,3,3,1,4,3,3,3,3,3,225,32,2,1,5,9,65,2,11,2
"ita",4,2,2,4,2,5,3,3,4,4,5,1,3,4,2,2,25,3,6,5,3,24,2,19,2
"za",5,2,2,5,2,2,2,4,3,2,4,1,1,5,2,125,27,4,2,5,4,33,2,15,2
"uk",3,3,2,4,3,3,2,4,3,3,4,325,2,3,2,25,24,7,7,4,4,21,1,15,1
"za",4,3,3,5,4,5,2,3,3,1,4,175,1,5,4,2,29,2,2,5,5,20,2,11,2
"za",4,4,2,5,3,3,1,4,3,2,4,1,1,4,4,2,27,5,4,5,5,30,3,17,3
"ita",4,2,2,4,4,4,3,4,3,4,1,25,3,4,3,275,26,5,3,6,7,22,1,16,1
"za",5,2,1,5,5,5,1,5,5,3,5,2,1,4,3,1,26,4,1,3,1,30,2,6,2
"ita",4,2,1,5,4,4,2,3,3,4,4,325,4,1,3,1,21,5,5,7,6,21,1,16,1
"za",3,3,3,3,2,5,2,2,2,3,3,NA,1,4,4,25,39,3,2,7,7,26,2,16,2
"uk",4,2,2,4,2,4,2,4,4,5,4,3,2,4,3,15,22,5,4,5,6,44,2,17,2
"uk",4,2,3,4,3,3,2,4,3,5,3,35,3,3,4,15,24,4,2,4,3,52,1,13,1
"ita",4,3,2,4,2,3,3,4,3,4,3,25,3,2,3,2,26,6,2,6,5,26,1,18,1
"ita",5,2,3,3,2,3,3,3,3,3,5,NA,3,3,3,2,28,5,5,4,2,23,1,18,1
"uk",4,3,2,4,3,3,2,4,3,5,4,375,3,3,2,125,22,5,4,7,8,64,2,16,2
"ita",4,2,1,5,4,4,1,5,5,4,5,225,3,3,3,1,14,5,4,6,2,34,2,18,2
"za",3,2,2,4,1,5,2,3,2,3,2,325,3,4,4,2,3,6,1,2,9,22,1,16,1
"uk",5,1,1,5,5,5,1,5,5,4,5,125,2,5,3,15,25,3,3,7,7,33,2,18,2
"uk",4,2,1,4,3,3,2,4,4,5,4,225,3,3,3,1,26,4,3,7,4,46,1,17,1
"za",5,3,2,3,4,5,1,5,4,3,5,275,1,3,4,1,2,2,2,3,5,28,2,14,2
"ita",5,4,3,4,4,3,2,4,3,4,4,125,3,5,4,2,2,2,4,5,6,26,1,14,1
"za",5,3,2,5,5,4,1,5,4,2,1,3,1,5,2,1,31,4,4,2,6,29,2,16,2
"ita",4,1,1,5,3,5,1,5,3,5,4,3,4,4,1,1,16,5,5,7,1,33,2,18,2
"uk",4,3,3,4,1,1,3,2,1,1,1,2,3,4,4,375,35,5,2,6,6,65,1,16,1
"uk",5,2,2,5,2,3,1,5,4,4,4,325,3,4,3,15,2,4,3,5,4,46,1,17,1
"za",5,3,2,5,4,5,1,5,4,3,5,225,2,5,3,2,2,1,2,6,6,33,2,18,2
"za",5,5,3,5,5,5,1,5,4,3,5,35,1,5,5,2,2,1,1,5,6,25,1,14,1
"ita",4,1,1,5,4,4,1,5,5,4,5,325,1,4,3,225,24,2,2,4,4,37,1,18,1
"za",1,4,2,4,1,4,2,4,3,5,3,425,3,1,4,2,22,6,6,5,6,37,1,21,1
"za",5,3,1,5,5,5,1,5,4,3,3,5,4,4,3,1,17,4,6,6,1,25,1,6,1
"uk",4,2,3,4,4,5,2,3,3,3,5,325,4,4,3,15,19,5,3,6,6,42,2,15,2
"za",5,2,1,5,5,5,1,5,5,3,5,2,3,4,2,1,16,4,5,7,6,42,2,24,2
"za",4,3,1,5,4,5,4,4,4,3,5,1,1,5,3,25,21,4,2,5,6,23,1,16,1
"za",5,2,2,5,5,5,1,5,5,3,3,2,3,4,4,2,21,5,2,2,4,44,2,16,2
"ita",5,1,1,5,4,5,1,5,3,5,4,225,4,3,3,1,15,1,5,5,2,48,2,19,2
"uk",4,2,1,5,5,5,1,5,5,4,5,375,4,3,1,1,16,2,3,5,4,31,2,19,2
"uk",4,3,3,5,1,3,2,3,1,5,4,4,1,3,4,225,28,4,2,4,8,38,1,16,1
"ita",5,1,1,4,1,4,2,3,1,3,5,NA,4,4,3,275,3,3,4,4,3,19,1,14,1
"ita",4,1,2,5,2,3,2,4,3,5,3,225,1,2,3,125,22,6,2,3,5,32,3,18,3
"za",4,4,2,5,3,4,4,2,2,3,2,275,5,3,4,2,3,3,5,6,6,20,2,11,2
"uk",2,1,2,5,2,4,1,5,2,5,5,3,2,4,3,275,17,3,4,6,6,29,1,16,1
"uk",4,3,2,4,2,4,4,1,1,5,2,5,1,4,4,225,34,4,4,4,4,36,1,12,1
"uk",5,1,2,5,1,4,1,5,5,5,3,1,3,2,1,175,12,1,2,5,3,63,1,15,1
"za",5,2,2,5,4,5,1,5,5,3,4,3,2,5,3,1,13,1,3,5,6,26,1,14,1
"uk",5,2,1,5,3,3,1,4,4,4,5,325,3,3,3,1,27,7,5,2,6,47,2,12,2
"za",4,5,2,5,3,5,4,5,4,3,5,35,3,4,4,1,31,3,2,7,5,22,3,18,3
"za",4,2,1,5,1,5,2,4,3,2,5,NA,1,4,4,225,21,3,3,4,6,27,1,24,1
"ita",4,2,2,5,2,5,1,4,4,4,5,1,4,3,3,1,23,1,5,7,6,59,2,22,2
"ita",4,2,1,5,2,4,2,4,5,5,5,45,3,2,2,125,21,7,4,8,3,29,2,21,2
"uk",4,1,2,5,4,3,1,5,3,5,5,1,3,4,2,1,15,5,5,7,3,76,2,26,2
"ita",4,1,1,5,4,4,1,3,3,3,4,35,1,3,4,1,23,4,3,7,1,25,2,24,2
"za",5,2,1,5,4,5,1,3,4,1,4,1,1,5,2,1,16,4,5,6,1,31,1,18,1
"uk",5,2,2,5,2,3,2,4,3,4,2,1,2,4,2,25,17,1,3,7,8,37,2,18,2
"uk",4,2,1,4,5,5,3,3,4,2,5,325,3,3,1,15,24,3,3,8,4,37,3,11,3
"ita",5,3,1,5,4,3,1,5,4,5,4,3,1,4,4,1,24,4,2,5,5,28,2,22,2
"uk",5,2,3,5,4,2,1,4,4,4,5,225,4,3,4,2,12,4,3,6,4,52,2,16,2
"za",4,3,3,5,4,2,2,4,2,3,4,275,1,4,4,25,32,6,2,2,6,23,1,18,1
"ita",4,3,2,5,4,4,2,3,3,3,2,475,1,3,3,275,29,5,4,7,8,37,2,14,2
"za",4,2,1,5,2,4,2,5,3,2,3,275,1,5,3,15,27,4,3,7,6,29,2,16,2
"ita",4,3,3,4,4,5,2,3,2,3,5,4,5,4,4,225,28,5,3,4,4,33,1,12,1
"za",5,4,4,5,3,5,1,3,2,3,5,175,1,5,1,1,2,5,2,3,1,31,2,16,2
"ita",5,1,1,5,2,5,1,5,4,5,5,35,4,3,2,1,13,1,7,7,2,28,1,16,1
"za",4,4,3,5,1,5,4,5,4,2,5,25,3,3,5,275,29,7,4,3,9,45,1,15,1
"ita",5,1,2,4,4,3,2,4,2,5,5,NA,3,3,3,2,24,5,3,6,4,22,1,18,1
"uk",4,2,2,5,5,5,1,5,3,5,5,45,1,4,3,1,26,7,4,7,8,54,2,16,2
"za",5,4,4,5,1,5,5,5,4,2,4,NA,1,4,4,175,29,3,1,4,6,26,2,18,2
"za",5,3,2,5,5,5,1,5,4,3,4,425,1,4,4,225,21,4,1,6,7,24,1,18,1
"ita",4,4,1,4,4,5,2,4,3,3,5,NA,5,4,5,25,28,7,6,4,3,24,2,17,2
"uk",5,1,1,4,4,5,2,5,5,4,4,1,3,4,2,1,12,4,4,4,4,41,1,12,1
"uk",5,1,3,5,4,5,1,4,4,1,5,45,3,4,3,1,13,5,4,6,3,24,2,18,2
"ita",4,1,2,5,2,3,2,4,3,5,3,4,2,4,3,15,27,2,3,7,4,25,2,13,2
"uk",5,2,1,5,4,2,1,3,4,5,4,1,3,3,2,125,2,1,2,5,4,30,1,14,1
"za",4,4,1,4,3,3,3,2,2,3,3,35,3,3,3,15,25,2,4,8,4,23,2,16,2
"ita",3,2,2,5,2,5,3,3,3,4,3,4,3,1,4,225,37,5,5,6,6,22,1,15,1
"ita",5,1,1,5,4,5,2,5,5,4,3,3,4,4,2,1,12,7,6,7,5,44,2,21,2
"uk",4,2,2,5,3,4,1,5,4,5,3,35,4,4,4,3,28,3,4,7,3,52,1,19,1
"za",5,4,4,5,1,4,1,5,4,1,5,425,2,4,1,1,27,5,7,4,4,26,2,15,2
"ita",5,1,2,3,3,5,2,5,4,4,5,3,1,4,2,225,18,4,4,2,1,29,2,18,2
"za",5,3,2,5,2,5,1,5,3,2,2,NA,3,5,4,1,31,7,4,4,8,22,1,22,1
"uk",5,2,2,4,3,4,2,3,2,1,2,35,3,4,3,275,26,5,4,5,5,38,1,11,1
"za",5,2,1,5,4,5,3,4,2,3,2,1,1,5,3,15,28,2,2,3,9,34,2,15,2
"za",4,2,3,5,3,5,2,4,3,4,5,NA,3,4,2,1,18,5,4,8,3,22,1,18,1
"uk",3,2,1,4,4,5,2,4,4,5,3,25,2,3,2,1,2,3,5,6,5,32,2,15,2
"za",4,3,2,5,4,5,1,4,4,2,5,4,2,4,4,275,28,7,2,3,5,43,2,13,2
"za",4,1,1,5,3,5,1,5,3,3,4,45,3,1,2,15,26,4,5,3,4,30,1,18,1
"za",5,2,2,5,3,4,1,5,4,2,3,1,3,5,3,1,25,6,2,5,7,21,1,14,1
"ita",5,2,2,5,4,5,1,4,4,3,3,375,1,4,2,1,19,3,2,3,1,25,2,17,2
"uk",5,3,2,4,3,2,3,4,3,3,5,15,2,4,4,15,28,5,3,7,6,68,1,18,1
"ita",4,2,1,5,4,5,1,5,4,4,4,NA,3,5,4,175,25,2,4,4,4,23,2,15,2
"za",3,2,2,4,4,5,1,4,3,3,5,3,3,2,2,15,2,3,7,6,4,33,2,17,2
"ita",4,2,2,5,3,4,4,3,4,4,4,NA,2,3,4,25,24,5,7,7,5,24,1,17,1
"za",5,2,1,5,5,5,3,5,5,3,5,275,1,5,4,3,17,1,1,5,4,35,1,15,1
"za",5,2,2,5,1,5,1,4,5,4,5,25,3,5,3,1,28,7,1,5,9,41,2,13,2
"ita",5,2,1,4,3,2,1,4,4,1,3,NA,2,5,3,15,3,4,2,3,2,22,2,16,2
"za",5,5,5,5,1,5,5,5,4,2,5,1,1,5,5,1,34,1,1,2,6,25,2,16,2
"uk",3,4,3,3,2,2,3,3,3,3,4,3,2,3,4,15,31,3,3,5,8,39,1,12,1
"za",4,3,3,5,4,5,5,4,4,3,5,275,3,4,4,175,28,7,3,5,6,45,2,10,2
"ita",4,3,2,5,1,5,1,4,4,1,4,4,3,3,3,225,24,2,2,5,4,26,1,15,1
"uk",4,1,3,5,3,5,2,4,3,5,5,325,4,3,3,225,28,5,3,7,6,55,1,14,1
"uk",5,2,1,5,4,3,1,4,3,5,5,15,3,3,2,125,17,5,4,4,1,35,2,16,2
"uk",3,2,1,5,4,4,2,3,3,4,5,325,4,3,3,25,29,5,2,7,8,66,1,14,1
"za",5,4,1,5,4,5,2,2,3,3,5,3,1,5,5,1,21,4,4,4,6,30,1,18,1
"za",5,2,1,5,3,5,1,5,5,3,5,5,1,4,2,1,17,3,7,5,1,21,2,15,2
"uk",4,3,2,5,3,5,1,5,3,3,1,325,2,5,4,225,3,1,4,5,5,34,2,14,2
"za",4,2,1,5,4,5,3,3,3,4,5,NA,2,4,4,1,23,5,3,4,4,23,1,17,1
"za",5,3,2,5,4,5,5,5,4,3,5,45,3,5,3,1,29,7,5,5,6,28,2,16,2
"za",5,2,3,5,5,5,1,3,4,1,5,425,1,5,3,1,2,6,2,3,6,24,2,17,2
"ita",5,3,2,5,5,5,1,5,3,5,5,45,3,5,4,1,18,1,5,5,3,31,1,15,1
"uk",4,3,3,5,5,5,2,5,3,3,5,175,3,4,4,2,27,3,4,7,1,37,1,13,1
"za",4,3,3,5,4,5,4,4,4,5,5,NA,3,5,3,2,24,6,6,6,1,22,1,19,1
"ita",4,2,2,5,3,4,1,5,4,4,4,NA,3,4,2,3,15,4,4,7,3,23,2,17,2
"uk",5,1,1,5,2,3,1,3,3,3,5,225,1,5,1,225,13,5,2,6,1,64,2,23,2
"za",5,3,2,5,5,5,1,5,5,2,5,275,1,5,2,125,21,4,2,3,11,35,2,15,2
"ita",4,2,2,4,3,4,5,5,4,3,4,425,2,3,3,1,2,5,7,7,3,29,2,17,2
"za",5,2,1,5,5,5,1,5,4,3,5,275,1,4,3,1,15,3,2,3,5,24,2,16,2
"za",5,2,1,5,5,5,1,5,5,3,5,225,1,5,3,1,19,3,4,4,1,30,2,20,2
"ita",5,1,2,4,5,3,2,4,3,3,5,225,3,4,2,175,19,3,4,6,7,36,1,16,1
"za",4,3,2,5,3,5,1,4,4,3,5,325,2,3,3,275,35,3,3,4,9,35,2,10,2
"za",5,4,4,5,1,3,1,4,3,2,4,NA,1,4,4,2,28,1,1,7,6,26,2,17,2
"uk",4,2,4,5,3,4,2,4,3,5,5,5,1,3,2,2,26,4,3,7,6,52,1,18,1
"za",5,5,1,5,4,5,1,2,4,3,4,225,1,5,4,15,27,5,3,5,4,29,2,16,2
"ita",5,1,1,5,5,5,1,5,5,4,5,275,3,4,1,15,15,5,4,6,2,22,2,17,2
"za",3,4,2,5,2,4,2,4,3,3,5,4,3,3,4,225,17,4,3,4,11,24,1,19,1
"ita",4,2,1,5,4,5,1,5,4,1,4,175,3,3,2,1,15,3,3,6,4,26,2,20,2
"uk",4,4,3,4,3,4,2,4,3,4,4,375,1,3,3,175,24,1,3,6,7,34,1,13,1
"uk",4,1,1,5,5,5,1,4,3,5,5,325,4,2,2,2,23,2,2,3,6,31,1,17,1
"za",4,3,1,5,4,4,2,4,4,1,5,4,2,5,4,1,25,4,4,6,4,31,1,20,1
"za",3,4,1,3,1,5,3,4,3,2,4,35,3,2,3,1,25,5,5,7,6,20,2,11,2
"uk",4,1,2,4,3,4,2,3,3,5,4,275,2,4,3,125,22,5,1,2,4,34,1,12,1
"uk",4,1,2,5,5,5,1,5,3,5,5,325,3,3,2,1,21,5,5,5,6,22,1,13,1
"ita",4,2,1,4,4,4,2,4,3,4,5,4,3,4,3,175,17,2,4,4,4,26,2,15,2
"ita",5,2,2,5,3,5,1,4,4,5,4,325,2,5,4,15,27,3,3,5,4,24,2,17,2
"za",5,2,2,5,1,5,1,5,5,5,1,2,3,3,2,125,21,4,4,4,4,26,2,16,2
"uk",4,2,3,5,3,3,2,4,3,5,3,275,3,3,3,25,33,3,4,8,6,57,1,16,1
"ita",4,3,3,5,4,3,1,4,5,4,4,4,3,5,4,2,24,4,5,6,8,23,2,16,2
"za",4,2,1,3,2,5,3,4,4,2,5,35,2,5,2,1,2,2,3,7,3,23,2,14,2
"ita",4,2,2,4,3,3,2,4,4,5,5,25,2,3,3,175,26,5,4,7,6,29,1,18,1
"uk",4,2,1,5,2,4,1,5,3,5,5,3,3,3,2,125,17,1,2,6,3,62,2,24,2
"uk",4,2,3,4,4,5,3,4,2,4,5,375,3,3,3,275,25,4,3,7,6,56,2,18,2
"uk",5,1,1,5,5,5,1,5,5,5,5,275,3,5,3,1,19,3,5,4,3,22,2,18,2
"uk",4,2,3,5,2,4,2,4,4,4,3,3,1,2,3,1,2,5,3,7,7,55,2,19,2
"ita",5,2,3,5,2,4,2,4,3,3,4,325,3,3,3,1,12,4,5,4,5,29,2,19,2
"ita",4,1,2,5,3,5,5,5,4,4,5,NA,2,2,3,1,21,3,5,7,6,25,1,20,1
"uk",5,4,2,5,5,2,1,5,4,2,4,2,2,5,5,2,33,6,4,2,2,63,2,15,2
"uk",3,2,4,5,5,5,2,4,3,5,3,325,3,3,3,3,31,3,4,6,5,30,1,16,1
"uk",3,3,3,3,1,4,2,4,2,4,4,4,4,3,4,275,26,4,5,7,6,56,1,13,1
"ita",4,1,1,5,3,4,2,4,4,5,5,4,3,2,3,1,16,5,2,5,3,25,1,23,1
"za",5,4,2,5,4,5,2,5,4,2,5,25,1,5,5,1,17,2,3,5,7,25,1,15,1
"za",5,3,1,5,3,5,1,5,5,3,4,3,4,4,4,1,2,6,1,5,1,28,1,6,1
"ita",4,3,1,5,4,4,2,3,2,4,4,3,3,3,4,1,26,2,6,7,3,33,1,13,1
"uk",4,3,2,5,1,4,2,4,3,5,4,375,4,4,4,25,22,4,5,8,6,56,1,13,1
"za",5,2,1,5,5,3,1,5,5,2,3,1,1,5,4,1,23,4,3,6,4,26,2,10,2
"uk",2,3,2,2,1,4,2,2,1,5,4,425,4,1,4,2,33,2,6,7,3,55,2,12,2
"uk",4,3,1,4,5,5,2,4,4,3,5,325,1,4,4,15,15,1,1,5,6,41,1,14,1
"za",5,3,2,5,5,5,1,5,5,2,3,1,2,5,3,1,32,4,4,2,6,46,1,11,1
"za",3,4,1,5,2,4,1,3,3,3,5,325,2,3,3,15,26,4,4,5,6,35,2,10,2
"uk",3,2,1,5,1,4,2,4,1,4,4,35,2,2,3,225,22,2,1,4,4,32,2,25,2
"za",5,2,4,5,3,5,1,5,5,2,5,3,1,5,3,1,24,3,2,3,6,29,1,15,1
"uk",3,3,3,4,1,4,3,3,2,3,4,325,3,4,4,35,28,4,3,7,6,45,1,13,1
"ita",5,2,1,5,5,5,1,5,5,5,5,4,3,5,3,1,14,5,6,6,1,21,2,15,2
"ita",4,2,1,5,3,4,1,5,4,5,4,4,1,4,3,175,19,3,3,6,1,23,2,16,2
"ita",4,3,2,5,2,5,1,4,3,3,5,275,2,2,4,175,17,1,4,5,4,62,2,11,2
"za",5,3,1,5,4,4,1,5,4,2,5,25,1,5,4,15,24,6,2,2,7,28,2,18,2
"za",4,3,1,5,5,5,2,3,3,3,5,4,1,4,5,125,46,3,1,7,6,20,2,15,2
"za",5,3,3,4,5,5,3,4,4,2,5,225,2,4,4,25,28,4,2,6,6,32,1,17,1
"uk",5,1,2,5,5,5,1,5,4,5,5,275,3,4,2,15,16,3,6,4,3,22,2,19,2
"ita",4,1,1,5,3,4,2,4,4,4,5,25,3,3,2,1,26,5,2,6,4,25,2,18,2
"ita",4,2,1,5,4,4,2,4,3,4,5,325,3,4,3,2,26,3,6,7,5,25,2,18,2
"za",5,1,1,5,1,4,2,4,4,2,5,275,3,4,3,1,11,3,3,6,3,27,1,18,1
"ita",5,1,2,5,3,4,2,4,4,4,5,45,3,3,3,2,25,7,6,7,6,25,2,14,2
"uk",5,3,1,5,4,4,1,5,5,5,4,35,4,3,4,1,1,3,3,6,1,26,1,16,1
"uk",5,1,3,5,3,5,1,4,4,5,5,35,3,3,4,2,16,4,3,3,4,35,2,15,2
"uk",4,2,2,5,2,4,1,3,2,5,5,325,4,3,4,2,26,6,4,6,8,59,1,20,1
"uk",5,1,2,5,4,5,1,4,4,4,3,325,1,4,1,1,13,3,2,3,4,33,2,13,2
"ita",4,2,2,5,3,5,2,4,4,4,5,NA,4,4,3,225,25,1,5,7,3,21,1,16,1
"ita",4,1,2,4,5,4,2,4,4,5,5,275,2,3,2,225,13,5,6,6,4,21,2,15,2
"uk",4,2,2,4,3,3,2,3,3,5,4,325,1,3,4,275,35,7,5,3,4,33,1,17,1
"ita",5,1,1,5,3,4,1,5,2,4,4,35,3,4,3,175,3,2,3,5,4,21,2,16,2
"za",5,3,3,5,3,5,3,3,4,3,5,45,1,5,4,275,42,3,1,9,9,20,1,16,1
"uk",5,2,1,4,3,4,2,4,4,4,4,35,3,4,4,2,27,4,5,7,8,43,1,18,1
"uk",3,4,3,4,2,4,2,3,2,5,4,225,2,4,4,375,26,5,2,4,4,27,1,16,1
"za",5,2,1,5,3,4,1,5,5,2,4,1,1,4,3,1,13,4,2,6,2,28,1,20,1
"za",5,2,2,5,3,3,1,4,3,3,4,225,3,4,4,1,27,2,2,4,8,28,2,16,2
"za",4,3,1,5,2,4,2,4,3,2,3,2,3,1,3,15,21,6,3,3,3,40,1,16,1
"ita",5,2,1,5,5,5,1,5,4,3,4,15,1,4,3,1,1,3,1,3,4,23,2,15,2
"ita",4,1,1,5,4,4,2,3,3,4,5,375,3,2,2,1,22,4,5,7,4,24,1,18,1
"ita",4,2,2,4,3,3,2,4,4,5,4,3,3,1,3,125,24,6,5,7,4,23,2,19,2
"za",5,1,1,5,4,5,1,5,4,2,5,NA,4,5,3,125,17,2,3,5,6,22,2,17,2
"uk",5,2,4,5,1,3,1,5,4,4,3,225,1,5,2,125,3,3,1,6,2,23,1,16,1
"uk",5,2,2,5,3,2,1,4,3,5,3,45,3,5,3,125,17,6,5,6,1,34,1,18,1
"ita",5,3,1,5,2,4,1,5,4,5,3,225,3,4,3,1,25,3,5,3,4,23,2,18,2
"ita",5,2,2,5,4,4,2,4,3,3,2,1,1,4,2,225,17,1,2,5,6,59,2,14,2
"ita",4,3,2,4,2,3,3,4,2,5,5,3,3,4,4,15,25,4,4,4,4,36,1,11,1
"uk",4,2,2,4,2,3,2,4,4,5,4,1,2,3,3,125,29,3,2,4,6,37,2,17,2
"za",5,1,1,5,2,5,1,5,3,2,5,25,1,4,2,15,16,5,5,5,4,20,2,15,2
"za",4,2,1,5,1,4,2,4,3,2,4,3,4,3,3,1,18,6,3,6,3,25,1,20,1
"za",5,4,4,5,1,5,1,5,4,2,5,3,2,5,1,1,29,3,4,3,7,29,2,15,2
"za",4,3,2,5,4,4,3,5,3,3,4,NA,2,4,4,125,19,4,1,3,1,33,2,20,2
"ita",5,1,2,5,4,5,2,4,4,4,4,3,2,4,3,15,17,7,5,7,1,33,2,13,2
"za",4,2,2,4,5,4,1,5,4,3,5,375,1,5,4,1,18,1,3,6,6,27,2,15,2
"uk",4,2,3,4,2,4,3,4,2,4,5,5,1,3,3,1,18,3,1,6,2,52,1,18,1
"ita",4,3,3,4,4,4,2,3,3,2,4,NA,2,3,3,225,24,3,3,3,3,23,2,18,2
"uk",2,2,2,5,4,4,2,4,3,4,4,325,3,1,3,225,17,5,3,5,1,33,1,13,1
"ita",4,1,4,4,3,4,2,4,3,1,3,275,1,4,3,15,2,5,1,5,3,22,2,6,2
"za",5,3,3,4,5,4,1,4,4,2,5,3,2,4,3,15,19,3,5,7,6,46,1,24,1
"za",5,5,1,5,1,1,1,4,3,2,4,275,2,5,4,2,35,1,2,3,6,31,1,9,1
"ita",5,2,3,5,3,3,3,4,3,4,5,175,3,4,4,1,17,4,6,5,3,23,2,18,2
"za",5,5,3,5,1,4,1,4,5,2,5,1,1,5,3,2,28,7,3,4,9,20,2,14,2
"za",5,1,1,5,5,5,1,5,5,3,5,2,3,2,2,1,11,4,7,6,5,44,2,19,2
"ita",5,3,1,5,1,4,1,5,4,1,3,NA,1,5,3,15,26,4,2,7,5,23,1,16,1
"ita",4,3,2,5,1,4,2,4,4,5,5,475,3,4,4,225,26,5,4,7,6,24,1,14,1
"uk",4,2,2,5,5,2,2,4,3,5,5,275,4,1,1,25,22,3,1,6,4,30,1,16,1
"uk",3,3,2,3,3,3,2,4,3,5,4,325,2,2,3,175,3,5,4,6,6,29,2,14,2
"uk",2,3,1,4,3,2,2,3,3,3,3,1,2,3,4,25,28,4,2,4,7,39,2,12,2
"uk",5,2,1,5,5,5,1,5,5,5,2,5,1,5,2,1,13,4,3,4,7,49,2,15,2
"ita",4,1,1,4,3,4,2,4,4,4,5,NA,3,4,2,15,16,2,4,4,4,22,2,15,2
"ita",5,2,2,5,4,3,2,5,4,4,5,NA,2,2,2,125,25,4,4,6,4,27,1,18,1
"za",3,3,3,5,2,5,3,3,2,2,1,175,4,3,3,225,3,4,2,3,6,38,1,16,1
"za",4,2,2,4,5,4,2,4,5,2,5,NA,2,3,4,125,2,6,7,7,3,23,2,16,2
"uk",4,2,2,5,5,3,2,4,4,3,3,3,3,4,3,225,24,6,4,5,4,63,2,11,2
"ita",3,2,1,4,1,5,2,3,2,3,3,275,1,3,2,125,24,3,4,4,4,20,1,15,1
"ita",4,2,1,5,1,4,2,4,4,3,5,1,1,2,3,325,13,2,5,3,1,28,2,13,2
"uk",4,3,3,4,3,3,2,4,3,5,5,45,3,3,4,25,27,7,7,6,4,42,2,18,2
"uk",4,4,1,5,4,4,1,4,4,5,4,35,3,4,4,1,28,3,4,7,8,42,1,18,1
"ita",5,2,2,5,5,4,2,4,4,3,1,1,1,5,2,25,24,4,1,5,6,26,2,22,2
"za",4,2,2,5,3,5,2,4,4,2,5,3,1,4,4,15,33,6,2,3,9,28,2,17,2
"ita",4,3,2,4,3,3,2,3,3,4,3,275,3,3,2,225,14,5,5,6,5,46,2,21,2
"za",5,2,1,5,4,4,1,3,3,2,4,25,3,3,3,275,23,2,2,5,3,37,2,16,2
"za",4,4,1,4,2,5,3,3,5,3,5,35,1,5,3,225,21,1,2,3,8,35,1,20,1
"ita",4,2,1,5,1,5,2,4,4,5,4,4,1,4,3,1,2,3,2,5,3,25,2,18,2
"uk",3,2,3,4,2,4,2,4,3,4,5,45,5,1,3,35,22,3,2,4,6,61,1,13,1
"ita",5,1,1,5,5,5,1,5,4,4,5,15,4,5,2,15,16,4,4,5,3,24,2,18,2
"ita",5,3,3,5,2,3,2,4,3,5,4,175,3,4,2,1,18,5,3,7,4,24,2,16,2
"ita",5,1,2,5,4,5,1,5,4,5,4,175,4,4,3,1,18,1,7,4,1,48,1,18,1
"za",5,5,5,5,5,5,1,4,4,4,4,375,1,4,4,2,24,5,1,3,6,24,1,17,1
"ita",4,2,2,4,3,3,2,4,3,4,4,25,3,3,3,2,21,6,4,7,6,32,1,18,1
"uk",4,1,3,4,3,2,4,4,3,5,3,25,4,2,3,225,2,4,5,5,2,53,1,21,1
"za",5,3,1,5,3,5,1,5,2,3,1,1,1,5,3,1,23,5,4,4,6,28,2,14,2
"ita",5,1,2,5,5,5,1,5,4,4,5,1,2,3,2,1,18,7,7,7,4,30,2,18,2
"ita",4,1,1,4,5,5,2,4,4,4,5,NA,4,3,1,15,26,4,7,4,1,28,2,18,2
"ita",5,2,3,5,2,4,2,3,2,4,3,125,3,4,3,15,17,5,2,7,5,21,2,15,2
"za",5,2,1,5,4,5,4,3,4,3,4,175,1,5,4,15,27,2,1,5,6,19,2,12,2
"za",5,4,4,5,5,5,1,4,4,3,4,15,1,4,4,175,16,7,2,2,6,24,1,17,1
"ita",4,3,1,5,3,4,2,4,4,5,4,325,4,5,4,15,28,2,2,6,6,32,1,17,1
"ita",4,2,1,5,5,5,1,5,5,3,5,35,3,1,4,1,18,7,5,5,4,25,1,22,1
"ita",5,2,1,4,5,5,1,4,4,3,5,NA,4,4,2,175,27,4,5,8,3,26,1,18,1
"ita",5,3,3,4,4,3,3,5,4,2,4,4,3,5,4,1,18,5,6,7,1,20,1,15,1
"za",5,3,2,5,2,3,2,3,2,3,5,325,3,5,2,25,22,7,2,3,6,48,1,15,1
"uk",2,3,3,4,3,4,3,3,3,5,3,275,2,3,3,325,35,6,4,8,9,27,1,16,1
"ita",4,2,2,4,2,5,3,4,3,5,4,45,3,3,4,35,24,4,4,9,6,28,1,20,1
"uk",3,2,2,2,1,1,4,2,1,5,4,325,3,1,4,1,23,5,5,7,9,46,1,16,1
"ita",5,1,2,5,3,4,2,4,4,4,5,275,3,3,2,1,16,4,6,6,2,25,2,19,2
"uk",4,1,3,5,2,4,1,4,3,5,5,325,4,2,4,175,24,6,4,6,6,41,2,23,2
"za",4,3,3,5,2,4,2,3,3,2,4,3,1,5,3,225,22,4,3,7,9,20,1,15,1
"ita",4,2,2,5,2,5,1,4,3,4,5,NA,4,3,3,225,26,5,3,4,3,23,2,18,2
"ita",4,3,1,5,4,4,2,4,3,4,4,375,2,4,4,1,25,3,6,7,4,30,1,18,1
"uk",4,2,1,5,4,5,1,5,4,5,5,325,2,5,3,1,28,6,2,5,8,34,1,15,1
"ita",5,1,2,5,5,5,1,5,5,5,5,3,2,4,2,1,14,7,7,6,1,25,1,19,1
"ita",4,2,2,4,5,4,2,4,3,5,5,45,3,4,3,175,31,5,4,6,6,21,1,15,1
"za",4,3,1,5,5,5,2,4,4,3,5,1,2,4,4,1,29,4,2,5,7,24,2,16,2
"za",5,2,2,5,5,5,2,4,5,2,5,275,4,3,4,2,26,4,2,2,4,24,1,20,1
"uk",4,1,1,5,3,4,1,4,3,3,3,325,2,4,3,1,2,5,2,4,2,35,2,15,2
"za",4,4,1,4,3,3,2,4,4,2,5,NA,1,5,4,15,25,7,2,3,7,26,1,16,1
"uk",3,3,2,4,3,4,2,4,3,3,3,4,2,4,2,15,24,5,2,3,7,40,2,13,2
"za",5,3,1,5,5,5,2,5,4,3,5,2,3,4,5,1,16,6,3,5,6,24,1,16,1
"uk",5,1,1,4,5,5,2,4,4,4,4,3,3,3,1,15,14,2,4,4,1,38,2,11,2
"za",4,3,1,5,4,5,1,3,2,4,5,3,2,3,5,1,18,7,3,6,5,20,1,14,1
"za",3,4,2,5,2,3,2,4,3,3,5,NA,3,3,4,2,24,7,4,4,1,22,1,16,1
"ita",5,2,4,5,3,4,1,5,4,4,3,NA,3,4,2,225,25,1,2,7,8,23,2,13,2
"za",5,3,1,4,2,5,2,5,4,1,4,NA,1,5,3,1,24,1,1,6,11,21,1,15,1
"za",4,2,1,5,3,5,3,3,2,3,4,35,3,3,3,1,13,5,5,5,3,19,1,3,1
"ita",4,2,1,4,3,3,4,3,4,1,4,425,3,2,4,225,22,6,3,8,1,40,1,18,1
"za",4,4,3,5,4,4,3,3,2,1,2,425,1,4,4,275,35,7,2,7,6,51,2,11,2
"za",2,4,2,4,2,3,3,3,1,3,5,3,3,1,4,325,41,5,2,7,6,63,1,15,1
"uk",4,2,3,4,3,4,2,4,3,3,4,325,2,4,4,275,31,6,3,7,3,34,1,13,1
"ita",3,1,4,5,5,5,2,4,3,5,3,375,3,2,3,1,22,3,3,7,8,24,1,16,1
"za",3,4,1,3,3,5,3,3,1,3,5,3,3,1,4,125,32,5,3,5,7,26,2,18,2
"ita",5,2,1,5,5,5,1,5,4,5,5,35,4,5,3,15,22,6,4,5,4,37,2,15,2
"za",4,3,3,5,4,4,2,3,2,2,4,35,2,2,4,2,34,4,2,7,5,23,2,18,2
"uk",4,2,2,5,4,4,2,4,3,4,5,325,4,2,3,15,31,4,4,7,5,51,1,13,1
"ita",5,2,2,5,3,5,1,5,5,4,5,NA,3,3,3,225,19,1,2,7,3,23,1,19,1
"uk",4,2,4,4,3,4,3,5,3,4,4,45,2,4,2,1,18,3,3,8,2,32,1,17,1
"za",4,4,1,4,3,3,3,4,3,3,3,425,1,4,4,2,29,5,3,6,9,18,2,12,2
"ita",5,2,1,5,4,4,2,5,4,4,5,175,3,4,2,1,15,7,5,7,1,48,1,20,1
"uk",4,1,3,5,3,5,1,4,4,4,4,45,5,4,3,125,17,5,2,4,3,31,1,20,1
"ita",5,2,1,5,3,4,1,4,4,5,5,275,3,3,2,125,17,3,6,6,2,37,2,20,2
"za",3,4,3,5,2,4,4,4,3,3,5,275,3,3,5,125,42,7,6,6,6,29,2,15,2
"za",4,2,2,4,4,5,1,4,3,2,4,425,1,4,3,175,29,5,2,6,6,26,1,16,1
"za",3,5,2,3,2,4,4,2,1,5,5,4,2,3,4,275,35,3,2,6,7,63,1,18,1
"ita",5,1,1,5,4,3,2,5,4,5,5,NA,3,5,3,1,14,5,4,6,1,22,2,20,2
"uk",4,2,2,5,5,2,1,5,3,4,4,225,3,4,3,1,23,5,2,3,1,39,2,15,2
"uk",5,3,3,2,1,1,3,3,2,4,1,325,4,5,3,225,23,3,2,5,8,51,1,11,1
"za",3,3,1,3,2,5,2,4,3,3,4,35,2,3,3,15,27,4,5,4,4,32,2,19,2
"ita",4,2,1,5,4,4,2,5,3,4,5,325,3,4,3,1,14,4,5,7,4,27,2,20,2
"uk",5,3,1,5,4,3,1,4,4,5,5,1,2,3,4,125,25,2,3,5,6,30,2,14,2
"uk",5,1,2,5,5,5,1,5,4,5,5,375,3,4,3,1,14,5,5,6,4,37,2,18,2
"ita",4,2,2,4,2,4,3,4,1,4,4,NA,2,2,3,225,28,2,4,7,6,23,1,16,1
"uk",3,4,3,3,3,3,4,4,3,5,4,275,3,3,5,3,32,7,3,8,7,60,2,24,2
"ita",4,1,2,5,4,3,1,3,2,3,3,325,3,3,4,275,27,5,5,6,4,25,2,17,2
"uk",3,2,1,3,1,4,3,3,3,5,4,4,1,4,4,2,29,4,3,3,7,59,1,15,1
"ita",3,3,4,5,2,4,2,4,3,4,5,375,3,4,4,25,34,4,4,8,8,18,2,13,2
"uk",5,3,4,5,5,5,1,5,5,3,5,325,2,5,3,1,19,5,2,4,8,31,1,15,1
"ita",4,3,4,4,3,3,3,4,3,4,4,3,3,2,3,15,28,3,4,7,6,33,1,17,1
"za",4,4,1,5,4,3,5,5,3,5,1,35,3,4,4,1,2,3,4,8,4,20,1,11,1
"ita",5,2,2,5,4,4,5,4,3,4,4,3,3,3,4,15,17,6,6,7,3,36,2,10,2
"uk",4,3,2,5,4,3,1,5,3,4,4,225,3,4,4,3,27,4,5,4,3,45,2,17,2
"uk",3,3,1,3,2,2,3,3,3,5,2,275,4,2,4,1,33,3,3,8,6,35,2,17,2
"uk",5,1,1,5,3,4,1,4,4,5,5,325,4,3,2,1,18,4,5,6,2,51,2,16,2
"ita",5,2,2,5,4,5,1,4,4,3,5,35,3,4,3,125,16,5,5,5,2,22,2,16,2
"ita",4,2,2,4,4,5,2,4,4,4,4,4,2,5,4,125,3,2,4,5,4,24,1,14,1
"za",4,3,3,4,5,3,2,4,4,4,4,NA,1,4,4,1,26,3,1,4,1,26,1,16,1
"ita",5,1,3,4,4,5,2,5,4,3,5,3,4,4,1,1,18,4,5,6,1,28,2,18,2
"uk",3,3,2,2,1,4,3,2,1,4,3,3,3,1,5,3,26,7,3,5,9,51,1,11,1
"ita",4,4,2,4,2,5,3,4,1,3,4,3,3,5,4,125,24,5,4,8,6,28,2,20,2
"uk",5,2,4,5,4,2,1,4,3,5,5,1,2,5,4,3,22,2,2,3,6,36,2,13,2
"uk",4,4,2,5,5,2,2,4,4,4,4,325,3,3,3,1,17,3,3,6,6,37,2,21,2
"za",5,3,2,5,4,4,1,5,4,3,5,275,1,4,4,125,2,7,2,3,6,30,2,18,2
"ita",5,2,2,4,1,3,1,4,4,4,5,35,1,5,3,1,17,4,5,7,1,43,1,20,1
"za",5,4,3,5,5,5,1,5,5,3,5,225,1,5,4,1,27,4,1,3,6,25,2,20,2
"za",5,3,1,5,5,5,2,3,3,4,5,35,2,3,4,225,26,3,4,7,6,25,1,17,1
"za",4,3,1,4,3,5,2,4,3,1,5,325,1,4,2,1,26,7,4,7,7,26,1,17,1
"ita",3,2,3,4,2,5,2,4,4,3,3,275,3,1,4,15,2,5,4,4,4,22,1,22,1
"uk",5,2,4,3,2,4,3,2,2,5,2,225,2,5,3,225,22,3,5,6,4,29,1,16,1
"uk",5,3,1,5,5,5,1,5,3,4,5,4,2,2,3,15,16,3,4,7,3,38,2,17,2
"ita",5,3,1,5,5,3,1,5,3,3,3,325,4,4,4,175,2,3,4,3,4,24,1,18,1
"za",5,4,2,5,4,5,1,4,5,1,5,175,1,5,4,275,26,7,2,7,7,30,1,17,1
"uk",4,2,4,4,3,4,2,4,3,3,4,325,2,3,4,175,28,3,2,5,4,33,2,13,2
"za",5,4,4,5,5,5,1,4,4,2,5,1,1,5,5,275,3,5,3,3,1,23,1,15,1
"za",5,4,3,5,4,5,3,2,5,3,5,125,1,5,5,275,35,3,2,7,11,28,2,15,2
"ita",4,2,3,4,3,4,2,3,4,1,4,NA,1,4,3,2,21,2,3,3,6,24,2,12,2
"uk",4,3,3,5,1,4,2,4,1,5,5,2,1,4,5,1,26,6,3,7,7,50,1,17,1
"uk",3,3,2,4,3,3,3,3,2,4,3,3,2,4,4,225,33,7,5,6,11,51,1,16,1
"za",4,2,1,5,2,4,2,5,3,3,4,325,2,3,4,125,29,2,2,3,6,22,2,16,2
"uk",4,3,2,5,3,4,2,4,3,3,3,325,2,4,4,2,27,7,2,4,5,23,1,6,1
"ita",5,3,1,5,5,5,1,5,3,3,4,15,3,4,4,175,17,3,3,6,4,26,2,24,2
"ita",4,1,3,5,5,5,1,5,4,1,5,NA,3,3,4,225,17,3,5,6,6,25,1,20,1
"za",4,3,2,4,4,4,2,4,4,2,4,375,3,4,4,175,24,3,3,6,8,46,1,17,1
"za",5,4,2,5,5,5,1,5,5,3,5,275,1,5,5,1,28,7,4,6,6,30,1,15,1
"za",5,1,1,5,1,3,1,5,5,2,5,NA,3,3,2,1,12,6,2,4,3,32,1,15,1
"ita",3,3,1,5,4,5,3,5,3,2,4,3,3,4,3,125,2,2,3,5,3,33,1,15,1
"ita",4,2,1,5,3,4,2,4,4,4,4,35,2,4,3,2,26,2,5,4,6,25,2,16,2
"za",4,2,2,5,4,4,3,5,5,3,5,325,2,4,4,1,25,7,3,6,3,22,1,17,1
"za",4,3,3,5,3,5,5,5,4,3,4,NA,1,5,4,2,23,2,2,4,11,37,2,17,2
"uk",4,2,3,3,2,2,2,4,3,5,5,15,4,3,3,25,27,5,3,4,6,36,1,18,1
"za",5,2,2,5,1,5,1,4,3,1,4,1,2,4,3,15,16,5,6,4,1,30,2,17,2
"za",5,3,2,5,5,5,1,5,5,3,5,125,2,5,5,1,19,7,4,4,6,25,1,15,1
"za",5,3,3,5,5,5,1,5,5,1,5,3,3,4,2,1,32,4,3,5,4,33,2,18,2
"uk",5,3,3,4,3,4,1,4,4,5,5,1,3,3,2,15,24,6,7,7,6,65,2,21,2
"uk",4,3,1,3,2,3,3,4,3,4,5,3,2,4,4,15,29,2,2,8,9,59,1,12,1
"ita",4,2,1,5,4,4,1,4,4,3,3,45,3,4,1,1,17,4,3,5,4,26,2,18,2
"ita",5,1,1,5,3,4,1,5,3,5,5,NA,3,3,3,175,16,3,3,6,2,20,2,16,2
"za",5,3,2,5,2,5,2,5,4,3,5,325,3,4,3,125,16,5,4,5,6,27,2,18,2
"za",4,3,1,5,3,5,3,4,4,3,5,1,1,5,4,1,31,4,1,3,11,29,2,19,2
"uk",4,3,3,4,2,3,2,3,2,5,4,375,3,4,4,225,28,6,5,7,8,30,2,14,2
"uk",3,1,1,5,4,5,1,4,3,5,5,45,3,2,1,1,15,3,3,3,6,36,1,15,1
"uk",5,2,3,3,1,1,3,3,1,5,3,1,2,5,3,125,28,4,3,6,4,33,1,16,1
"ita",4,2,1,5,3,4,2,4,4,5,5,475,3,3,4,15,24,3,6,8,2,22,1,18,1
"uk",4,2,3,4,4,5,3,4,3,5,5,325,1,4,4,175,28,1,2,7,7,29,1,16,1
"za",4,4,1,4,4,5,1,3,3,1,2,425,2,2,4,2,3,7,6,4,5,23,2,15,2
"uk",4,2,4,4,4,2,2,4,3,4,4,375,2,3,3,125,28,3,2,6,8,40,2,16,2
"uk",3,3,1,2,1,2,3,3,1,4,1,425,4,3,5,25,37,7,5,5,7,51,1,12,1
"za",4,3,2,4,3,5,2,4,4,2,5,35,1,5,3,175,12,1,1,4,8,31,2,14,2
"ita",5,1,2,5,5,5,1,5,4,5,5,3,4,3,2,1,11,7,7,6,2,41,1,20,1
"ita",5,2,1,5,5,5,2,5,4,3,4,4,2,4,3,1,16,2,3,3,3,22,2,18,2
"ita",4,2,2,4,3,2,2,4,3,3,3,375,4,3,2,175,17,3,4,4,6,37,1,11,1
"ita",5,2,1,5,5,5,1,5,5,2,4,4,3,4,4,1,22,5,5,5,4,20,2,14,2
"uk",4,2,2,5,3,4,2,5,4,5,4,35,4,4,2,1,13,4,5,7,3,32,2,25,2
"uk",5,3,4,5,4,4,2,4,4,5,4,325,3,5,3,1,26,1,4,7,6,44,2,11,2
"ita",4,3,1,5,4,4,2,3,3,3,2,1,2,4,2,275,26,4,4,5,6,23,2,21,2
"uk",4,2,3,5,2,3,2,3,2,5,4,325,3,2,3,1,23,6,6,6,6,45,1,16,1
"uk",5,1,3,5,3,5,1,3,4,5,5,35,4,4,2,1,16,2,3,5,2,36,1,11,1
"uk",5,1,3,5,5,5,1,4,4,5,5,325,2,4,4,1,2,1,1,1,2,35,1,15,1
"za",5,2,2,5,3,5,1,5,4,2,5,1,2,5,3,2,31,5,4,3,10,29,2,15,2
"uk",4,3,2,5,3,4,1,3,3,5,3,325,4,2,3,25,28,5,3,4,6,51,1,18,1
"ita",4,2,2,5,3,4,2,4,4,4,4,NA,3,4,3,175,22,4,5,7,4,23,1,18,1
"ita",5,2,1,5,4,3,1,4,4,3,3,275,1,4,1,15,17,3,3,3,4,22,2,16,2
"uk",5,1,2,5,4,5,1,5,4,5,5,325,4,3,1,1,16,2,5,2,1,34,1,17,1
"uk",5,1,3,5,4,5,1,5,5,4,5,35,3,5,4,125,28,2,3,6,3,53,2,20,2
"ita",4,3,2,3,3,4,3,4,3,5,5,4,3,3,4,2,24,6,4,7,7,20,1,14,1
"za",5,3,1,5,4,5,2,5,4,2,5,4,1,3,4,1,26,7,3,4,3,25,1,15,1
"ita",5,3,2,4,3,5,2,5,4,4,5,3,3,3,4,225,25,7,2,3,5,24,1,19,1
"za",5,3,3,4,4,4,1,4,5,2,4,175,2,5,2,125,29,4,3,4,6,21,2,15,2
"uk",3,3,2,4,3,3,2,3,2,4,4,45,3,4,4,275,13,6,4,6,9,59,2,18,2
"za",4,3,2,4,4,2,1,5,5,2,5,425,1,4,4,15,21,7,2,5,8,37,1,16,1
"uk",4,2,1,5,5,5,1,5,5,5,5,125,2,5,3,1,28,7,3,5,3,33,1,12,1
"uk",4,1,1,5,3,5,1,4,2,5,4,35,3,3,1,225,2,3,3,2,1,32,2,6,2
"za",5,5,5,5,1,4,5,4,5,2,3,1,2,4,4,175,26,5,3,5,4,27,2,17,2
"ita",4,1,2,5,5,3,1,5,5,4,4,325,4,4,2,1,11,5,5,4,2,23,1,17,1
"ita",5,2,1,5,3,4,2,4,4,4,4,225,3,4,3,1,17,5,5,7,3,21,2,15,2
"za",4,4,2,5,3,3,1,4,4,3,2,25,1,4,4,2,3,5,3,5,4,26,2,22,2
"ita",4,3,3,4,4,5,2,4,2,3,4,NA,3,4,4,275,17,6,5,6,6,20,1,16,1
"uk",3,3,2,4,2,3,2,4,3,3,5,35,3,3,3,35,24,3,2,6,6,36,1,14,1
"za",4,2,1,5,4,5,4,5,3,3,5,NA,3,5,4,125,37,7,6,6,5,25,2,21,2
"za",5,2,2,5,1,3,1,5,5,3,4,NA,2,5,4,125,17,2,3,3,2,22,1,15,1
"za",5,3,1,5,3,5,1,4,5,3,5,3,1,5,5,1,26,2,1,5,6,28,1,18,1
"ita",4,1,1,5,5,5,5,4,4,4,5,375,4,4,3,15,14,6,5,7,4,25,1,20,1
"uk",4,1,1,5,5,5,1,5,5,5,3,325,3,2,2,15,14,3,5,2,4,22,1,22,1
"uk",4,3,2,5,4,5,1,4,3,4,5,45,2,3,4,175,25,1,2,8,4,30,2,14,2
"za",5,5,5,5,4,5,1,5,4,1,5,325,2,5,5,1,21,4,3,5,1,27,1,17,1
"ita",3,2,2,5,4,4,2,3,4,3,5,NA,3,3,4,225,26,4,4,3,5,26,2,20,2
"ita",4,2,2,5,4,3,1,5,4,5,4,4,3,3,3,1,26,5,6,7,4,23,1,18,1
"za",5,3,2,5,2,5,2,5,4,2,4,NA,3,5,4,175,17,3,3,7,4,23,2,18,2
"uk",5,2,2,5,3,4,1,4,3,4,4,225,1,5,4,2,17,3,1,6,3,31,2,22,2
"uk",3,3,3,4,3,4,2,3,3,5,3,325,3,4,4,15,24,5,2,3,6,38,2,11,2
"uk",4,1,1,4,4,5,2,4,4,5,4,45,2,3,1,1,18,2,2,3,4,30,2,18,2
"uk",2,3,2,4,1,3,3,3,1,3,5,2,3,1,4,3,33,7,3,5,6,53,1,14,1
"ita",5,3,1,5,3,4,1,4,4,4,1,1,1,4,3,275,17,5,4,4,4,22,1,21,1
"za",5,3,1,5,3,5,1,5,4,1,5,1,1,4,4,1,23,7,3,8,7,30,1,20,1
"ita",4,1,2,5,4,4,2,4,1,3,4,275,3,4,2,35,16,5,4,6,2,55,1,12,1
"za",5,3,3,5,5,5,1,5,5,2,5,4,3,5,4,1,17,7,4,7,3,25,2,18,2
"uk",3,4,3,5,1,1,3,3,2,3,4,325,3,4,3,35,28,7,1,3,5,38,1,12,1
"uk",3,3,2,5,3,4,3,3,3,4,4,4,5,3,3,225,32,4,2,5,7,45,1,17,1
"uk",5,1,2,5,4,5,1,5,5,4,4,3,2,3,3,2,26,5,2,2,3,38,2,18,2
"uk",4,2,2,4,2,4,2,4,4,4,1,35,3,4,4,25,24,5,4,4,6,43,2,11,2
"za",5,5,1,5,4,5,1,3,5,2,5,4,1,5,4,225,25,1,2,5,8,31,1,18,1
"za",2,4,1,4,1,3,4,2,1,2,4,3,1,1,4,15,22,4,3,7,5,63,1,15,1
"uk",5,2,4,5,5,5,1,5,5,5,5,35,3,5,4,1,23,2,1,1,6,24,2,18,2
"uk",5,1,2,5,5,5,1,4,4,1,5,3,2,5,3,125,16,4,5,5,1,40,1,15,1
"uk",3,3,1,2,1,4,2,2,1,3,2,425,2,1,4,225,19,7,3,5,7,30,1,18,1
"ita",4,1,1,5,4,4,1,5,4,4,5,325,2,4,4,125,3,4,4,6,3,26,2,20,2
"ita",4,2,2,5,1,5,2,4,4,1,5,2,1,4,3,35,22,2,5,5,3,31,2,12,2
"za",5,3,3,5,4,5,1,5,5,1,5,375,1,5,2,1,25,6,4,6,1,25,1,15,1
"uk",4,2,3,5,3,5,1,3,3,3,4,375,3,4,3,125,3,2,3,3,5,29,2,13,2
"uk",4,1,3,5,5,5,1,5,4,4,5,325,2,3,2,225,2,3,4,4,6,34,1,15,1
"ita",3,3,2,2,1,4,5,2,1,4,4,35,4,2,4,325,42,5,2,6,2,55,1,13,1
"uk",4,3,2,5,3,4,2,4,4,4,3,375,4,4,4,125,31,6,5,6,6,34,1,16,1
"uk",4,2,2,3,1,3,3,2,2,4,1,225,3,2,3,325,27,5,2,6,4,30,1,14,1
"ita",4,1,2,5,5,3,2,3,3,3,4,45,2,4,3,2,27,3,4,7,8,25,2,14,2
"za",4,5,1,5,4,3,2,5,4,2,4,1,1,5,3,1,31,7,5,4,4,48,2,16,2
"ita",4,2,3,4,4,4,2,5,4,4,4,NA,2,4,3,175,19,5,3,6,4,23,1,17,1
"ita",5,2,1,5,5,5,1,5,5,2,2,1,2,4,2,1,18,7,3,3,6,20,1,14,1
"uk",4,2,4,5,3,5,1,5,3,3,5,45,2,3,4,125,31,2,3,7,4,46,1,24,1
"ita",4,2,2,5,2,4,1,5,2,4,4,175,3,2,3,175,25,4,7,7,4,25,1,17,1
"za",3,4,2,3,3,3,3,3,3,3,3,175,3,1,3,2,32,5,3,2,9,40,1,12,1
"ita",4,1,2,5,2,5,1,4,3,4,5,35,1,3,2,225,19,5,5,6,6,28,2,21,2
"ita",4,2,1,5,1,5,2,4,4,3,4,1,1,4,3,25,21,3,3,7,7,21,1,15,1
"uk",4,1,1,5,5,5,1,5,4,5,5,325,3,5,1,1,15,1,1,4,4,31,2,16,2
"uk",3,3,1,4,2,2,2,4,4,5,5,1,1,3,5,2,36,7,2,6,6,34,1,16,1
"ita",3,3,1,3,1,4,2,3,2,4,3,475,2,3,4,125,32,6,3,7,6,22,1,16,1
"uk",4,2,1,5,4,5,2,4,4,3,5,35,2,4,4,2,29,6,4,3,6,53,2,11,2
"za",5,1,1,5,5,5,4,4,4,3,5,1,1,5,3,175,16,2,2,6,6,23,1,15,1
"ita",5,1,1,5,2,5,1,5,2,5,5,3,2,5,1,1,18,2,5,4,2,25,2,20,2
"ita",3,3,4,3,2,3,3,1,1,4,3,175,1,4,4,225,39,7,3,4,4,35,2,11,2
"uk",3,2,2,5,5,3,3,4,4,4,5,325,4,3,3,35,37,5,2,7,9,30,1,12,1
"uk",4,2,4,5,3,4,2,4,3,4,4,3,2,4,3,2,23,3,1,4,6,44,2,15,2
"za",5,2,2,5,4,5,1,4,5,2,4,275,2,3,4,175,28,6,4,7,6,22,1,16,1
"uk",5,1,1,5,5,5,1,4,3,4,5,4,2,3,2,225,2,3,6,4,1,56,2,21,2
"ita",5,3,2,4,4,2,1,5,5,4,4,175,3,4,4,1,25,6,6,2,4,23,1,19,1
"ita",5,1,1,5,2,3,2,4,4,5,5,45,3,3,2,1,1,6,4,6,1,40,1,17,1
"za",2,3,3,4,1,3,2,3,2,3,3,325,3,3,4,15,32,5,2,5,6,23,1,16,1
"za",5,2,1,5,5,5,1,5,4,1,4,425,1,4,3,1,2,3,4,7,4,23,2,18,2
"za",5,3,1,5,2,5,1,5,4,2,5,4,2,5,5,1,19,7,7,7,6,30,1,17,1
"uk",4,2,3,4,2,4,3,3,3,5,4,325,2,1,3,2,22,5,3,6,4,37,1,15,1
"uk",4,2,2,5,5,5,1,4,3,4,5,325,3,5,3,1,24,4,3,5,6,39,2,13,2
"za",5,3,2,5,4,5,1,5,4,5,4,15,3,5,4,1,29,2,3,5,1,22,1,15,1
"uk",4,1,1,4,3,4,2,4,4,3,4,225,2,4,2,1,21,4,1,4,6,34,2,17,2
"ita",4,2,3,5,5,5,1,5,5,3,3,225,3,3,3,1,18,3,7,6,1,24,2,18,2
"za",4,3,1,4,2,5,3,2,3,3,4,NA,2,3,3,175,21,5,2,4,4,23,1,16,1
"uk",3,3,3,4,3,4,2,4,3,3,3,3,5,3,3,275,26,7,7,4,9,54,1,21,1
"uk",4,2,3,5,3,4,2,4,3,3,3,375,2,4,3,225,28,7,4,6,6,28,2,16,2
"za",4,5,1,5,5,5,1,5,3,3,5,35,1,3,4,2,28,1,1,6,2,42,1,22,1
"za",4,4,3,3,5,5,3,4,4,2,5,325,1,3,4,1,17,4,2,3,3,20,2,16,2
"za",5,3,1,5,3,5,2,5,4,2,5,1,1,5,5,1,26,6,7,3,6,29,1,16,1
"za",4,4,2,5,3,5,2,3,4,2,5,NA,3,5,4,15,25,4,3,5,7,27,1,18,1
"za",3,3,3,3,2,5,3,3,3,3,5,325,3,3,4,25,3,4,5,7,5,28,2,17,2
"ita",5,1,3,4,4,5,2,5,3,3,5,NA,1,5,2,225,2,2,4,6,3,20,1,15,1
"za",5,4,4,5,1,4,1,5,5,2,5,NA,1,5,4,125,28,7,2,7,8,36,2,16,2
"uk",3,2,3,3,2,4,2,4,3,5,4,325,3,2,4,25,27,3,4,5,6,30,1,22,1
"za",4,4,1,4,5,5,1,5,4,3,3,35,2,1,3,1,3,7,4,5,3,19,1,13,1
"za",5,2,2,5,5,5,1,5,5,3,5,4,2,5,3,1,21,2,7,7,4,20,2,15,2
"ita",3,3,4,3,4,4,3,5,4,4,3,NA,3,4,3,125,33,3,4,6,6,25,2,18,2
"ita",4,2,1,5,3,4,1,4,4,4,4,25,2,4,3,1,21,5,3,5,6,23,2,16,2
"ita",4,3,1,5,3,4,3,5,4,4,5,NA,3,2,2,175,18,1,3,7,5,32,1,18,1
"uk",3,3,3,4,3,4,3,3,3,4,4,45,5,4,3,35,37,6,2,6,6,51,1,15,1
"za",5,2,1,5,5,5,1,5,5,3,2,4,3,5,3,1,23,2,2,3,6,27,2,20,2
"uk",4,2,3,3,2,4,3,4,3,4,4,375,3,2,3,225,29,7,3,7,7,53,1,18,1
"za",4,5,3,3,5,5,1,5,4,3,5,45,1,3,4,1,17,1,1,3,1,23,2,15,2
"za",5,4,4,5,1,3,1,3,3,2,4,NA,1,5,4,1,28,6,2,8,6,20,1,15,1
"uk",4,2,4,4,3,3,2,4,3,5,4,275,2,4,4,175,27,4,2,4,6,23,1,18,1
"za",5,4,2,4,3,5,3,4,4,3,5,5,3,3,4,2,33,4,2,5,6,21,1,14,1
"uk",5,2,2,4,3,2,1,4,3,5,1,1,2,4,2,275,17,4,2,4,2,28,2,16,2
"ita",5,2,1,5,2,5,1,5,4,5,5,3,3,3,3,15,1,5,4,7,2,25,1,18,1
"za",2,4,1,5,1,2,4,2,1,3,4,4,1,1,5,2,27,7,6,6,9,26,2,19,2
"za",5,3,1,5,2,5,1,3,2,2,3,25,3,4,3,225,29,6,3,4,6,38,2,6,2
"za",5,4,4,5,5,5,1,5,4,3,5,325,1,4,4,1,16,3,2,4,1,24,2,15,2
"uk",4,1,3,5,2,5,1,5,4,4,5,45,3,5,4,15,26,4,4,5,5,35,1,11,1
"uk",4,1,2,5,5,5,1,5,5,5,5,5,2,4,3,175,16,4,5,5,2,33,2,17,2
"ita",3,2,3,5,2,5,2,4,3,4,4,4,3,2,3,125,22,5,4,6,2,28,1,18,1
"za",5,3,1,5,2,4,2,4,3,3,5,375,1,3,3,1,22,3,3,7,5,24,2,18,2
"uk",3,3,1,3,1,3,3,2,2,5,4,325,3,3,3,2,24,2,3,7,7,30,2,23,2
"ita",3,1,2,4,4,3,2,4,2,4,3,4,4,3,3,175,24,6,3,4,1,32,1,18,1
"uk",4,3,4,5,4,3,2,4,3,4,4,4,4,3,3,15,33,1,2,5,7,41,1,16,1
"uk",3,2,1,5,1,3,1,4,1,5,5,35,3,2,4,175,26,7,3,4,3,51,1,18,1
"za",4,4,4,4,5,3,1,5,4,4,4,125,1,5,3,1,26,4,1,8,1,20,1,14,1
"za",4,4,2,3,4,3,1,5,4,3,5,NA,1,4,4,225,22,5,1,4,5,26,1,17,1
"ita",4,3,2,4,4,5,2,4,3,5,5,3,5,5,4,175,28,7,5,6,4,22,2,19,2
"uk",5,2,1,4,3,2,1,5,5,4,3,2,4,3,2,1,1,4,1,5,2,38,2,11,2
"za",5,3,1,5,3,5,2,5,5,3,5,125,1,4,3,1,19,3,4,4,5,27,2,16,2
"za",5,4,2,5,4,5,3,4,5,1,5,3,4,4,5,125,33,3,2,6,4,26,2,18,2
"ita",3,3,3,5,3,3,2,4,4,5,4,325,2,2,2,125,27,3,5,7,5,24,2,17,2
"ita",5,2,1,5,5,5,1,5,4,3,5,35,3,4,4,1,14,3,5,7,2,23,2,17,2
"uk",4,2,2,4,2,4,3,4,2,4,3,325,3,3,2,175,21,3,2,3,6,37,1,12,1
"uk",4,2,1,5,2,5,2,5,4,4,4,35,2,4,3,275,26,5,2,2,8,27,2,17,2
"ita",4,1,1,4,2,5,2,4,4,3,5,35,2,4,2,25,26,6,4,5,3,19,1,13,1
"uk",5,2,2,5,4,4,1,4,4,5,5,2,1,3,4,2,14,4,3,4,2,38,1,15,1
"uk",3,2,2,5,4,2,3,4,3,3,4,25,1,3,3,15,24,3,2,3,6,39,2,16,2
"za",5,3,2,5,4,5,5,5,4,3,5,325,3,4,4,2,2,6,3,7,5,20,1,14,1
"uk",5,4,2,5,5,5,1,4,4,3,5,425,2,5,4,1,21,4,3,5,6,38,2,18,2
"uk",3,3,1,3,2,2,3,3,3,3,4,15,2,3,2,2,25,2,1,5,6,68,2,17,2
"uk",5,1,1,5,3,5,1,5,4,4,5,45,3,3,2,1,18,2,4,7,5,24,1,14,1
"uk",4,2,2,5,4,4,2,4,4,4,4,325,3,4,3,15,24,3,2,5,6,41,2,15,2
"uk",4,3,3,4,3,4,3,1,2,4,2,325,4,3,4,225,3,6,4,5,4,51,1,11,1
"ita",5,1,1,5,4,4,1,3,4,4,5,4,3,3,3,1,13,6,3,3,3,32,1,16,1
"uk",4,1,2,4,2,4,3,4,3,4,5,375,2,3,3,175,23,3,2,7,6,37,1,19,1
"za",4,3,2,5,4,5,5,5,3,3,5,NA,2,5,4,175,37,7,3,7,6,22,1,16,1
"uk",3,2,1,5,4,4,2,4,3,4,4,325,3,2,3,1,26,4,4,6,7,38,1,13,1
"uk",4,1,2,5,5,5,1,5,5,1,5,325,3,3,1,15,12,3,4,5,4,35,2,13,2
"uk",4,1,1,4,3,4,3,4,3,2,4,2,2,3,4,25,17,6,7,6,3,53,2,14,2
"uk",4,3,2,5,4,4,2,4,4,3,5,325,3,3,4,25,28,7,5,5,4,34,1,12,1
"ita",5,1,2,5,3,4,1,5,5,4,5,45,1,4,3,15,15,3,2,8,4,32,1,13,1
"uk",3,2,2,5,4,5,2,5,4,4,4,425,3,3,4,2,22,6,2,4,1,38,1,13,1
"ita",4,2,2,5,3,3,2,4,4,5,4,475,2,3,4,125,3,5,5,7,7,53,2,16,2
"uk",4,2,2,5,3,4,1,4,4,5,4,325,3,3,3,15,21,4,5,5,6,51,2,18,2
"za",5,3,2,5,4,5,1,4,3,5,5,225,1,5,3,2,25,2,4,7,6,23,1,17,1
"uk",2,3,2,2,2,3,4,3,1,4,4,1,2,1,5,275,39,7,3,6,9,51,1,14,1
"za",5,1,1,5,3,3,2,4,4,2,5,1,3,5,3,1,23,5,4,7,6,26,1,12,1
"uk",4,2,1,4,1,1,2,4,1,5,1,4,2,4,3,225,24,2,4,5,7,42,1,14,1
"ita",5,1,1,5,4,5,1,4,4,3,5,15,2,3,4,2,2,4,4,4,2,19,2,14,2
"za",4,4,3,5,5,5,1,4,3,3,5,45,1,3,4,225,32,3,2,5,5,31,1,26,1
"uk",4,3,2,5,3,4,2,4,3,4,4,35,2,4,3,125,26,3,2,3,5,27,2,17,2
"za",5,3,2,5,4,5,1,5,5,2,4,3,1,2,3,1,24,5,2,5,3,29,1,18,1
"za",4,4,1,5,1,5,4,4,4,2,4,NA,1,4,5,15,37,2,1,6,6,25,1,15,1
"uk",5,3,1,5,2,3,2,4,4,5,5,375,2,5,3,3,24,5,7,7,6,32,1,10,1
"ita",4,3,2,3,4,2,1,4,5,5,3,325,2,3,4,225,27,6,4,6,6,20,1,14,1
"za",3,3,1,5,4,5,1,3,4,2,3,35,3,4,4,125,29,5,3,5,4,21,2,15,2
"uk",4,1,2,5,3,3,2,4,3,5,3,325,3,3,3,125,25,4,2,3,7,27,2,12,2
"za",5,4,4,5,4,5,1,5,5,2,5,3,1,5,5,1,26,6,2,5,3,23,1,17,1
"uk",3,3,3,3,1,1,2,4,4,4,5,3,1,3,3,2,24,3,2,7,4,55,2,14,2
"uk",4,2,3,3,1,3,2,3,1,5,4,35,3,1,3,225,28,3,2,3,4,57,1,12,1
"za",4,2,2,4,2,3,2,3,2,1,3,NA,1,1,2,1,3,2,3,5,3,22,2,15,2
"uk",4,3,3,5,1,4,2,3,1,4,5,1,3,3,4,25,34,7,4,7,11,61,1,18,1
"uk",3,3,2,4,3,3,2,4,3,3,4,325,4,3,2,275,35,3,3,6,9,37,2,16,2
"uk",5,1,1,5,5,5,1,5,5,4,5,325,4,5,2,15,11,3,4,6,4,59,1,17,1
"ita",4,3,2,5,4,4,5,4,1,4,5,375,3,3,4,15,32,7,7,7,4,55,2,20,2
"uk",3,3,2,3,2,3,3,3,3,4,4,35,3,2,3,35,31,7,3,6,6,51,1,12,1
"uk",5,2,1,5,4,3,1,5,5,5,5,1,1,3,4,1,22,6,2,5,6,34,1,15,1
"za",5,3,1,5,3,5,1,5,4,2,2,1,1,4,3,1,24,3,2,2,11,27,1,14,1
"ita",5,3,2,5,5,5,1,5,3,5,4,35,1,5,4,1,12,7,3,6,1,25,1,19,1
"uk",4,1,2,5,5,5,1,5,5,5,5,375,2,4,2,1,14,2,5,6,1,35,2,18,2
"ita",4,2,2,4,4,5,2,3,3,4,5,NA,5,4,4,25,3,7,7,6,3,23,2,16,2
"uk",4,3,2,5,3,5,2,4,3,4,5,175,5,4,4,2,29,3,3,7,6,32,1,18,1
"uk",5,1,1,5,4,5,1,4,4,5,4,3,4,4,2,125,13,4,3,5,2,56,1,12,1
"uk",4,3,2,5,4,3,3,4,4,3,4,35,2,3,4,175,26,4,1,5,6,39,2,15,2
"ita",4,3,2,5,3,4,2,4,4,4,5,NA,4,2,3,275,32,5,7,7,3,23,2,18,2
"za",4,3,2,5,2,3,2,3,3,3,3,35,1,5,4,2,28,3,2,3,6,31,2,16,2
"uk",4,3,3,4,3,3,3,4,4,4,4,35,1,2,3,15,28,5,2,4,4,30,1,13,1
"ita",3,1,1,4,1,3,2,4,4,5,2,375,4,2,2,225,13,5,5,7,6,22,1,18,1
"za",4,4,4,4,5,4,3,4,4,3,5,425,1,4,4,125,23,3,2,6,8,22,2,17,2
"uk",4,2,2,4,2,3,2,4,2,5,3,3,1,4,3,15,32,4,2,3,8,59,2,12,2
"za",4,2,2,4,5,4,1,5,4,2,4,425,1,4,3,1,26,4,1,5,1,22,2,17,2
"ita",4,3,4,4,4,4,2,4,3,3,5,325,2,3,4,275,24,6,5,7,4,20,2,17,2
"uk",2,4,3,4,2,4,2,4,5,5,5,5,1,3,3,325,29,7,2,3,9,42,1,20,1
"ita",4,2,2,5,3,5,1,5,3,5,5,275,1,3,4,2,22,2,2,5,5,28,1,16,1
"za",5,2,3,5,2,4,1,4,5,1,4,175,1,3,2,2,15,7,4,6,3,25,1,20,1
"za",5,3,2,5,4,5,2,4,3,3,5,45,1,5,4,275,31,6,2,2,6,20,1,16,1
"ita",4,3,4,4,3,5,3,4,3,5,5,4,3,5,4,2,23,7,7,6,6,26,2,24,2
"ita",4,4,3,4,3,4,2,4,4,4,5,4,5,4,4,225,33,7,7,7,5,23,2,16,2
"za",4,3,3,5,3,5,1,4,3,3,5,1,1,5,4,15,25,4,1,5,4,36,1,20,1
"uk",5,3,3,4,2,4,2,3,3,5,5,275,4,3,4,125,25,7,5,7,6,56,1,15,1
"uk",4,4,3,5,5,5,4,5,4,5,3,35,3,3,5,1,3,6,3,7,1,70,2,20,2
"za",5,5,3,5,5,5,2,4,3,2,5,25,2,5,5,1,2,1,4,6,7,23,1,14,1
"uk",5,1,2,5,1,5,3,4,3,3,5,325,2,4,3,1,21,5,2,5,7,64,2,11,2
"za",4,3,1,5,3,5,2,5,4,3,5,NA,3,4,4,1,27,2,3,4,11,31,2,18,2
"uk",4,1,2,5,5,3,5,4,3,4,3,4,3,2,3,1,2,4,3,6,3,41,2,17,2
"ita",5,1,1,4,3,4,2,4,4,4,5,NA,3,4,2,2,16,6,2,6,5,25,1,21,1
"uk",5,1,1,5,1,4,1,5,5,4,4,2,1,5,3,175,18,2,2,3,1,45,1,17,1
"uk",4,2,3,5,4,4,2,5,4,5,4,325,3,3,3,1,25,4,4,4,3,33,1,16,1
"za",5,2,1,5,5,5,1,5,4,1,5,1,3,4,4,15,17,4,5,6,1,24,2,18,2
"ita",5,1,1,5,3,5,1,5,4,4,5,NA,2,4,3,3,17,5,5,7,2,32,1,18,1
"ita",5,2,2,5,4,3,1,5,4,5,5,275,2,4,4,1,15,4,4,6,1,21,2,15,2
"za",5,3,2,5,4,4,2,4,3,3,3,125,1,4,2,25,19,3,1,5,7,25,2,16,2
"uk",4,2,2,5,2,3,2,3,4,4,4,3,2,4,2,125,25,1,2,3,6,59,2,17,2
"uk",4,3,4,4,1,3,3,4,3,4,4,325,1,3,3,2,23,3,5,6,8,23,2,17,2
"uk",3,3,2,5,3,4,1,4,4,5,5,1,2,3,4,225,29,2,4,8,7,27,1,23,1
"uk",4,2,2,5,3,4,1,3,3,1,4,25,3,3,2,225,15,5,3,7,10,37,2,18,2
"za",4,2,1,5,5,5,2,5,5,3,4,NA,1,5,4,175,25,2,2,5,5,20,1,15,1
"za",5,1,2,5,4,4,1,5,5,3,5,NA,3,5,3,1,13,5,2,7,3,19,1,13,1
"uk",4,3,2,4,3,5,3,3,3,3,5,175,3,4,3,15,28,5,3,3,5,30,2,16,2
"za",5,2,1,5,5,5,1,5,4,1,4,325,1,4,2,1,2,5,2,2,5,23,2,18,2
"uk",4,2,2,5,5,3,2,4,4,4,4,3,3,4,4,225,26,4,2,3,8,35,1,15,1
"ita",5,1,2,5,5,5,1,5,5,4,5,2,2,3,2,125,1,5,2,7,1,32,2,12,2
"ita",4,2,1,5,4,4,1,4,4,3,5,35,2,3,4,2,27,3,7,4,5,22,2,18,2
"uk",4,2,3,5,3,4,2,4,3,4,4,325,2,4,3,15,26,6,4,7,6,18,1,14,1
"uk",3,2,3,5,1,4,2,4,1,4,5,35,1,3,3,15,29,5,3,7,4,30,1,16,1
"ita",3,2,1,5,4,4,2,4,3,4,5,375,3,4,4,175,19,4,5,5,5,27,2,14,2
"za",5,1,1,5,2,4,2,4,4,2,5,1,4,4,4,1,22,4,4,5,4,22,2,15,2
"ita",4,2,1,5,4,4,2,3,3,4,4,375,3,3,4,1,28,4,3,6,6,24,1,18,1
"uk",5,3,1,5,5,5,1,5,5,3,4,35,4,5,4,1,16,7,4,7,4,53,1,24,1
"za",5,2,2,5,1,5,1,3,3,2,4,1,3,4,4,25,19,6,3,7,1,31,2,17,2
"ita",5,2,1,4,4,3,2,5,4,3,4,175,3,3,3,1,12,3,5,7,4,30,2,18,2
"za",5,2,1,5,5,5,3,5,5,1,5,NA,1,4,4,1,17,6,3,5,7,33,1,15,1
"uk",4,2,2,5,5,4,2,4,3,5,5,45,4,4,3,25,31,3,4,6,6,35,1,13,1
"uk",5,2,1,5,4,3,1,4,4,5,5,1,2,4,3,1,17,2,5,6,3,33,1,18,1
"uk",4,1,1,5,5,5,1,5,4,5,5,4,4,4,2,1,21,2,5,6,3,70,2,18,2
"za",4,3,3,4,4,5,1,5,4,2,5,45,2,5,3,15,27,3,2,3,7,27,2,15,2
"uk",3,2,3,3,2,3,3,2,3,5,5,325,3,2,3,3,3,1,2,3,4,25,2,25,2
"ita",5,2,1,5,5,5,2,5,4,1,5,NA,3,4,3,1,22,5,6,5,7,24,2,16,2
"ita",3,3,2,5,2,4,2,5,3,4,4,35,2,2,2,275,34,5,3,6,1,24,1,15,1
"ita",4,3,2,5,4,4,1,5,4,4,4,NA,2,4,3,1,31,6,6,7,4,25,2,17,2
"za",3,4,2,4,2,4,2,5,3,2,5,35,1,4,3,175,24,5,2,5,5,24,1,17,1
"ita",4,1,1,5,3,4,2,4,4,5,5,225,1,3,3,1,14,4,6,5,1,27,2,23,2
"za",5,4,3,5,4,5,3,2,5,3,4,175,3,5,4,125,35,5,7,4,9,22,2,17,2
"ita",4,3,2,4,2,3,2,4,3,4,4,NA,3,3,3,25,26,4,4,7,5,25,2,14,2
"ita",4,2,1,5,3,4,1,4,3,5,4,325,4,3,3,2,23,5,3,6,4,24,2,17,2
"uk",2,4,2,4,4,3,2,3,3,4,3,325,3,1,3,2,23,5,2,3,2,33,1,12,1
"za",4,2,2,5,3,5,1,5,4,2,4,NA,2,5,4,2,28,2,4,2,5,22,1,16,1
"ita",4,2,2,5,2,5,1,1,3,5,5,25,1,3,4,225,26,3,2,4,6,22,1,18,1
"ita",4,2,3,4,3,4,2,4,3,1,4,35,3,4,3,175,29,6,4,6,4,32,1,18,1
"ita",5,2,2,5,4,3,2,4,2,4,5,375,3,3,3,125,27,5,5,6,6,23,2,16,2
"za",4,3,2,5,3,5,1,5,5,2,5,NA,2,5,4,2,28,5,4,5,11,33,1,20,1
"uk",4,2,1,5,4,5,2,4,4,4,4,1,2,5,3,1,24,2,4,7,9,28,3,16,3
"za",5,3,1,5,3,5,1,5,2,3,1,1,1,4,3,1,26,4,2,3,7,23,3,6,3
"ita",5,1,1,5,2,4,1,4,3,3,5,4,2,4,3,225,16,2,2,5,3,36,1,14,1
"uk",4,3,3,4,1,4,3,2,1,4,2,1,1,3,5,475,33,7,4,8,9,42,1,18,1
"ita",5,2,1,5,5,5,2,5,5,5,5,375,3,5,3,1,23,6,3,7,4,37,1,16,1
"ita",4,2,1,4,2,3,2,3,3,1,5,NA,4,4,2,15,22,5,3,8,3,22,2,16,2
"ita",5,2,2,5,3,5,1,4,4,4,3,NA,2,4,2,225,19,3,3,3,8,37,1,7,1
"uk",2,3,2,4,2,2,2,4,3,3,5,375,3,3,4,15,2,4,3,4,7,45,1,11,1
"ita",4,1,2,5,5,5,2,4,4,3,4,5,2,4,3,175,32,4,2,6,6,24,2,18,2
"ita",4,3,2,4,2,3,3,4,1,4,4,375,3,3,4,15,28,2,3,7,3,42,1,22,1
"uk",5,1,2,5,1,5,1,4,1,5,5,1,3,3,2,275,2,3,3,3,3,65,1,15,1
"za",5,4,4,5,1,5,1,5,4,1,5,275,1,5,1,125,17,1,1,4,8,23,1,8,1
"ita",5,1,1,5,5,5,1,4,4,3,4,NA,3,4,3,225,3,5,5,6,3,25,1,19,1
"za",5,3,1,5,5,5,1,5,4,3,3,35,3,5,4,1,14,3,3,4,1,30,2,16,2
"ita",4,2,1,5,4,5,1,5,4,5,5,3,1,4,3,175,28,4,5,5,3,26,1,17,1
"uk",4,2,2,5,4,3,2,3,2,5,5,275,3,2,3,225,32,4,2,8,6,57,1,16,1
"za",4,4,1,5,4,3,3,3,4,3,5,35,1,4,3,175,25,2,2,6,3,38,1,18,1
"uk",5,2,2,5,5,5,1,4,3,5,3,375,1,5,2,1,27,5,2,3,7,43,2,22,2
"za",4,1,1,5,3,5,1,5,3,2,5,5,3,3,1,1,22,5,3,7,7,29,2,19,2
"uk",4,2,3,4,4,5,2,2,4,4,5,35,3,4,4,1,31,7,7,8,7,42,2,19,2
"ita",5,2,2,5,4,4,5,3,3,5,1,1,2,5,4,325,29,5,6,7,7,28,1,19,1
"uk",4,2,1,5,4,4,1,5,3,3,5,325,3,4,3,125,18,2,3,7,3,57,1,16,1
"za",5,2,2,5,5,5,1,5,4,3,5,175,2,5,4,2,12,4,2,5,6,20,2,11,2
"ita",4,2,2,4,2,3,2,4,2,5,4,3,3,4,4,125,25,4,4,4,4,30,2,24,2
"ita",4,2,2,5,4,4,1,4,3,5,5,3,3,3,2,125,2,4,4,6,3,30,1,18,1
"ita",5,1,2,5,5,5,1,5,5,4,5,4,3,3,2,15,11,4,3,4,1,20,1,15,1
"uk",4,2,3,4,3,2,2,2,3,5,4,35,2,4,3,2,26,5,4,6,5,27,2,15,2
"za",5,4,2,5,5,5,2,3,5,3,5,175,1,5,4,225,28,7,2,5,6,30,1,19,1
"uk",4,2,4,5,3,4,1,3,4,5,5,1,1,4,3,15,27,3,1,6,6,36,1,16,1
"za",5,4,3,5,5,5,1,5,4,3,5,2,1,5,4,2,36,5,3,4,4,37,2,16,2
"za",5,2,1,5,5,5,1,5,5,3,5,275,2,5,4,1,23,6,3,7,5,40,1,3,1
"ita",5,1,1,4,4,4,1,4,4,4,5,NA,2,3,3,1,17,4,5,7,3,20,2,17,2
"ita",4,1,1,4,3,4,3,4,4,4,5,NA,2,4,2,15,27,3,4,7,1,19,2,12,2
"za",5,2,2,5,4,5,1,5,5,3,5,3,1,5,3,2,21,4,7,5,3,32,1,20,1
"za",4,2,2,4,3,5,2,4,3,1,4,325,4,5,4,25,33,4,3,7,9,24,1,17,1
"ita",4,4,1,3,3,4,2,4,3,3,4,4,4,4,4,1,23,3,6,5,3,24,1,18,1
"uk",5,1,3,5,4,5,1,4,4,5,5,325,4,4,3,1,16,3,5,6,1,59,1,17,1
"za",4,3,2,5,3,5,1,5,3,3,4,NA,2,4,4,175,18,2,7,5,3,20,2,14,2
"za",5,4,4,5,1,5,1,5,5,2,5,1,1,5,3,15,26,4,1,5,6,23,2,15,2
"za",5,2,2,5,1,5,1,3,3,3,5,225,2,5,3,125,17,4,3,4,1,24,1,15,1
"ita",3,2,1,5,1,5,1,5,3,1,5,35,2,2,2,275,36,7,7,5,3,24,1,17,1
"za",3,5,2,5,3,4,3,3,4,3,4,425,3,3,4,125,33,1,1,6,7,59,2,11,2
"za",5,4,2,5,5,5,1,3,3,5,5,325,1,5,5,3,16,6,4,6,1,26,2,13,2
"ita",4,3,3,4,4,5,2,5,3,3,3,NA,4,4,4,275,21,7,4,4,4,19,2,14,2
"ita",4,2,1,4,3,3,2,5,4,2,4,4,2,3,4,225,29,4,4,3,3,26,1,19,1
"uk",5,2,1,5,5,5,1,5,4,5,3,35,2,5,2,1,16,1,1,2,2,32,1,16,1
"za",5,4,1,5,5,5,1,5,4,3,5,NA,1,5,5,1,33,7,3,5,3,23,1,18,1
"uk",4,2,3,5,4,4,3,4,3,3,4,325,4,4,3,15,28,2,5,6,8,31,1,13,1
"za",5,3,2,5,5,5,1,5,4,4,3,225,1,5,4,1,27,3,4,6,1,22,2,15,2
"za",4,4,1,5,4,4,3,3,3,3,2,1,2,4,3,325,41,7,3,7,11,51,1,17,1
"ita",5,2,1,5,5,5,2,4,4,4,4,4,3,4,3,175,26,4,5,5,5,19,2,14,2
"za",5,2,4,5,5,5,2,4,4,2,5,1,2,5,4,275,27,6,4,8,9,24,1,16,1
"za",4,4,4,4,4,4,2,3,3,3,5,3,1,5,3,225,28,1,1,6,5,23,1,15,1
"ita",5,2,4,5,1,5,1,5,4,4,5,35,2,5,3,1,2,2,4,6,1,24,1,14,1
"za",4,4,1,5,4,3,1,5,5,3,4,35,2,5,3,1,28,4,3,5,4,31,1,22,1
"ita",5,2,1,4,3,3,1,5,5,3,4,1,3,3,4,1,19,5,5,7,5,29,2,19,2
"za",4,4,1,4,2,5,2,4,4,2,4,NA,1,5,4,1,25,4,2,2,6,20,1,14,1
