"","country","ccias.rich","ccias.poor","ccias.fatal","Between.Inequality.Wide","Between.Redistribution","Between.Migration","Between.Fairness","Moralization","Moral.Outrage","Position.Own.Country","General.Trust.Inst","trust.institution","Horizontal.Trust","zero.sum","meritocracy","social.dominance","eco.system.just","identif.country","identif.world","subjective.ses","Pol.Orientation","Age","Gender","Education","Gender_fac"
"1","za",2,4,1,5,1,1,4,1,1,2,1,1,1,1,4,15,19,5,1,5,7,32,2,18,2
"2","za",4,4,3,5,4,5,3,4,4,2,5,425,3,4,5,3,27,6,4,3,7,20,1,14,1
"3","uk",3,2,2,3,2,4,2,4,3,5,3,275,4,2,3,35,27,4,2,5,6,33,1,12,1
"4","za",5,4,4,5,4,5,1,5,5,1,5,NA,1,5,5,1,26,4,2,3,6,22,1,18,1
"5","uk",5,2,1,5,5,5,1,4,4,5,3,3,3,4,3,15,14,4,3,3,4,53,2,18,2
"6","za",4,3,4,4,5,4,1,4,4,4,5,45,2,4,5,125,32,4,1,6,8,22,1,18,1
"7","za",5,1,1,5,2,4,1,5,5,2,5,1,3,4,3,1,23,7,3,5,11,25,1,17,1
"8","ita",5,1,1,5,5,5,1,5,4,1,5,325,3,3,3,125,1,3,6,6,1,26,1,17,1
"9","uk",4,2,3,4,4,4,2,4,3,4,4,45,3,3,3,2,22,6,3,7,4,50,1,17,1
"10","za",5,2,2,4,5,3,2,4,5,3,5,NA,3,5,4,175,2,6,3,4,3,20,2,14,2
"11","ita",4,2,1,5,5,5,1,5,5,3,5,NA,3,3,2,275,17,3,2,4,10,36,2,14,2
"12","za",5,5,3,5,2,2,3,4,4,3,5,175,1,5,5,275,32,1,1,7,8,33,2,3,2
"13","ita",4,1,2,5,3,5,2,5,4,4,4,3,2,4,2,175,19,3,5,7,3,26,1,18,1
"14","za",5,2,1,5,4,5,3,4,3,2,1,1,1,4,4,15,26,3,2,2,7,27,1,24,1
"15","uk",3,3,2,2,3,3,2,3,2,3,2,375,3,3,3,225,3,5,5,6,6,33,2,23,2
"16","ita",5,1,3,5,4,5,2,5,3,4,5,NA,4,4,3,125,17,6,5,6,3,20,2,15,2
"17","uk",3,2,1,5,4,5,1,4,3,1,3,45,4,3,2,225,24,2,5,7,4,45,1,18,1
"18","za",4,2,1,5,4,5,2,4,4,2,5,3,2,4,3,1,18,2,4,3,3,28,1,16,1
"19","uk",4,3,3,5,1,1,2,3,3,5,4,3,3,3,4,15,26,2,1,3,6,59,2,12,2
"20","uk",4,1,1,5,4,4,2,4,3,4,4,375,4,4,2,175,2,3,3,6,3,51,2,24,2
"21","za",4,3,4,4,5,4,1,4,4,4,5,45,2,4,5,125,32,4,1,6,8,22,1,18,1
"22","ita",4,2,1,5,3,4,2,5,4,3,4,325,3,4,3,125,17,2,4,3,4,22,2,16,2
"23","uk",5,3,3,4,1,3,1,4,1,5,3,1,2,5,4,3,28,3,2,5,6,27,1,10,1
"24","uk",4,3,2,5,3,4,1,5,4,4,4,325,1,4,3,125,27,3,1,4,6,18,2,14,2
"25","za",5,3,2,4,5,5,2,4,4,3,5,25,2,3,4,125,25,4,4,7,6,28,2,20,2
"26","uk",5,1,2,5,5,3,1,5,4,5,5,45,4,4,1,1,12,3,7,8,2,59,2,19,2
"27","uk",4,1,1,5,4,4,2,4,3,4,4,375,4,4,2,175,2,3,3,6,3,51,2,24,2
"28","za",4,4,3,5,5,5,5,4,4,3,5,45,1,4,5,1,29,7,3,5,4,29,2,15,2
"29","ita",5,2,2,5,4,5,1,5,4,5,5,35,4,4,4,15,27,5,4,7,4,23,1,18,1
"30","ita",4,2,2,4,2,5,3,3,4,3,5,NA,3,3,3,1,23,3,4,7,3,27,2,20,2
"31","uk",4,2,2,5,3,5,2,4,3,5,5,325,3,5,2,1,2,4,2,3,3,33,1,17,1
"32","ita",4,1,1,5,4,4,1,4,4,5,5,375,5,3,3,1,13,5,4,7,4,22,1,18,1
"33","ita",5,1,2,5,5,3,2,4,4,3,5,375,2,5,3,125,13,3,4,5,1,23,2,18,2
"34","uk",4,3,2,5,3,4,1,5,4,4,4,325,1,4,3,125,27,3,1,4,6,18,2,14,2
"35","ita",4,2,2,5,3,4,2,4,4,5,4,4,3,4,3,35,31,2,5,8,4,23,1,15,1
"36","uk",4,1,2,5,5,5,1,5,4,4,5,325,3,4,2,1,18,3,4,6,3,35,2,17,2
"37","uk",3,3,2,3,1,2,3,3,1,5,5,3,2,2,4,375,42,7,4,6,8,54,1,16,1
"38","uk",4,3,2,5,3,4,2,4,3,5,5,325,3,3,4,1,21,7,6,4,5,42,1,21,1
"39","za",5,2,1,5,5,5,1,5,5,3,2,275,3,3,4,1,22,5,2,3,3,28,2,22,2
"40","uk",5,1,1,5,5,5,1,5,5,4,5,325,3,5,3,1,12,2,2,4,1,24,2,14,2
"41","uk",4,1,2,5,3,3,2,4,4,5,5,35,3,3,2,125,21,3,2,6,4,35,2,17,2
"42","za",5,3,2,5,4,3,1,3,3,2,4,275,2,5,4,2,22,3,4,6,6,22,1,16,1
"43","ita",4,2,2,5,3,4,1,4,4,5,4,325,4,4,4,1,24,3,5,4,6,23,1,16,1
"44","za",5,3,1,5,3,4,1,3,4,1,2,1,1,5,2,125,14,1,2,5,1,27,2,15,2
"45","ita",5,1,1,5,5,5,1,5,5,4,5,375,2,5,1,1,1,6,5,6,2,24,2,18,2
"46","uk",4,1,1,4,3,5,2,4,3,5,5,325,4,4,4,1,11,4,5,4,3,42,1,17,1
"47","za",5,3,1,5,2,5,2,4,4,1,5,475,1,4,4,125,15,7,2,3,8,24,1,17,1
"48","uk",4,2,3,3,2,4,3,3,3,4,4,2,1,3,4,175,26,4,2,4,5,36,2,12,2
"49","ita",4,2,2,5,1,5,2,4,4,3,5,3,3,4,3,15,22,3,5,7,7,27,1,23,1
"50","ita",5,3,3,5,2,4,1,4,5,4,4,225,3,3,3,25,24,4,3,6,4,24,1,17,1
"51","ita",4,2,1,4,1,1,2,3,3,4,1,1,3,4,2,225,19,5,7,7,6,41,1,12,1
"52","uk",4,2,2,4,3,4,2,3,3,4,3,325,3,3,3,15,25,4,3,6,6,41,2,19,2
"53","uk",4,1,2,5,3,3,2,4,4,5,5,35,3,3,2,125,21,3,2,6,4,35,2,17,2
"54","ita",5,1,1,5,3,4,1,5,2,5,5,35,3,3,2,1,13,5,4,9,2,37,1,18,1
"55","za",5,3,2,5,4,4,2,5,4,3,5,25,1,5,3,1,23,5,4,6,8,29,2,15,2
"56","ita",3,3,2,4,4,3,2,4,3,4,5,25,3,3,4,175,21,6,6,8,5,54,1,19,1
"57","ita",3,3,1,3,1,2,3,3,2,4,3,325,2,3,2,3,22,2,2,3,4,20,1,15,1
"58","za",4,2,3,5,5,5,4,3,4,3,5,325,1,4,4,325,29,3,1,4,6,22,1,15,1
"59","za",4,4,2,5,4,3,3,3,4,1,4,25,3,4,4,2,29,2,1,4,8,26,2,12,2
"60","uk",5,1,1,4,5,5,2,5,2,4,4,325,3,4,3,15,21,2,2,5,3,26,2,10,2
"61","ita",4,2,1,5,4,5,1,5,4,5,5,45,4,2,3,15,16,5,6,7,4,23,1,18,1
"62","uk",4,2,2,4,3,4,2,4,4,4,4,3,4,3,3,2,23,5,3,6,5,31,2,20,2
"63","za",4,4,4,4,4,4,2,4,4,2,4,NA,1,4,4,15,28,2,1,5,4,26,1,15,1
"64","za",5,4,4,5,1,5,1,3,3,2,5,NA,1,5,4,1,28,1,1,3,11,21,1,15,1
"65","ita",3,3,3,3,4,4,3,3,3,4,4,35,3,2,3,3,29,2,4,6,6,24,2,23,2
"66","uk",4,1,2,5,3,4,1,4,3,5,3,3,4,4,2,225,18,4,4,5,4,32,2,15,2
"67","ita",4,3,1,5,4,3,2,4,3,3,4,NA,2,3,3,225,27,4,3,7,3,24,2,19,2
"68","za",5,3,1,5,3,5,1,5,4,2,3,25,3,4,4,1,2,5,5,5,3,29,2,17,2
"69","za",5,3,2,5,4,5,2,5,4,3,5,NA,3,2,3,2,17,4,3,6,3,26,1,20,1
"70","ita",3,1,3,4,2,3,2,3,2,4,5,NA,2,3,4,225,32,3,4,6,2,19,1,14,1
"71","za",5,4,3,5,4,5,2,5,4,2,5,1,3,3,4,15,29,7,5,3,3,31,1,18,1
"72","uk",5,3,2,2,1,3,5,4,1,5,5,425,2,4,4,175,28,1,1,4,7,52,1,12,1
"73","ita",5,2,1,5,5,5,2,5,4,5,5,35,3,5,3,1,22,6,5,7,2,20,1,14,1
"74","ita",3,3,2,4,3,4,2,4,4,5,3,NA,2,3,3,225,28,2,3,4,5,31,1,19,1
"75","uk",4,1,2,5,5,5,1,5,4,4,5,325,3,4,2,1,18,3,4,6,3,35,2,17,2
"76","ita",5,2,2,5,4,4,1,5,4,4,5,275,3,3,3,1,2,5,4,6,1,22,2,19,2
"77","za",5,2,1,5,5,5,1,5,5,5,4,1,5,5,3,1,17,1,3,5,6,31,1,16,1
"78","ita",5,2,1,5,3,4,1,5,4,4,3,15,1,2,3,1,18,6,3,4,3,32,2,13,2
"79","za",4,3,2,5,4,4,2,4,4,2,4,NA,1,4,3,2,3,2,2,5,8,31,2,14,2
"80","uk",4,1,2,5,5,5,1,4,3,5,5,375,3,3,2,125,13,4,6,7,4,33,2,15,2
"81","uk",3,2,1,4,3,3,2,3,3,4,5,325,2,3,2,125,19,3,4,6,4,33,2,16,2
"82","za",4,3,4,4,5,5,2,3,3,2,5,325,1,5,4,275,29,4,2,6,3,35,2,13,2
"83","za",5,3,1,5,1,5,5,5,5,2,5,NA,3,3,4,125,13,7,4,5,6,26,1,15,1
"84","za",5,3,3,4,4,4,2,4,4,2,3,3,1,5,4,275,3,3,2,3,6,40,2,18,2
"85","za",4,3,2,5,3,5,2,4,3,3,5,1,2,5,4,15,15,4,7,5,11,19,1,12,1
"86","za",4,3,1,5,2,4,2,4,4,2,4,NA,1,4,4,225,21,3,4,7,4,20,1,15,1
"87","ita",3,3,2,5,5,5,3,5,5,1,4,275,4,3,3,2,32,4,2,3,3,40,1,18,1
"88","za",5,2,1,3,2,5,3,2,5,3,5,5,1,5,3,275,26,5,3,4,9,19,2,3,2
"89","uk",5,3,3,4,1,3,1,4,1,5,3,1,2,5,4,3,28,3,2,5,6,27,1,10,1
"90","za",5,3,3,5,4,5,1,3,3,3,5,NA,4,4,4,1,21,7,5,4,5,24,1,17,1
"91","ita",5,3,2,5,5,5,1,5,5,4,5,NA,3,5,4,1,18,3,5,4,6,22,2,16,2
"92","za",5,3,2,5,4,4,2,3,3,3,3,225,4,4,3,3,29,5,4,4,6,31,1,14,1
"93","uk",5,2,3,5,4,3,2,4,2,5,5,5,3,3,3,125,18,4,5,7,7,67,2,19,2
"94","za",4,3,3,5,4,4,2,4,4,2,5,5,3,4,5,125,28,4,3,7,3,65,2,12,2
"95","za",4,2,2,4,5,4,1,4,5,3,5,425,2,3,4,1,2,3,2,6,3,24,2,17,2
"96","za",4,2,2,4,5,4,1,4,5,3,5,425,2,3,4,1,2,3,2,6,3,24,2,17,2
"97","uk",3,2,1,4,3,3,2,3,3,4,5,325,2,3,2,125,19,3,4,6,4,33,2,16,2
"98","ita",5,2,2,5,2,3,2,4,3,5,5,NA,3,3,3,1,18,6,3,6,4,28,1,25,1
"99","ita",4,2,1,5,3,4,2,5,4,3,4,325,3,4,3,125,17,2,4,3,4,22,2,16,2
"100","za",5,3,1,5,3,4,2,4,4,3,5,375,2,4,3,125,22,5,3,7,6,28,2,18,2
"101","ita",4,3,3,5,4,4,2,5,4,4,5,45,3,2,4,1,22,7,7,6,6,48,1,13,1
"102","uk",5,1,2,5,4,5,1,5,5,5,5,275,4,5,4,1,19,4,4,6,5,30,2,17,2
"103","uk",3,2,3,4,3,4,2,4,3,5,5,45,3,2,3,15,27,5,3,5,4,61,1,16,1
"104","za",5,3,2,5,4,5,2,5,4,3,5,325,4,4,4,1,2,6,4,6,5,24,1,16,1
"105","uk",4,3,2,5,5,2,2,4,3,2,4,325,3,3,4,2,37,7,1,4,6,46,2,11,2
"106","uk",4,1,1,5,5,5,1,5,3,5,5,35,4,2,2,125,14,4,5,8,4,70,2,18,2
"107","uk",4,2,3,4,3,4,2,4,3,4,4,325,1,2,3,1,3,7,4,6,4,20,2,15,2
"108","ita",3,3,2,4,3,4,2,4,4,5,3,NA,2,3,3,225,28,2,3,4,5,31,1,19,1
"109","uk",4,1,1,5,5,5,1,5,4,5,5,325,3,3,1,1,15,2,4,7,2,44,2,24,2
"110","za",4,3,1,5,2,5,1,4,3,3,4,35,3,3,3,125,22,5,3,6,4,39,2,17,2
"111","ita",4,1,1,5,5,5,5,5,5,3,5,45,4,4,3,1,19,7,7,8,4,45,2,13,2
"112","ita",5,1,1,4,4,4,1,5,4,3,5,NA,1,5,3,15,24,4,4,5,1,19,2,15,2
"113","za",4,3,4,4,5,4,1,4,4,4,5,45,2,4,5,125,32,4,1,6,8,22,1,18,1
"114","za",4,4,1,5,4,5,5,4,4,3,5,45,1,3,4,1,2,7,7,4,7,22,2,17,2
"115","za",5,4,2,5,5,5,1,4,3,3,5,175,2,5,5,275,31,3,5,7,5,24,1,18,1
"116","uk",4,3,2,5,4,4,2,5,4,5,4,35,4,3,3,1,17,3,4,7,3,30,1,18,1
"117","ita",5,2,1,5,5,5,1,5,3,3,4,NA,2,4,3,175,16,3,5,6,4,21,1,11,1
"118","za",4,2,1,5,5,5,5,5,3,3,5,3,1,5,3,1,17,2,2,5,6,30,2,15,2
"119","uk",2,3,2,2,1,2,3,3,1,4,3,425,3,1,5,275,39,7,4,7,9,30,1,18,1
"120","za",5,2,2,5,5,5,1,5,5,2,1,1,2,5,3,1,25,4,2,3,6,32,2,16,2
"121","za",5,2,3,5,2,4,2,4,5,1,4,NA,1,2,3,1,24,4,3,4,3,22,2,15,2
"122","uk",3,2,3,3,1,1,3,3,3,5,1,1,3,3,3,225,32,5,3,7,9,63,1,14,1
"123","uk",3,4,2,3,3,3,2,3,3,4,3,325,3,2,4,225,3,5,4,5,6,38,1,11,1
"124","ita",5,2,2,5,4,4,2,5,4,4,4,NA,3,4,2,15,21,5,4,7,6,29,2,18,2
"125","za",4,3,4,4,5,4,1,4,4,4,5,45,2,4,5,125,32,4,1,6,8,22,1,18,1
"126","za",5,5,1,5,5,5,2,3,3,3,5,4,2,5,5,125,22,4,4,5,4,33,1,15,1
"127","za",5,3,3,5,5,5,1,5,4,1,4,325,1,4,3,225,21,4,4,6,11,24,2,17,2
"128","za",4,3,1,5,2,5,1,4,3,3,4,35,3,3,3,125,22,5,3,6,4,39,2,17,2
"129","za",4,4,2,5,3,3,1,4,4,3,2,25,2,3,3,125,2,1,2,3,7,42,2,15,2
"130","za",3,3,3,2,1,5,3,3,3,2,3,3,3,1,3,25,31,1,1,5,6,20,1,16,1
"131","za",5,3,2,5,4,4,2,5,4,3,5,25,1,5,3,1,23,5,4,6,8,29,2,15,2
"132","za",4,4,4,4,4,4,2,4,4,2,4,NA,1,4,4,15,28,2,1,5,4,26,1,15,1
"133","uk",4,2,2,5,3,4,2,4,3,4,4,325,2,4,3,15,17,3,2,6,3,33,1,13,1
"134","uk",4,3,3,4,3,4,2,4,4,4,5,35,3,4,3,225,28,4,5,5,8,57,1,17,1
"135","za",5,3,4,5,3,5,3,3,1,3,5,NA,1,4,5,175,3,5,2,5,8,28,2,16,2
"136","uk",3,3,1,2,1,2,3,3,1,4,1,275,4,3,4,2,31,5,2,3,5,52,1,11,1
"137","ita",4,3,1,4,3,4,2,5,4,3,4,NA,3,4,3,2,24,5,4,4,3,26,2,20,2
"138","ita",4,2,2,5,2,4,1,4,4,5,5,25,2,3,4,225,2,4,2,7,6,32,1,18,1
"139","uk",4,1,2,4,3,4,3,3,3,3,5,325,1,4,3,175,17,1,1,3,1,23,2,17,2
"140","za",5,2,2,5,2,3,2,4,3,3,4,125,2,4,4,15,21,5,3,7,6,22,1,16,1
"141","ita",3,2,3,5,2,3,2,4,3,4,4,325,2,2,2,125,26,3,4,6,2,24,2,18,2
"142","uk",5,2,3,5,3,3,1,5,4,5,3,325,1,5,4,1,27,6,2,3,6,34,1,13,1
"143","za",4,4,2,5,1,3,5,5,3,3,5,NA,4,3,4,225,22,1,2,6,11,32,2,13,2
"144","ita",3,3,2,2,1,1,3,3,1,4,1,125,2,3,3,3,36,2,3,7,8,35,1,18,1
"145","ita",4,2,2,5,4,5,1,5,4,1,4,4,2,2,3,125,12,4,4,4,3,28,1,18,1
"146","uk",2,3,3,4,1,3,2,3,2,3,3,3,3,2,3,275,32,7,5,6,9,54,1,14,1
"147","za",5,4,1,5,4,5,5,5,5,3,5,25,1,4,4,3,21,2,1,4,3,26,2,19,2
"148","za",5,2,1,5,3,4,1,5,5,2,3,3,3,4,3,15,19,2,2,6,11,49,2,22,2
"149","ita",3,2,5,2,2,5,4,2,1,4,4,375,2,2,4,225,39,5,5,7,8,23,1,17,1
"150","ita",5,2,3,5,1,4,1,5,5,2,5,275,3,4,3,2,17,3,2,5,1,26,1,21,1
"151","za",4,3,2,5,4,4,2,4,4,2,4,NA,1,4,3,2,3,2,2,5,8,31,2,14,2
"152","ita",4,2,1,4,3,4,3,4,3,4,4,25,1,3,3,15,25,2,4,7,4,22,1,16,1
"153","za",5,2,1,5,5,5,1,5,5,3,2,275,3,3,4,1,22,5,2,3,3,28,2,22,2
"154","uk",3,2,2,4,3,3,3,2,2,3,3,35,2,3,3,15,28,6,5,4,6,59,2,11,2
"155","ita",4,2,1,4,1,4,2,3,3,5,4,375,3,2,4,175,27,3,5,6,3,25,1,17,1
"156","ita",4,3,2,4,3,4,3,2,3,3,3,NA,3,3,3,275,35,2,2,6,5,21,1,16,1
"157","ita",5,2,1,5,4,4,5,4,3,5,5,35,4,4,4,175,21,7,5,7,4,28,2,22,2
"158","za",5,2,1,5,5,5,1,5,5,2,4,225,1,5,2,1,23,2,2,3,6,30,2,20,2
"159","uk",5,1,1,5,4,5,1,4,3,4,4,5,3,5,3,125,27,4,2,6,5,32,1,17,1
"160","uk",4,2,2,4,3,5,2,4,3,4,4,325,2,4,3,225,32,6,3,7,4,32,2,18,2
"161","ita",3,4,1,5,2,3,2,4,5,5,5,25,2,1,3,325,13,5,2,6,9,18,1,13,1
"162","za",4,2,2,4,4,5,2,4,4,3,5,425,2,3,3,175,22,3,2,3,11,26,2,16,2
"163","ita",4,2,1,4,1,1,2,3,3,4,1,1,3,4,2,225,19,5,7,7,6,41,1,12,1
"164","uk",5,2,3,5,4,3,2,4,2,5,5,5,3,3,3,125,18,4,5,7,7,67,2,19,2
"165","za",2,4,2,3,2,5,3,4,3,3,3,425,3,2,3,2,27,4,7,7,3,19,1,13,1
"166","uk",5,2,2,5,2,3,2,4,4,4,5,325,3,5,4,1,27,3,4,7,8,36,1,18,1
"167","uk",4,3,3,4,3,4,3,3,2,4,4,325,3,3,4,2,32,2,3,5,6,34,2,11,2
"168","ita",5,1,2,5,3,4,1,5,5,4,4,3,2,4,3,125,16,3,2,5,3,22,2,17,2
"169","uk",4,3,2,5,4,4,2,5,4,5,4,35,4,3,3,1,17,3,4,7,3,30,1,18,1
"170","ita",5,2,2,5,4,4,2,5,4,4,4,NA,3,4,2,15,21,5,4,7,6,29,2,18,2
"171","ita",5,3,3,4,4,5,2,4,4,4,5,NA,2,4,4,325,34,1,6,4,8,23,2,16,2
"172","ita",5,3,2,5,5,5,1,5,5,4,5,NA,3,5,4,1,18,3,5,4,6,22,2,16,2
"173","ita",4,3,2,5,3,4,3,4,4,4,4,275,2,4,3,125,19,5,5,7,7,22,2,17,2
"174","ita",4,2,1,5,5,5,1,5,5,3,5,NA,3,3,2,275,17,3,2,4,10,36,2,14,2
"175","uk",3,2,3,3,1,1,3,3,3,5,1,1,3,3,3,225,32,5,3,7,9,63,1,14,1
"176","uk",3,2,4,4,2,3,2,3,3,4,4,175,2,1,4,225,29,2,1,2,5,43,1,13,1
"177","uk",4,1,1,5,2,5,3,3,3,4,5,45,2,4,3,225,3,4,2,7,6,27,2,17,2
"178","za",5,3,3,4,5,5,1,5,4,4,5,175,1,5,4,2,12,1,1,3,6,25,1,14,1
"179","za",5,3,2,5,2,3,1,4,4,2,4,4,2,4,4,175,29,4,4,6,4,33,2,20,2
"180","uk",5,1,2,5,4,5,2,4,3,5,4,325,4,4,3,175,24,3,2,3,4,22,2,18,2
"181","uk",3,2,1,4,3,3,2,3,3,4,5,325,2,3,2,125,19,3,4,6,4,33,2,16,2
"182","za",5,3,1,5,5,5,5,5,5,3,5,225,1,5,4,1,1,7,2,5,8,36,2,15,2
"183","za",5,3,4,3,4,4,4,4,5,3,5,125,2,5,3,25,22,5,1,7,8,28,1,15,1
"184","uk",3,3,1,4,1,1,3,3,3,4,3,25,3,3,4,125,24,3,2,5,7,56,1,13,1
"185","ita",4,2,1,4,2,4,2,4,3,4,3,325,2,4,3,15,21,5,4,7,4,21,1,16,1
"186","za",5,2,2,5,4,5,4,3,4,3,5,5,3,4,4,2,16,7,6,4,2,34,1,15,1
"187","ita",3,1,2,5,4,3,2,4,3,5,2,NA,3,2,2,175,13,4,5,5,2,19,1,13,1
"188","ita",5,2,1,5,4,4,5,4,3,5,5,35,4,4,4,175,21,7,5,7,4,28,2,22,2
"189","za",4,4,2,4,5,5,1,4,4,3,5,35,1,3,5,125,23,7,7,5,4,23,1,16,1
"190","ita",4,2,3,5,5,5,1,5,5,3,5,NA,4,3,3,125,15,2,4,7,2,28,1,20,1
"191","za",4,3,3,5,2,5,1,5,3,1,5,1,1,5,4,275,28,4,4,7,10,26,2,20,2
"192","uk",4,3,3,4,3,3,3,4,3,3,3,275,2,4,2,2,23,3,2,3,6,61,2,17,2
"193","za",5,2,1,5,3,4,1,5,5,3,4,1,1,5,3,1,17,3,3,6,1,31,1,16,1
"194","uk",4,3,4,5,4,3,2,4,4,4,4,325,3,4,4,175,28,6,5,7,6,45,2,19,2
"195","ita",4,2,1,5,4,4,1,4,3,5,5,325,3,3,2,2,2,4,4,7,3,32,1,18,1
"196","uk",4,2,2,4,2,5,3,4,2,4,2,325,2,2,3,325,27,4,2,5,4,23,1,12,1
"197","uk",5,1,1,5,3,5,1,3,3,4,5,325,3,4,3,1,14,3,3,2,2,23,2,15,2
"198","za",5,1,1,5,2,5,1,5,4,1,5,125,2,5,3,125,28,6,4,5,6,37,1,15,1
"199","za",5,2,1,5,3,5,1,4,4,4,1,1,1,5,4,2,28,1,1,2,6,26,1,16,1
"200","uk",4,2,2,4,3,4,3,4,3,5,3,325,4,3,3,3,27,5,3,4,5,48,1,12,1
"201","ita",4,2,2,4,2,5,3,3,4,3,5,NA,3,3,3,1,23,3,4,7,3,27,2,20,2
"202","ita",4,2,2,5,3,4,4,4,4,4,3,45,2,4,4,2,26,4,4,6,6,24,2,22,2
"203","uk",3,4,1,1,1,5,5,1,1,5,5,2,1,5,5,5,46,6,4,3,9,37,1,12,1
"204","uk",5,1,2,5,1,5,3,3,1,4,5,4,4,3,4,1,21,7,2,1,6,51,1,16,1
"205","uk",4,2,2,5,5,4,5,4,3,4,4,4,4,4,4,225,25,5,3,6,4,42,2,14,2
"206","ita",3,3,1,3,4,4,2,4,3,4,5,4,3,3,3,175,22,5,3,6,3,32,1,18,1
"207","ita",5,1,1,5,5,5,1,5,4,1,5,325,3,3,3,125,1,3,6,6,1,26,1,17,1
"208","uk",4,1,3,4,3,3,2,4,3,5,5,275,2,3,3,15,21,5,3,4,7,41,1,14,1
"209","uk",5,1,2,5,5,5,1,5,5,5,3,375,2,4,2,1,1,1,7,7,5,40,1,18,1
"210","za",5,2,1,5,5,3,1,5,4,1,4,NA,2,4,2,1,16,6,5,7,2,24,2,16,2
"211","uk",3,4,2,5,2,2,1,5,3,4,3,225,3,1,3,25,15,5,4,6,1,47,1,19,1
"212","za",5,2,1,5,5,5,1,5,5,3,2,275,3,3,4,1,22,5,2,3,3,28,2,22,2
"213","uk",3,3,3,4,3,2,3,3,2,4,3,3,3,4,4,225,33,7,3,6,9,51,1,18,1
"214","za",3,4,1,4,2,5,4,4,3,3,5,375,3,3,5,175,26,7,7,6,6,21,1,16,1
"215","za",4,3,2,5,2,4,2,3,3,2,5,4,2,4,4,15,21,7,3,7,7,30,2,20,2
"216","uk",2,4,5,1,1,1,3,4,1,5,1,1,1,1,1,475,35,4,2,9,8,36,1,22,1
"217","ita",5,1,1,5,3,4,1,5,2,5,5,35,3,3,2,1,13,5,4,9,2,37,1,18,1
"218","uk",5,2,1,5,5,5,1,5,5,5,5,125,1,5,1,1,17,3,3,4,4,34,1,7,1
"219","za",4,2,2,4,4,5,2,4,4,3,5,425,2,3,3,175,22,3,2,3,11,26,2,16,2
"220","ita",4,1,1,5,3,4,2,4,4,4,5,35,3,4,3,1,16,4,4,7,3,25,2,19,2
"221","za",5,2,1,5,4,5,3,4,3,2,1,1,1,4,4,15,26,3,2,2,7,27,1,24,1
"222","za",5,3,3,4,4,4,2,4,4,2,3,3,1,5,4,275,3,3,2,3,6,40,2,18,2
"223","ita",4,2,2,5,1,5,2,4,4,3,5,3,3,4,3,15,22,3,5,7,7,27,1,23,1
"224","uk",4,2,1,4,3,5,2,4,4,4,4,35,3,5,4,1,23,2,1,2,6,43,1,12,1
"225","za",4,3,2,5,3,5,2,4,3,3,5,1,2,5,4,15,15,4,7,5,11,19,1,12,1
"226","za",4,4,1,5,4,5,5,4,4,3,5,45,1,3,4,1,2,7,7,4,7,22,2,17,2
"227","uk",3,2,1,4,1,4,2,4,3,5,5,325,2,1,3,1,26,6,4,9,6,22,1,17,1
"228","za",5,3,2,5,4,5,1,5,5,5,5,175,3,5,3,15,23,3,1,5,7,33,1,16,1
"229","uk",5,1,2,5,5,3,1,5,4,5,5,45,4,4,1,1,12,3,7,8,2,59,2,19,2
"230","ita",3,3,4,3,4,4,1,5,5,4,3,35,1,3,3,125,34,5,2,6,6,21,2,15,2
"231","uk",5,2,4,5,4,4,1,5,5,5,5,1,1,5,4,1,21,1,1,4,3,30,1,17,1
"232","ita",4,1,2,5,4,5,3,4,4,3,4,NA,2,3,4,225,18,5,5,6,2,20,2,15,2
"233","uk",4,3,2,4,2,5,2,3,4,5,5,425,2,3,4,175,28,6,3,5,7,30,1,17,1
"234","za",1,4,1,4,1,1,5,1,1,1,1,4,2,1,5,325,41,2,7,4,7,55,1,17,1
"235","uk",4,3,3,4,3,3,3,4,3,3,3,275,2,4,2,2,23,3,2,3,6,61,2,17,2
"236","za",5,2,1,5,5,5,1,5,5,5,4,1,5,5,3,1,17,1,3,5,6,31,1,16,1
"237","ita",4,2,2,4,2,3,3,4,3,3,3,25,2,3,3,2,25,3,4,6,6,29,1,18,1
"238","uk",5,2,2,5,4,4,1,4,4,5,5,35,4,3,3,275,21,3,3,5,4,53,1,15,1
"239","ita",5,2,1,4,4,2,2,5,5,3,5,25,1,4,3,15,23,5,3,5,6,27,2,20,2
"240","ita",5,1,1,5,4,5,1,3,4,3,5,45,3,4,3,225,3,5,6,7,4,25,2,23,2
"241","uk",5,1,1,5,5,5,1,5,5,5,5,275,2,4,1,15,1,3,5,2,1,57,1,13,1
"242","uk",3,3,3,3,2,3,3,3,3,3,3,325,2,3,3,3,3,3,2,4,6,27,2,15,2
"243","uk",4,2,3,4,3,4,2,4,3,4,4,325,1,2,3,1,3,7,4,6,4,20,2,15,2
"244","ita",4,2,2,5,2,4,1,4,4,5,5,25,2,3,4,225,2,4,2,7,6,32,1,18,1
"245","ita",4,3,1,4,2,3,2,4,4,1,4,35,3,2,3,1,25,2,6,5,6,28,1,8,1
"246","ita",4,3,3,4,3,3,2,3,3,3,3,275,3,3,3,2,35,6,4,7,6,28,1,18,1
"247","ita",4,2,1,5,3,4,2,5,4,3,4,325,3,4,3,125,17,2,4,3,4,22,2,16,2
"248","uk",4,1,2,5,3,3,2,4,4,5,5,35,3,3,2,125,21,3,2,6,4,35,2,17,2
"249","ita",4,2,2,5,2,4,1,4,4,5,5,25,2,3,4,225,2,4,2,7,6,32,1,18,1
"250","za",5,3,2,5,4,5,2,4,5,1,5,175,1,5,2,1,24,5,1,2,7,27,2,17,2
"251","za",4,3,1,5,2,4,2,4,4,2,4,NA,1,4,4,225,21,3,4,7,4,20,1,15,1
"252","ita",4,2,2,5,4,3,3,5,4,4,4,325,3,2,2,2,18,7,4,7,6,47,1,18,1
"253","za",5,3,3,5,4,5,1,1,5,1,5,3,3,5,3,2,2,4,2,3,7,31,2,16,2
"254","uk",4,2,4,5,4,4,2,5,4,5,4,35,2,3,2,2,13,3,5,6,4,30,2,18,2
"255","ita",5,3,1,5,5,3,1,5,3,3,3,225,3,3,3,175,2,7,5,7,4,41,1,19,1
"256","ita",4,2,1,4,1,1,2,3,3,4,1,1,3,4,2,225,19,5,7,7,6,41,1,12,1
"257","za",4,4,2,4,5,5,1,4,4,3,5,35,1,3,5,125,23,7,7,5,4,23,1,16,1
"258","ita",5,1,2,4,5,3,1,4,4,1,5,275,2,4,4,25,14,2,4,6,1,34,1,18,1
"259","za",4,4,2,5,1,3,5,5,3,3,5,NA,4,3,4,225,22,1,2,6,11,32,2,13,2
"260","za",4,2,3,2,1,4,2,3,1,3,5,175,1,2,3,1,2,3,2,6,4,24,1,17,1
"261","za",5,3,1,5,3,4,2,4,4,3,5,375,2,4,3,125,22,5,3,7,6,28,2,18,2
"262","ita",5,2,1,5,4,5,2,5,4,2,5,NA,2,5,4,1,19,3,4,4,3,22,2,15,2
"263","za",4,4,1,5,2,5,2,4,4,2,4,NA,4,3,5,1,17,5,3,5,11,24,1,20,1
"264","uk",4,2,1,4,4,4,2,2,4,3,4,35,3,4,3,15,21,3,3,6,4,40,2,17,2
"265","uk",4,2,1,5,2,4,2,5,3,4,3,325,1,3,2,15,21,2,2,6,7,24,2,15,2
"266","ita",5,3,2,4,1,4,2,3,4,4,2,1,1,4,3,275,26,4,3,3,7,23,1,16,1
"267","ita",4,2,2,5,1,5,2,4,4,3,5,3,3,4,3,15,22,3,5,7,7,27,1,23,1
"268","ita",4,2,1,4,3,3,2,4,3,2,4,NA,1,2,3,1,22,2,4,3,1,23,3,16,3
"269","ita",4,2,1,5,4,5,1,5,4,5,5,45,4,2,3,15,16,5,6,7,4,23,1,18,1
"270","uk",4,2,3,4,3,4,2,4,3,4,4,325,1,2,3,1,3,7,4,6,4,20,2,15,2
"271","uk",2,1,1,4,3,4,2,3,2,3,2,3,3,1,3,1,2,6,3,5,7,53,2,11,2
"272","za",5,2,2,5,5,3,1,5,4,3,5,225,2,5,3,2,12,5,3,6,3,33,1,19,1
"273","uk",4,2,1,5,2,4,1,5,2,5,5,4,2,2,4,175,26,3,2,4,9,45,2,22,2
"274","za",5,2,2,5,3,5,1,5,4,2,1,1,3,4,4,225,24,1,2,4,9,49,1,15,1
"275","za",5,3,2,3,3,5,3,4,5,4,5,NA,3,5,4,1,3,6,4,7,8,27,1,18,1
"276","uk",3,2,1,4,1,4,2,4,3,5,5,325,2,1,3,1,26,6,4,9,6,22,1,17,1
"277","uk",4,2,2,3,2,4,3,3,3,3,4,375,2,3,3,275,27,6,3,5,5,64,2,16,2
"278","uk",3,3,3,4,3,2,3,3,2,4,3,3,3,4,4,225,33,7,3,6,9,51,1,18,1
"279","ita",5,2,2,5,4,5,2,3,3,4,5,4,4,4,3,125,26,4,3,7,3,24,1,17,1
"280","ita",5,2,1,5,5,5,2,4,4,4,4,4,3,3,3,125,17,4,3,4,4,22,1,15,1
"281","ita",5,1,1,5,2,5,1,5,4,3,4,325,4,4,3,1,16,1,7,5,2,59,2,18,2
"282","za",5,3,3,4,4,5,3,4,3,3,4,3,3,5,4,15,26,5,3,6,6,25,2,18,2
"283","za",4,4,1,5,5,5,1,5,3,2,5,425,1,2,5,1,25,7,2,2,4,20,2,16,2
"284","uk",4,1,2,5,3,4,1,4,3,5,3,3,4,4,2,225,18,4,4,5,4,32,2,15,2
"285","ita",4,2,2,4,3,3,5,5,3,5,5,425,3,2,4,15,18,6,5,6,3,34,1,16,1
"286","ita",5,3,3,4,4,5,2,4,4,4,5,NA,2,4,4,325,34,1,6,4,8,23,2,16,2
"287","uk",3,2,2,4,3,3,3,2,2,3,3,35,2,3,3,15,28,6,5,4,6,59,2,11,2
"288","za",5,3,2,5,5,5,1,5,4,3,3,225,2,2,2,1,18,3,4,4,5,34,2,15,2
"289","za",5,2,2,5,5,5,2,5,5,3,5,225,3,5,4,125,21,2,2,4,6,29,2,15,2
"290","za",5,3,2,5,4,5,5,5,5,3,5,3,3,4,4,125,26,6,3,3,7,30,1,26,1
"291","za",5,4,2,5,5,5,1,4,3,3,5,175,2,5,5,275,31,3,5,7,5,24,1,18,1
"292","uk",4,1,3,5,4,5,1,4,3,4,5,325,2,3,3,125,19,5,3,5,2,35,1,15,1
"293","ita",3,3,4,3,4,4,1,5,5,4,3,35,1,3,3,125,34,5,2,6,6,21,2,15,2
"294","ita",5,2,2,5,4,5,1,5,4,5,5,35,4,4,4,15,27,5,4,7,4,23,1,18,1
"295","za",5,3,1,5,5,5,2,2,5,4,5,4,2,4,5,1,18,6,7,7,6,25,1,18,1
"296","za",5,3,1,5,5,5,1,5,5,2,5,4,1,4,4,1,26,6,7,5,7,28,2,17,2
"297","ita",5,2,1,5,5,5,2,4,4,4,4,4,3,3,3,125,17,4,3,4,4,22,1,15,1
"298","uk",4,3,3,4,3,4,2,4,4,4,5,35,3,4,3,225,28,4,5,5,8,57,1,17,1
"299","ita",4,2,3,4,3,3,2,4,3,3,4,NA,1,4,3,2,24,3,3,4,6,28,2,22,2
"300","ita",5,3,1,5,5,5,1,5,5,5,5,325,3,5,2,1,12,4,3,4,3,26,1,13,1
"301","ita",4,3,2,5,3,4,3,4,4,4,4,275,2,4,3,125,19,5,5,7,7,22,2,17,2
"302","ita",5,3,2,5,3,3,2,4,3,4,3,175,3,3,3,2,18,7,2,8,3,25,2,18,2
"303","za",2,4,1,4,2,4,3,2,2,3,4,425,1,2,3,25,29,1,2,6,3,62,1,13,1
"304","ita",4,3,1,4,3,4,2,5,4,3,4,NA,3,4,3,2,24,5,4,4,3,26,2,20,2
"305","za",4,4,1,4,1,4,2,2,2,2,2,175,1,3,4,1,33,7,5,7,9,26,1,18,1
"306","za",5,2,1,5,5,5,3,5,5,3,5,1,1,3,2,1,13,7,4,7,6,51,2,20,2
"307","uk",5,1,3,5,4,5,1,5,5,1,5,325,4,3,3,125,16,3,3,6,2,41,1,18,1
"308","uk",2,4,5,1,1,1,3,4,1,5,1,1,1,1,1,475,35,4,2,9,8,36,1,22,1
"309","ita",2,5,2,5,1,1,3,3,4,4,5,4,1,4,3,325,35,7,7,8,1,34,1,14,1
"310","uk",4,2,1,4,4,4,2,2,4,3,4,35,3,4,3,15,21,3,3,6,4,40,2,17,2
"311","uk",3,3,3,3,3,3,3,1,3,5,3,4,3,3,3,3,3,5,5,5,6,26,1,13,1
"312","za",5,4,3,5,5,5,1,5,4,3,3,NA,1,5,4,175,34,2,3,3,5,20,2,16,2
"313","ita",4,1,4,5,4,4,2,4,1,3,3,NA,3,1,4,25,24,1,4,5,6,45,1,18,1
"314","ita",4,2,2,5,4,3,2,4,2,5,5,375,2,3,3,225,22,5,4,8,4,22,1,17,1
"315","uk",4,2,1,4,1,4,2,2,2,1,4,325,4,4,3,175,32,3,3,6,7,37,1,15,1
"316","za",4,4,3,5,4,5,3,4,4,2,5,425,3,4,5,3,27,6,4,3,7,20,1,14,1
"317","uk",4,2,1,4,3,3,2,4,4,5,5,225,3,3,3,2,21,4,5,8,3,57,1,16,1
"318","ita",3,3,1,5,4,4,1,5,4,5,5,35,4,3,2,1,26,4,6,7,5,37,1,20,1
"319","za",5,2,1,5,5,5,1,5,5,3,5,NA,1,3,4,1,23,7,3,8,6,23,1,17,1
"320","za",4,4,2,5,4,4,5,5,3,5,1,1,3,4,4,1,2,2,1,6,4,38,2,18,2
"321","ita",4,1,1,5,4,4,1,5,4,3,4,NA,3,4,3,125,17,3,5,7,4,20,2,15,2
"322","ita",4,3,3,4,4,4,2,2,3,4,3,4,3,4,3,325,31,2,2,4,6,24,1,9,1
"323","uk",5,2,2,5,3,4,1,4,4,5,3,325,3,4,1,225,17,2,6,5,1,29,2,14,2
"324","za",3,4,2,2,1,3,4,2,1,2,2,1,2,1,4,3,3,4,3,7,10,28,1,22,1
"325","uk",4,1,1,5,5,5,1,5,4,5,5,325,4,4,2,1,15,3,5,3,4,51,1,21,1
"326","za",3,2,1,5,1,3,1,2,1,3,5,275,4,1,4,15,21,4,3,5,7,45,2,12,2
"327","za",5,3,1,5,4,5,2,4,5,3,5,2,1,5,4,15,25,6,3,5,6,24,1,17,1
"328","za",5,3,1,5,2,5,2,5,4,3,5,3,1,3,4,15,24,4,3,5,3,24,1,18,1
"329","uk",4,2,3,4,3,2,2,4,3,4,3,275,4,3,3,15,24,4,3,7,6,55,2,21,2
"330","ita",5,1,1,5,1,5,1,5,4,3,5,1,1,4,1,1,11,5,3,3,1,29,2,20,2
"331","za",5,4,4,5,3,5,1,5,4,2,5,1,2,5,1,1,32,1,1,3,6,22,2,14,2
"332","uk",5,1,2,5,5,3,1,5,4,5,5,45,4,4,1,1,12,3,7,8,2,59,2,19,2
"333","za",5,3,1,5,5,5,1,5,5,2,5,4,1,4,4,1,26,6,7,5,7,28,2,17,2
"334","ita",5,2,2,5,4,3,2,5,3,3,4,325,4,4,3,15,16,3,6,4,4,32,1,19,1
"335","za",5,3,1,5,5,5,1,5,5,3,3,25,2,3,4,1,23,4,4,4,1,24,2,18,2
"336","za",5,4,2,5,5,5,1,5,5,4,5,1,4,5,5,1,33,5,2,6,6,44,2,16,2
"337","uk",3,2,1,4,3,3,2,3,3,4,5,325,2,3,2,125,19,3,4,6,4,33,2,16,2
"338","za",4,2,1,5,3,5,1,5,4,2,4,175,3,3,4,15,25,4,2,4,4,28,1,21,1
"339","ita",4,2,1,4,3,4,2,4,4,4,4,45,3,4,3,2,24,5,4,5,3,23,2,19,2
"340","uk",5,3,4,4,1,3,1,4,2,5,3,1,2,5,4,225,26,3,3,4,7,28,1,12,1
"341","uk",4,3,3,4,3,4,2,4,4,4,5,35,3,4,3,225,28,4,5,5,8,57,1,17,1
"342","uk",4,2,3,5,4,5,2,4,4,4,4,35,4,4,4,15,25,4,4,6,3,37,2,11,2
"343","za",5,3,1,5,5,5,2,2,5,4,5,4,2,4,5,1,18,6,7,7,6,25,1,18,1
"344","ita",4,2,3,4,3,3,2,4,3,3,4,NA,3,3,3,275,32,4,4,4,4,23,1,17,1
"345","za",3,4,3,4,4,5,1,5,3,3,3,125,1,3,3,2,29,7,3,5,3,24,1,16,1
"346","ita",5,2,1,5,5,5,2,5,4,5,5,35,3,5,3,1,22,6,5,7,2,20,1,14,1
"347","ita",3,3,2,4,3,4,2,4,4,5,3,NA,2,3,3,225,28,2,3,4,5,31,1,19,1
"348","ita",5,3,2,5,2,4,2,5,3,3,5,275,2,4,3,125,2,5,2,5,6,25,2,16,2
"349","za",4,2,1,5,3,5,1,5,4,2,4,175,3,3,4,15,25,4,2,4,4,28,1,21,1
"350","ita",4,1,3,4,3,4,2,4,3,1,5,NA,3,3,4,2,25,6,4,6,4,22,1,17,1
"351","za",4,3,2,4,1,5,3,3,1,4,5,2,1,5,5,2,26,2,1,4,6,25,1,18,1
"352","ita",4,1,1,4,3,5,4,4,4,4,5,475,2,4,2,15,16,5,4,7,6,27,1,14,1
"353","ita",5,2,3,3,5,4,2,5,4,3,4,NA,3,3,2,125,18,1,4,5,4,39,2,13,2
"354","ita",5,1,1,5,5,5,1,5,4,1,5,325,3,3,3,125,1,3,6,6,1,26,1,17,1
"355","uk",5,2,2,5,3,4,1,4,4,5,3,325,3,4,1,225,17,2,6,5,1,29,2,14,2
"356","za",4,3,1,4,5,4,2,4,4,2,5,375,3,4,4,15,33,1,3,4,6,47,2,13,2
"357","za",4,3,1,5,5,5,1,5,3,3,5,NA,3,2,3,225,28,4,2,3,1,34,1,13,1
"358","ita",4,2,1,5,4,2,1,5,3,5,4,4,3,5,4,2,24,5,4,7,7,36,2,17,2
"359","ita",4,4,3,5,4,3,1,4,4,5,4,3,3,3,3,15,29,5,4,6,5,28,1,18,1
"360","ita",4,1,2,5,5,5,2,5,4,5,4,35,3,4,3,1,23,2,4,5,6,28,2,13,2
"361","ita",5,3,1,5,3,4,1,4,4,4,4,225,2,3,3,2,23,3,5,6,4,33,2,18,2
"362","uk",4,2,1,5,4,4,1,4,4,5,4,325,3,4,3,15,21,5,4,4,4,45,2,21,2
"363","uk",3,1,2,4,3,4,2,4,3,5,3,4,4,3,4,225,27,7,7,7,6,54,2,14,2
"364","uk",5,1,2,5,4,5,2,4,3,5,4,325,4,4,3,175,24,3,2,3,4,22,2,18,2
"365","uk",4,1,2,5,5,5,1,5,4,4,5,325,3,4,2,1,18,3,4,6,3,35,2,17,2
"366","ita",3,1,3,4,2,3,2,3,2,4,5,NA,2,3,4,225,32,3,4,6,2,19,1,14,1
"367","uk",4,3,2,4,4,4,2,4,3,4,5,275,3,4,4,25,27,5,4,7,7,66,1,20,1
"368","uk",5,2,1,5,4,5,1,5,3,5,5,35,1,4,4,1,22,3,3,5,4,39,2,16,2
"369","za",5,2,1,5,4,4,1,4,3,3,4,2,4,4,4,275,23,2,2,2,9,45,2,10,2
"370","uk",3,3,1,4,4,4,3,3,3,3,4,325,3,4,4,125,32,4,3,5,6,34,2,18,2
"371","za",4,4,3,3,5,5,3,4,4,3,5,45,5,4,5,15,35,6,2,7,9,22,1,17,1
"372","uk",5,1,2,5,5,5,1,4,4,5,5,325,4,4,2,15,17,2,2,6,2,29,1,21,1
"373","ita",5,1,1,4,4,4,1,5,4,3,5,NA,1,5,3,15,24,4,4,5,1,19,2,15,2
"374","uk",4,3,2,4,3,4,3,3,2,4,3,275,3,3,3,2,24,3,2,4,6,45,1,14,1
"375","uk",4,3,2,5,5,5,1,5,4,4,4,3,2,4,4,175,22,5,4,6,5,29,1,16,1
"376","uk",3,2,2,3,2,4,3,3,2,4,3,3,2,3,2,275,25,3,2,4,6,40,2,14,2
"377","uk",4,2,2,5,4,2,2,4,3,2,3,15,3,3,4,125,29,3,2,5,6,32,2,15,2
"378","za",5,2,1,5,3,3,1,5,5,3,4,125,3,4,3,1,1,6,3,6,3,40,2,16,2
"379","za",5,4,3,5,4,5,2,5,4,2,5,1,3,3,4,15,29,7,5,3,3,31,1,18,1
"380","uk",4,1,1,4,3,5,2,4,3,5,5,325,4,4,4,1,11,4,5,4,3,42,1,17,1
"381","za",3,3,3,4,5,3,3,5,4,2,4,425,3,4,4,25,27,3,4,4,4,26,2,16,2
"382","uk",4,2,2,4,3,5,2,4,3,4,4,325,2,4,3,225,32,6,3,7,4,32,2,18,2
"383","za",1,3,1,2,1,4,3,3,1,3,4,3,4,1,5,25,31,6,5,5,9,30,1,17,1
"384","uk",4,2,3,5,4,4,1,4,4,5,4,45,3,4,3,175,19,4,4,6,4,73,1,23,1
"385","ita",5,2,1,5,4,5,2,5,4,2,5,NA,2,5,4,1,19,3,4,4,3,22,2,15,2
"386","uk",4,2,3,3,2,4,3,3,3,4,4,2,1,3,4,175,26,4,2,4,5,36,2,12,2
"387","ita",5,4,1,4,2,3,1,5,4,3,4,5,3,4,4,15,25,3,2,4,4,26,2,19,2
"388","uk",3,3,1,2,1,2,3,3,1,4,1,275,4,3,4,2,31,5,2,3,5,52,1,11,1
"389","za",3,3,2,5,4,5,1,4,3,2,3,35,3,4,3,35,3,3,6,6,6,20,1,13,1
"390","uk",4,2,2,4,2,3,2,4,2,5,4,375,4,4,3,325,29,7,2,7,9,59,1,13,1
"391","za",4,4,3,4,2,5,3,3,3,3,5,NA,1,4,4,2,28,3,2,4,6,26,3,16,3
"392","za",5,3,2,5,2,3,2,4,4,4,3,275,1,2,2,1,22,2,5,6,8,35,2,16,2
"393","uk",4,4,2,5,3,4,1,4,4,5,4,1,2,4,4,2,26,6,3,5,5,34,1,18,1
"394","uk",5,3,2,5,5,4,1,5,5,4,4,325,2,3,3,1,21,2,3,6,3,38,1,18,1
"395","ita",3,1,3,4,2,3,2,3,2,4,5,NA,2,3,4,225,32,3,4,6,2,19,1,14,1
"396","uk",4,2,3,5,4,4,2,5,3,5,4,425,2,4,3,1,24,6,2,6,6,40,2,15,2
"397","za",4,2,3,2,1,4,2,3,1,3,5,175,1,2,3,1,2,3,2,6,4,24,1,17,1
"398","uk",4,2,2,5,5,5,1,4,4,4,5,25,2,4,3,225,25,4,4,6,3,30,2,14,2
"399","uk",3,2,2,3,2,4,2,4,3,5,3,275,4,2,3,35,27,4,2,5,6,33,1,12,1
"400","za",1,4,1,4,1,1,5,1,1,1,1,4,2,1,5,325,41,2,7,4,7,55,1,17,1
"401","ita",3,2,1,4,1,4,2,3,4,5,5,325,3,2,3,2,26,5,4,7,3,28,2,16,2
"402","uk",3,2,2,3,2,4,2,4,3,5,3,275,4,2,3,35,27,4,2,5,6,33,1,12,1
"403","ita",4,3,4,5,4,5,2,5,3,4,4,4,2,4,4,1,31,6,6,8,2,23,2,17,2
"404","uk",4,3,2,5,5,3,2,4,4,4,4,325,2,3,4,125,26,3,1,3,6,40,2,14,2
"405","uk",4,2,3,4,2,4,2,4,4,4,4,375,3,4,3,175,2,5,3,7,7,55,1,13,1
"406","uk",5,1,2,5,4,3,2,4,3,5,5,4,2,5,4,1,2,4,3,5,5,44,2,20,2
"407","uk",4,1,3,5,4,5,1,4,3,4,5,325,2,3,3,125,19,5,3,5,2,35,1,15,1
"408","uk",5,3,4,5,4,4,1,5,5,3,4,225,1,5,2,1,17,2,1,3,1,47,2,11,2
"409","za",5,2,1,5,3,4,1,5,5,3,4,1,1,5,3,1,17,3,3,6,1,31,1,16,1
"410","za",5,2,1,5,5,5,2,4,4,3,4,2,4,4,3,2,19,4,2,5,6,33,1,16,1
"411","uk",4,2,3,5,4,5,2,4,4,4,4,35,4,4,4,15,25,4,4,6,3,37,2,11,2
"412","ita",5,1,2,5,5,5,1,5,5,4,5,3,2,3,2,1,14,7,7,7,3,24,2,18,2
"413","uk",3,3,3,4,2,2,3,4,2,4,4,275,4,4,3,35,31,4,3,5,6,30,1,16,1
"414","za",5,2,2,5,1,3,2,4,3,2,3,1,4,4,2,1,17,7,2,6,2,37,1,17,1
"415","ita",5,1,2,5,5,5,1,5,5,4,5,3,2,3,2,1,14,7,7,7,3,24,2,18,2
"416","uk",4,3,2,5,3,4,1,3,3,5,4,35,3,5,4,25,34,2,4,5,6,42,2,17,2
"417","uk",5,1,3,5,4,5,1,5,5,1,5,325,4,3,3,125,16,3,3,6,2,41,1,18,1
"418","za",4,2,1,5,1,5,5,5,4,2,5,2,2,5,3,125,2,1,1,4,5,35,1,15,1
"419","za",5,2,1,5,5,3,1,5,4,1,4,NA,2,4,2,1,16,6,5,7,2,24,2,16,2
"420","za",5,3,2,3,3,5,3,4,5,4,5,NA,3,5,4,1,3,6,4,7,8,27,1,18,1
"421","uk",4,2,1,5,4,4,2,5,4,5,5,425,4,2,3,225,19,3,5,7,5,51,1,12,1
"422","za",5,1,1,5,2,4,1,5,5,2,5,1,3,4,3,1,23,7,3,5,11,25,1,17,1
"423","uk",4,1,2,5,4,5,2,4,3,5,4,425,1,4,3,225,28,5,3,7,8,33,1,10,1
"424","uk",3,3,2,2,2,2,3,4,2,4,2,325,3,2,4,25,28,5,4,6,7,30,1,15,1
"425","uk",5,2,2,4,3,5,3,4,3,4,5,325,3,3,3,175,26,5,4,6,6,28,2,18,2
"426","uk",4,3,3,4,3,4,3,3,2,4,4,325,3,3,4,2,32,2,3,5,6,34,2,11,2
"427","za",4,3,3,5,3,5,3,4,4,3,5,275,3,4,3,225,29,4,5,4,6,55,1,16,1
"428","za",5,2,1,5,3,4,1,5,5,3,4,1,1,5,3,1,17,3,3,6,1,31,1,16,1
"429","ita",4,2,2,5,3,4,2,4,4,5,4,4,3,4,3,35,31,2,5,8,4,23,1,15,1
"430","za",5,2,1,5,4,5,1,3,4,3,4,175,3,4,3,275,33,5,4,5,4,19,1,14,1
"431","ita",3,3,2,4,4,3,2,4,3,4,5,25,3,3,4,175,21,6,6,8,5,54,1,19,1
"432","ita",4,2,1,4,2,4,2,4,3,4,3,325,2,4,3,15,21,5,4,7,4,21,1,16,1
"433","ita",4,3,1,5,1,4,2,4,4,5,4,NA,2,4,4,1,25,4,3,5,4,36,2,20,2
"434","ita",5,2,1,5,3,5,1,4,3,3,5,45,3,5,4,1,17,2,7,3,1,19,2,14,2
"435","uk",4,3,3,5,3,3,1,3,3,5,3,325,3,4,3,15,19,5,3,2,5,39,2,16,2
"436","za",4,3,4,4,5,5,2,3,3,2,5,325,1,5,4,275,29,4,2,6,3,35,2,13,2
"437","ita",4,2,2,5,4,5,1,4,4,3,4,NA,3,3,3,1,17,5,5,5,3,28,2,21,2
"438","uk",4,1,3,5,2,3,1,3,3,5,5,325,3,3,3,125,2,3,2,8,7,60,2,15,2
"439","uk",2,4,3,3,2,3,4,2,1,4,5,35,4,2,5,3,42,6,5,8,9,59,1,13,1
"440","uk",3,2,2,2,1,5,3,3,1,4,1,2,3,2,4,3,34,3,3,8,7,65,1,18,1
"441","za",5,2,2,5,2,3,2,4,3,3,4,125,2,4,4,15,21,5,3,7,6,22,1,16,1
"442","za",4,4,2,5,3,3,1,4,4,3,2,25,2,3,3,125,2,1,2,3,7,42,2,15,2
"443","ita",5,2,4,4,2,5,2,3,3,3,4,NA,2,4,3,225,28,3,2,7,4,25,1,17,1
"444","za",5,4,3,4,4,5,3,2,4,3,4,NA,3,4,4,15,29,3,4,4,7,37,1,14,1
"445","za",3,4,3,4,4,5,1,5,3,3,3,125,1,3,3,2,29,7,3,5,3,24,1,16,1
"446","uk",4,2,3,4,3,3,3,4,3,5,4,225,3,3,3,225,28,3,6,9,6,37,2,24,2
"447","za",5,5,5,5,1,5,5,5,5,1,5,3,1,5,5,25,34,1,2,7,6,22,1,15,1
"448","za",5,5,2,5,1,5,1,5,4,2,5,3,4,5,3,1,18,1,4,3,6,35,2,12,2
"449","za",5,3,4,3,4,4,4,4,5,3,5,125,2,5,3,25,22,5,1,7,8,28,1,15,1
"450","ita",5,1,2,5,5,5,1,5,5,4,5,3,2,3,2,1,14,7,7,7,3,24,2,18,2
"451","uk",4,2,1,5,4,4,2,5,4,5,5,425,4,2,3,225,19,3,5,7,5,51,1,12,1
"452","za",4,2,2,4,4,4,2,4,4,3,5,375,2,4,4,225,19,5,4,5,6,23,1,18,1
"453","uk",5,1,1,5,1,4,2,4,4,4,5,375,2,5,3,1,22,5,2,4,4,33,2,16,2
"454","ita",5,1,1,4,4,5,1,3,3,3,4,NA,3,3,3,1,14,4,3,6,3,22,2,16,2
"455","za",5,4,3,5,4,5,2,5,4,2,5,1,3,3,4,15,29,7,5,3,3,31,1,18,1
"456","ita",4,3,1,5,1,4,2,4,4,5,4,NA,2,4,4,1,25,4,3,5,4,36,2,20,2
"457","za",5,1,1,5,3,5,1,5,4,3,5,275,2,4,3,1,19,3,2,5,1,28,1,18,1
"458","za",3,4,2,2,1,3,4,2,1,2,2,1,2,1,4,3,3,4,3,7,10,28,1,22,1
"459","uk",4,3,3,5,5,5,4,4,3,5,3,375,3,3,4,125,37,5,3,6,6,36,1,20,1
"460","ita",5,1,1,4,4,5,1,3,3,3,4,NA,3,3,3,1,14,4,3,6,3,22,2,16,2
"461","ita",4,3,2,4,3,4,3,2,3,3,3,NA,3,3,3,275,35,2,2,6,5,21,1,16,1
"462","za",5,3,1,5,2,5,1,4,5,1,5,25,1,5,4,1,16,3,5,6,1,28,2,16,2
"463","ita",5,2,2,5,4,5,1,5,4,5,5,35,4,4,4,15,27,5,4,7,4,23,1,18,1
"464","za",3,5,2,4,2,4,3,3,3,3,4,325,3,3,4,25,37,1,2,7,6,48,2,14,2
"465","za",4,3,4,4,5,5,2,3,3,2,5,325,1,5,4,275,29,4,2,6,3,35,2,13,2
"466","ita",5,1,1,5,4,5,2,5,5,3,4,45,4,3,3,1,13,3,6,5,3,21,2,18,2
"467","uk",5,1,1,5,1,3,1,5,5,5,1,1,1,5,1,25,11,1,1,5,6,37,1,18,1
"468","ita",4,1,1,5,4,5,1,5,4,3,5,NA,4,4,3,15,15,7,2,4,3,19,2,16,2
"469","za",5,3,3,4,5,5,1,5,4,4,5,175,1,5,4,2,12,1,1,3,6,25,1,14,1
"470","uk",5,2,2,5,3,4,1,5,4,5,4,325,4,4,3,15,11,4,4,6,3,66,2,24,2
"471","uk",5,1,1,5,5,5,1,5,5,5,3,3,1,5,4,1,28,2,4,6,1,38,2,17,2
"472","za",5,3,2,5,4,5,5,5,5,3,5,3,3,4,4,125,26,6,3,3,7,30,1,26,1
"473","ita",3,2,2,5,5,5,2,3,3,3,3,275,3,2,3,175,28,3,5,2,4,25,2,18,2
"474","uk",4,2,3,5,2,3,2,2,2,5,2,2,3,2,3,225,28,4,2,3,4,35,1,13,1
"475","ita",3,2,5,2,2,5,4,2,1,4,4,375,2,2,4,225,39,5,5,7,8,23,1,17,1
"476","za",5,2,1,5,5,5,2,4,4,3,4,2,4,4,3,2,19,4,2,5,6,33,1,16,1
"477","za",4,3,1,5,2,4,2,4,4,2,4,NA,1,4,4,225,21,3,4,7,4,20,1,15,1
"478","ita",4,2,2,4,3,4,2,4,3,5,4,25,3,4,3,2,28,6,4,6,8,22,1,16,1
"479","uk",3,3,3,3,3,3,3,1,3,5,3,4,3,3,3,3,3,5,5,5,6,26,1,13,1
"480","uk",4,2,3,5,2,3,2,2,2,5,2,2,3,2,3,225,28,4,2,3,4,35,1,13,1
"481","uk",5,1,2,5,4,5,1,4,4,5,4,375,4,4,2,125,18,4,3,5,6,34,2,16,2
"482","uk",3,3,1,4,1,1,3,3,3,4,3,25,3,3,4,125,24,3,2,5,7,56,1,13,1
"483","uk",4,1,3,5,2,3,1,3,3,5,5,325,3,3,3,125,2,3,2,8,7,60,2,15,2
"484","uk",4,2,2,5,5,5,1,4,4,4,5,25,2,4,3,225,25,4,4,6,3,30,2,14,2
"485","uk",5,2,3,5,4,3,2,4,2,5,5,5,3,3,3,125,18,4,5,7,7,67,2,19,2
"486","za",5,3,1,5,2,5,1,5,3,2,4,NA,1,3,4,1,24,7,4,3,1,25,2,17,2
"487","uk",4,2,2,5,5,4,5,4,3,4,4,4,4,4,4,225,25,5,3,6,4,42,2,14,2
"488","uk",3,2,2,4,2,4,2,5,3,4,4,35,2,3,4,225,29,3,2,5,6,27,2,21,2
"489","ita",4,1,2,5,5,5,2,5,4,5,4,35,3,4,3,1,23,2,4,5,6,28,2,13,2
"490","uk",3,2,2,5,4,5,2,5,4,4,4,375,2,3,3,225,25,3,2,6,4,30,2,19,2
"491","za",5,3,1,5,4,5,2,4,5,3,5,2,1,5,4,15,25,6,3,5,6,24,1,17,1
"492","za",3,2,1,5,1,3,1,2,1,3,5,275,4,1,4,15,21,4,3,5,7,45,2,12,2
"493","ita",5,3,1,5,5,5,2,5,3,3,5,1,3,5,3,1,21,6,4,3,7,27,1,13,1
"494","ita",3,3,1,3,1,2,3,3,2,4,3,325,2,3,2,3,22,2,2,3,4,20,1,15,1
"495","uk",5,1,2,5,5,5,1,5,4,5,5,375,3,4,3,1,14,3,6,6,3,37,2,18,2
"496","ita",3,4,2,3,2,3,2,4,2,4,3,25,3,3,4,275,36,7,4,8,6,48,2,17,2
"497","ita",5,3,2,5,5,3,1,5,5,3,1,175,1,5,3,2,19,7,4,4,1,44,1,17,1
"498","uk",5,1,1,5,5,5,1,5,5,4,5,325,3,5,3,1,12,2,2,4,1,24,2,14,2
"499","za",5,3,1,3,5,5,1,4,4,2,5,325,1,4,4,1,26,4,1,6,5,23,2,17,2
"500","za",5,3,2,5,5,5,1,5,4,3,3,225,2,2,2,1,18,3,4,4,5,34,2,15,2
"501","za",3,4,3,4,4,5,1,5,3,3,3,125,1,3,3,2,29,7,3,5,3,24,1,16,1
"502","uk",5,1,2,5,2,4,1,5,3,5,5,2,2,4,3,175,16,3,5,4,4,31,1,17,1
"503","ita",5,2,1,5,5,5,2,5,4,5,5,35,3,5,3,1,22,6,5,7,2,20,1,14,1
"504","za",4,3,4,4,5,5,2,3,3,2,5,325,1,5,4,275,29,4,2,6,3,35,2,13,2
"505","uk",5,1,3,5,3,5,1,5,4,1,5,4,4,4,4,1,22,4,3,7,4,36,1,16,1
"506","za",5,4,3,5,4,5,2,5,4,2,5,1,3,3,4,15,29,7,5,3,3,31,1,18,1
"507","ita",4,2,1,4,1,1,2,3,3,4,1,1,3,4,2,225,19,5,7,7,6,41,1,12,1
"508","uk",4,2,3,3,2,4,3,2,2,5,1,175,3,1,3,25,24,4,3,7,5,32,1,16,1
"509","uk",5,2,2,5,2,3,2,4,4,4,5,325,3,5,4,1,27,3,4,7,8,36,1,18,1
"510","za",5,2,1,5,3,5,1,4,4,4,1,1,1,5,4,2,28,1,1,2,6,26,1,16,1
"511","ita",5,1,2,5,4,5,1,5,3,5,4,375,4,4,3,1,15,2,3,7,4,24,1,19,1
"512","uk",5,4,2,4,2,4,2,4,4,3,4,1,1,3,4,2,27,4,2,5,6,68,2,13,2
"513","uk",5,2,1,5,5,5,1,5,5,5,5,125,1,5,1,1,17,3,3,4,4,34,1,7,1
"514","ita",4,3,3,4,3,4,3,3,4,4,3,275,3,4,4,175,21,5,4,6,6,26,1,25,1
"515","uk",2,1,1,4,3,4,2,3,2,3,2,3,3,1,3,1,2,6,3,5,7,53,2,11,2
"516","ita",4,1,2,4,3,4,2,4,3,4,3,4,2,4,3,175,23,5,3,5,6,22,1,16,1
"517","uk",4,3,3,4,3,4,3,3,2,4,4,325,3,3,4,2,32,2,3,5,6,34,2,11,2
"518","uk",4,2,4,5,4,4,2,5,4,5,4,35,2,3,2,2,13,3,5,6,4,30,2,18,2
"519","za",4,3,2,5,4,4,2,4,4,2,4,NA,1,4,3,2,3,2,2,5,8,31,2,14,2
"520","ita",5,1,1,5,3,4,1,5,2,5,5,35,3,3,2,1,13,5,4,9,2,37,1,18,1
"521","ita",4,2,1,5,3,3,1,4,3,4,5,25,3,3,3,275,23,4,5,7,5,43,2,26,2
"522","uk",3,2,2,5,5,2,2,4,4,4,5,3,1,3,3,15,19,5,5,2,6,59,2,18,2
"523","ita",5,2,2,5,5,4,2,4,4,5,5,325,2,4,2,15,2,4,6,4,2,29,3,17,3
"524","ita",3,1,3,4,2,3,2,3,2,4,5,NA,2,3,4,225,32,3,4,6,2,19,1,14,1
"525","uk",4,2,2,4,3,4,2,5,3,1,4,325,2,4,2,175,2,5,4,7,3,34,2,17,2
"526","za",5,4,3,4,4,5,3,2,4,3,4,NA,3,4,4,15,29,3,4,4,7,37,1,14,1
"527","ita",5,1,1,5,4,5,1,5,4,5,5,4,4,3,2,15,13,4,4,7,3,24,1,18,1
"528","ita",5,3,1,5,3,4,1,4,4,4,4,225,2,3,3,2,23,3,5,6,4,33,2,18,2
"529","za",5,2,2,4,5,3,2,4,5,3,5,NA,3,5,4,175,2,6,3,4,3,20,2,14,2
"530","za",4,4,1,5,5,5,1,5,5,3,5,NA,1,2,3,1,32,7,3,6,8,20,1,15,1
"531","uk",4,2,3,5,2,3,2,2,2,5,2,2,3,2,3,225,28,4,2,3,4,35,1,13,1
"532","uk",5,2,1,5,4,5,1,5,3,5,5,35,1,4,4,1,22,3,3,5,4,39,2,16,2
"533","uk",4,1,3,4,1,4,3,4,1,4,3,35,4,3,4,15,35,5,2,7,7,70,1,11,1
"534","ita",4,3,1,5,4,4,2,4,3,4,4,375,3,4,4,1,25,3,6,7,3,25,1,18,1
"535","za",4,4,4,5,1,4,4,2,2,2,4,NA,4,4,4,325,33,7,6,6,8,21,1,14,1
"536","uk",4,2,2,5,4,2,1,4,4,4,5,2,2,3,3,125,14,4,3,7,4,49,2,22,2
"537","ita",5,2,1,5,3,5,1,4,4,4,4,425,3,4,4,175,21,3,3,6,4,24,2,15,2
"538","uk",5,2,1,5,4,4,1,5,2,1,4,25,3,5,2,1,17,5,3,7,2,41,1,21,1
"539","uk",4,2,2,3,2,4,3,3,3,3,4,375,2,3,3,275,27,6,3,5,5,64,2,16,2
"540","za",3,3,3,5,5,5,1,5,3,1,5,5,3,3,3,15,29,4,3,1,6,24,1,12,1
"541","uk",2,1,1,4,3,4,2,3,2,3,2,3,3,1,3,1,2,6,3,5,7,53,2,11,2
"542","uk",4,2,1,5,4,4,2,5,4,5,5,425,4,2,3,225,19,3,5,7,5,51,1,12,1
"543","ita",3,3,1,5,4,4,1,5,4,5,5,35,4,3,2,1,26,4,6,7,5,37,1,20,1
"544","za",4,4,4,5,1,4,4,2,2,2,4,NA,4,4,4,325,33,7,6,6,8,21,1,14,1
"545","za",4,3,1,5,4,5,2,4,4,3,5,4,1,4,4,1,26,4,1,3,4,33,1,15,1
"546","za",3,5,2,5,2,4,2,4,3,5,5,325,2,3,5,2,37,1,2,4,8,28,2,15,2
"547","uk",5,1,3,5,4,5,1,5,4,4,5,325,2,4,3,1,14,2,4,5,4,41,2,12,2
"548","za",5,4,4,5,4,5,1,5,5,1,5,NA,1,5,5,1,26,4,2,3,6,22,1,18,1
"549","ita",4,3,3,5,4,4,2,5,4,4,5,45,3,2,4,1,22,7,7,6,6,48,1,13,1
"550","uk",5,2,1,5,4,5,1,5,3,5,5,35,1,4,4,1,22,3,3,5,4,39,2,16,2
"551","uk",3,3,3,4,2,2,3,4,2,4,4,275,4,4,3,35,31,4,3,5,6,30,1,16,1
"552","za",3,4,2,2,1,3,4,2,1,2,2,1,2,1,4,3,3,4,3,7,10,28,1,22,1
"553","uk",5,1,2,5,3,5,1,4,3,5,5,325,4,3,1,125,12,2,5,4,1,22,3,17,3
"554","ita",5,2,1,4,3,4,2,4,4,3,4,3,3,4,2,1,17,5,4,6,3,28,2,18,2
"555","uk",4,2,1,5,4,4,2,5,4,5,5,425,4,2,3,225,19,3,5,7,5,51,1,12,1
"556","ita",4,2,3,5,3,4,1,4,3,5,5,475,2,2,4,15,29,2,2,7,4,24,1,18,1
"557","ita",4,2,2,4,3,3,5,5,3,5,5,425,3,2,4,15,18,6,5,6,3,34,1,16,1
"558","za",4,3,2,2,4,4,1,5,4,1,4,375,1,4,3,1,23,2,2,5,2,22,2,15,2
"559","za",5,4,3,5,5,5,1,3,5,3,3,275,1,5,4,225,35,7,2,6,11,24,1,6,1
"560","ita",4,2,3,5,5,5,1,5,5,3,5,NA,4,3,3,125,15,2,4,7,2,28,1,20,1
"561","ita",3,4,3,5,3,4,2,4,3,4,5,375,3,4,4,225,3,4,4,7,4,26,2,18,2
"562","ita",5,1,1,4,4,4,1,5,4,3,5,NA,1,5,3,15,24,4,4,5,1,19,2,15,2
"563","za",5,2,1,5,3,4,1,5,5,3,4,1,1,5,3,1,17,3,3,6,1,31,1,16,1
"564","za",4,3,1,5,2,4,2,4,4,2,4,NA,1,4,4,225,21,3,4,7,4,20,1,15,1
"565","uk",4,3,2,4,3,3,3,4,3,4,4,3,3,2,3,25,25,3,4,6,4,35,1,20,1
"566","uk",4,3,2,4,3,4,2,4,3,3,4,325,4,3,2,1,18,4,2,4,6,54,1,12,1
"567","za",5,3,2,5,1,5,1,5,5,3,1,4,1,5,4,1,23,7,3,3,6,20,1,14,1
"568","uk",4,3,2,5,3,4,1,3,3,5,4,35,3,5,4,25,34,2,4,5,6,42,2,17,2
"569","uk",2,3,1,3,4,4,3,4,3,4,4,35,4,3,4,25,3,6,4,2,9,51,1,12,1
"570","ita",4,1,1,4,3,4,2,4,4,4,4,NA,3,3,2,15,22,6,5,7,4,26,2,19,2
"571","uk",4,2,4,5,4,4,2,4,4,5,5,325,4,4,3,1,23,4,3,8,4,35,2,17,2
"572","uk",4,1,4,5,3,4,2,3,3,5,4,325,3,3,3,225,24,6,6,7,4,50,2,18,2
"573","za",5,3,1,5,3,5,2,4,2,3,5,175,1,5,5,1,25,7,1,5,5,23,1,16,1
"574","ita",4,2,2,5,3,4,4,4,4,4,3,45,2,4,4,2,26,4,4,6,6,24,2,22,2
"575","za",3,2,1,5,1,5,3,3,4,1,5,5,3,2,3,125,24,3,2,7,8,23,2,16,2
"576","uk",3,3,1,4,1,1,3,3,3,4,3,25,3,3,4,125,24,3,2,5,7,56,1,13,1
"577","za",4,2,2,5,3,4,1,3,2,2,4,2,3,2,3,225,26,3,2,5,10,29,2,18,2
"578","ita",5,2,1,5,3,5,1,4,4,4,4,425,3,4,4,175,21,3,3,6,4,24,2,15,2
"579","ita",4,2,1,5,4,4,1,5,5,5,4,175,3,4,2,1,13,4,3,5,2,22,1,17,1
"580","uk",3,2,1,5,2,4,2,3,2,5,5,325,4,4,3,1,14,4,5,7,6,46,2,15,2
"581","za",5,1,1,5,3,5,1,5,4,3,5,275,2,4,3,1,19,3,2,5,1,28,1,18,1
"582","ita",4,2,1,5,4,5,1,5,4,5,5,45,4,2,3,15,16,5,6,7,4,23,1,18,1
"583","uk",5,1,1,5,5,5,1,5,4,4,5,4,4,4,3,1,13,3,4,7,1,53,1,15,1
"584","za",5,3,3,5,5,5,4,4,5,5,5,4,1,5,4,15,29,7,6,5,6,52,2,12,2
"585","ita",3,4,3,3,1,4,3,2,3,3,4,375,3,2,3,2,28,4,3,7,5,31,1,16,1
"586","ita",5,3,2,5,3,3,2,4,3,4,3,175,3,3,3,2,18,7,2,8,3,25,2,18,2
"587","uk",5,2,2,5,2,3,2,4,4,4,5,325,3,5,4,1,27,3,4,7,8,36,1,18,1
"588","uk",4,2,2,4,3,4,2,4,4,4,4,3,4,3,3,2,23,5,3,6,5,31,2,20,2
"589","uk",4,2,3,4,3,3,3,4,3,5,4,225,3,3,3,225,28,3,6,9,6,37,2,24,2
"590","uk",4,1,2,5,3,4,1,4,3,5,3,3,4,4,2,225,18,4,4,5,4,32,2,15,2
"591","uk",5,1,2,5,2,4,1,5,3,5,5,2,2,4,3,175,16,3,5,4,4,31,1,17,1
"592","za",5,3,2,5,4,5,1,5,5,5,5,175,3,5,3,15,23,3,1,5,7,33,1,16,1
"593","ita",4,2,1,5,4,4,1,4,3,5,5,325,3,3,2,2,2,4,4,7,3,32,1,18,1
"594","uk",4,2,2,4,3,4,2,3,3,4,3,325,3,3,3,15,25,4,3,6,6,41,2,19,2
"595","uk",5,2,1,5,4,5,1,5,3,5,5,35,1,4,4,1,22,3,3,5,4,39,2,16,2
"596","za",5,3,2,5,1,5,1,5,5,3,1,4,1,5,4,1,23,7,3,3,6,20,1,14,1
"597","ita",4,1,1,5,5,5,5,5,5,3,5,45,4,4,3,1,19,7,7,8,4,45,2,13,2
"598","ita",5,3,1,5,5,3,1,5,3,3,3,225,3,3,3,175,2,7,5,7,4,41,1,19,1
"599","za",5,4,2,5,5,5,1,4,4,3,5,275,2,5,3,1,21,5,3,6,7,35,2,19,2
"600","ita",4,3,1,5,4,3,2,4,3,3,4,NA,2,3,3,225,27,4,3,7,3,24,2,19,2
"601","uk",5,1,2,5,4,3,2,4,3,5,5,4,2,5,4,1,2,4,3,5,5,44,2,20,2
"602","za",5,3,2,5,4,5,1,5,4,2,2,2,2,4,4,175,31,3,4,7,3,34,1,15,1
"603","ita",4,2,1,5,4,5,2,4,4,4,4,325,2,4,3,15,3,4,3,7,4,21,2,16,2
"604","za",5,1,2,5,3,4,1,5,4,3,3,4,1,5,2,125,19,7,2,3,8,43,1,16,1
"605","uk",4,2,3,4,3,4,2,4,3,4,4,325,1,2,3,1,3,7,4,6,4,20,2,15,2
"606","za",4,3,1,5,2,4,2,4,4,2,4,NA,1,4,4,225,21,3,4,7,4,20,1,15,1
"607","ita",4,2,1,5,3,5,2,5,4,4,5,NA,3,4,2,1,15,3,5,7,1,27,2,18,2
"608","za",4,3,2,5,4,4,2,4,4,2,4,NA,1,4,3,2,3,2,2,5,8,31,2,14,2
"609","za",4,3,1,4,2,5,3,3,2,2,4,NA,2,4,3,225,25,2,4,6,6,23,1,14,1
"610","uk",4,2,2,5,5,5,1,4,3,3,4,375,3,4,2,125,15,3,1,6,5,50,2,17,2
"611","uk",3,2,2,5,4,5,2,5,4,4,4,375,2,3,3,225,25,3,2,6,4,30,2,19,2
"612","uk",4,1,3,5,4,5,1,4,3,4,5,325,2,3,3,125,19,5,3,5,2,35,1,15,1
"613","za",5,2,1,3,2,5,3,2,5,3,5,5,1,5,3,275,26,5,3,4,9,19,2,3,2
"614","za",5,2,2,5,2,3,2,4,3,3,4,125,2,4,4,15,21,5,3,7,6,22,1,16,1
"615","ita",4,3,4,5,2,4,2,4,2,4,4,25,2,4,3,35,28,4,3,8,11,33,1,18,1
"616","uk",5,3,4,4,1,3,1,4,2,5,3,1,2,5,4,225,26,3,3,4,7,28,1,12,1
"617","ita",4,2,2,4,3,3,2,4,4,3,4,NA,4,3,3,2,23,4,3,7,4,24,2,16,2
"618","za",3,4,4,5,4,3,4,5,3,3,5,NA,4,4,4,175,27,3,2,6,8,19,1,2,1
"619","ita",4,3,1,5,1,4,2,4,4,5,4,NA,2,4,4,1,25,4,3,5,4,36,2,20,2
"620","ita",4,3,2,3,3,3,2,4,4,4,5,25,1,4,4,15,22,2,2,7,6,26,2,13,2
"621","za",4,2,2,5,5,5,2,4,5,2,5,NA,2,5,4,1,18,2,3,5,4,22,2,18,2
"622","za",5,3,3,5,3,5,1,4,5,2,4,NA,1,5,3,125,23,2,1,5,9,31,2,16,2
"623","za",4,4,1,5,5,5,1,5,3,2,5,425,1,2,5,1,25,7,2,2,4,20,2,16,2
"624","ita",4,2,2,5,4,3,3,5,4,4,4,325,3,2,2,2,18,7,4,7,6,47,1,18,1
"625","ita",5,2,2,5,4,5,1,5,4,5,5,35,4,4,4,15,27,5,4,7,4,23,1,18,1
"626","za",5,2,1,5,5,5,1,5,5,3,5,NA,1,3,4,1,16,7,2,3,1,23,1,18,1
"627","uk",3,3,3,3,2,3,3,3,3,3,3,325,2,3,3,3,3,3,2,4,6,27,2,15,2
"628","ita",3,2,2,5,3,5,1,4,3,5,5,45,2,2,3,225,23,3,2,8,4,24,1,18,1
"629","uk",3,3,2,4,3,4,2,3,3,4,4,375,3,4,4,25,3,4,3,6,6,37,2,19,2
"630","uk",5,1,2,5,4,5,2,4,3,5,4,325,4,4,3,175,24,3,2,3,4,22,2,18,2
"631","uk",5,3,1,5,3,3,1,5,4,5,1,1,3,3,2,1,16,4,3,3,3,56,2,12,2
"632","za",5,5,2,5,1,5,1,5,4,2,5,3,4,5,3,1,18,1,4,3,6,35,2,12,2
"633","za",5,3,2,5,4,5,2,4,5,1,5,175,1,5,2,1,24,5,1,2,7,27,2,17,2
"634","uk",4,2,3,4,4,4,2,4,3,4,4,45,3,3,3,2,22,6,3,7,4,50,1,17,1
"635","ita",4,1,2,5,4,5,1,5,4,5,5,425,4,4,4,15,18,7,7,6,2,36,1,18,1
"636","za",2,4,2,3,2,5,3,4,3,3,3,425,3,2,3,2,27,4,7,7,3,19,1,13,1
"637","uk",4,2,2,5,3,5,2,4,3,5,5,325,3,5,2,1,2,4,2,3,3,33,1,17,1
"638","ita",4,2,2,4,3,4,2,4,3,5,4,25,3,4,3,2,28,6,4,6,8,22,1,16,1
"639","uk",3,2,3,5,4,2,3,3,3,5,4,25,4,2,3,1,19,4,3,7,4,66,1,18,1
"640","uk",4,3,3,4,2,3,4,3,2,4,5,45,4,4,4,25,32,6,3,8,9,65,1,21,1
"641","za",3,3,3,4,5,3,3,5,4,2,4,425,3,4,4,25,27,3,4,4,4,26,2,16,2
"642","za",4,2,2,4,4,4,2,4,4,3,5,375,2,4,4,225,19,5,4,5,6,23,1,18,1
"643","za",4,2,3,2,1,4,2,3,1,3,5,175,1,2,3,1,2,3,2,6,4,24,1,17,1
"644","uk",4,2,3,5,5,5,1,5,5,3,5,325,4,4,2,125,25,5,2,3,4,57,2,14,2
"645","za",4,3,3,5,2,5,1,5,3,1,5,1,1,5,4,275,28,4,4,7,10,26,2,20,2
"646","ita",3,4,3,5,3,4,2,4,3,4,5,375,3,4,4,225,3,4,4,7,4,26,2,18,2
"647","ita",5,2,1,5,5,5,1,5,5,4,5,3,3,5,3,1,14,4,7,6,2,42,2,20,2
"648","ita",5,1,1,5,3,5,1,5,3,5,5,NA,1,5,3,1,17,3,4,7,1,25,2,18,2
"649","za",3,2,2,4,2,4,2,3,3,2,3,35,3,3,3,2,27,4,2,6,4,25,2,12,2
"650","za",4,4,4,5,1,4,4,2,2,2,4,NA,4,4,4,325,33,7,6,6,8,21,1,14,1
"651","za",4,2,2,4,5,4,1,4,5,3,5,425,2,3,4,1,2,3,2,6,3,24,2,17,2
"652","za",4,2,3,5,4,4,2,3,3,1,3,3,3,4,3,225,29,3,1,3,4,21,2,15,2
"653","ita",5,1,2,5,3,3,1,4,4,4,5,35,2,4,3,15,26,5,4,7,6,30,2,14,2
"654","za",4,4,2,5,3,3,1,4,4,3,2,25,2,3,3,125,2,1,2,3,7,42,2,15,2
"655","za",5,3,1,5,2,5,2,4,4,1,5,475,1,4,4,125,15,7,2,3,8,24,1,17,1
"656","za",5,4,3,5,5,5,2,5,3,3,5,3,1,5,3,1,36,4,2,6,1,26,2,16,2
"657","za",4,5,3,4,3,3,4,3,2,4,3,375,3,2,4,3,34,3,6,3,1,21,1,17,1
"658","za",5,2,2,5,2,3,2,4,3,3,4,125,2,4,4,15,21,5,3,7,6,22,1,16,1
"659","ita",4,2,2,5,4,5,1,5,4,1,4,4,2,2,3,125,12,4,4,4,3,28,1,18,1
"660","ita",5,2,1,5,5,5,2,4,4,4,4,4,3,3,3,125,17,4,3,4,4,22,1,15,1
"661","za",3,4,1,5,1,3,4,3,1,3,5,425,4,1,4,125,33,6,6,8,3,55,1,15,1
"662","uk",3,2,1,3,2,3,3,3,3,4,4,2,2,2,3,25,27,3,3,5,6,55,1,20,1
"663","ita",5,1,1,5,4,5,1,5,4,5,5,4,4,3,2,15,13,4,4,7,3,24,1,18,1
"664","za",3,2,1,5,1,3,1,2,1,3,5,275,4,1,4,15,21,4,3,5,7,45,2,12,2
"665","za",4,2,1,5,3,5,1,5,4,2,4,175,3,3,4,15,25,4,2,4,4,28,1,21,1
"666","uk",4,2,1,4,3,4,3,3,3,3,4,4,2,4,3,1,2,2,2,4,3,46,2,17,2
"667","za",4,3,3,5,3,4,2,4,4,2,3,2,3,1,4,225,2,6,6,6,8,36,1,21,1
"668","ita",5,3,2,4,1,4,2,3,4,4,2,1,1,4,3,275,26,4,3,3,7,23,1,16,1
"669","uk",4,3,1,5,4,5,1,5,4,5,4,1,5,4,5,1,23,2,2,5,1,47,2,16,2
"670","uk",2,3,2,4,1,3,3,3,2,4,4,325,2,3,4,15,25,3,2,4,3,29,1,14,1
"671","uk",2,3,3,4,1,3,2,3,2,3,3,3,3,2,3,275,32,7,5,6,9,54,1,14,1
"672","ita",5,2,3,5,1,4,1,5,5,2,5,275,3,4,3,2,17,3,2,5,1,26,1,21,1
"673","uk",5,1,1,5,1,3,1,5,5,5,1,1,1,5,1,25,11,1,1,5,6,37,1,18,1
"674","za",5,3,5,5,5,5,1,5,5,3,5,225,1,5,3,1,25,6,4,6,5,20,1,14,1
"675","za",5,3,2,5,4,3,1,3,3,2,4,275,2,5,4,2,22,3,4,6,6,22,1,16,1
"676","ita",3,3,1,5,4,4,1,5,4,5,5,35,4,3,2,1,26,4,6,7,5,37,1,20,1
"677","ita",3,3,2,5,5,5,3,5,5,1,4,275,4,3,3,2,32,4,2,3,3,40,1,18,1
"678","ita",4,2,2,4,3,4,2,4,3,5,4,25,3,4,3,2,28,6,4,6,8,22,1,16,1
"679","uk",4,3,4,5,4,3,2,4,4,4,4,325,3,4,4,175,28,6,5,7,6,45,2,19,2
"680","uk",4,2,1,5,5,4,1,4,4,5,4,45,4,4,3,2,29,2,4,7,6,53,1,15,1
"681","uk",4,1,1,5,4,4,2,4,3,4,4,375,4,4,2,175,2,3,3,6,3,51,2,24,2
"682","uk",5,3,2,5,5,4,1,5,5,4,4,325,2,3,3,1,21,2,3,6,3,38,1,18,1
"683","za",5,2,2,5,1,3,2,4,3,2,3,1,4,4,2,1,17,7,2,6,2,37,1,17,1
"684","uk",5,1,3,5,5,5,1,5,5,5,5,325,4,5,2,225,11,2,4,2,1,47,1,17,1
"685","uk",3,2,3,3,1,1,3,3,3,5,1,1,3,3,3,225,32,5,3,7,9,63,1,14,1
"686","za",5,3,3,5,5,5,4,4,5,5,5,4,1,5,4,15,29,7,6,5,6,52,2,12,2
"687","uk",5,3,4,5,4,4,1,5,5,3,4,225,1,5,2,1,17,2,1,3,1,47,2,11,2
"688","za",5,3,2,5,5,5,1,5,5,3,5,2,1,5,3,1,26,4,1,3,1,29,2,15,2
"689","za",5,2,2,5,5,3,1,5,4,3,5,225,2,5,3,2,12,5,3,6,3,33,1,19,1
"690","za",4,3,1,5,3,5,3,2,1,3,5,NA,1,5,4,1,28,5,1,5,6,26,2,18,2
"691","za",5,3,3,5,4,5,1,1,5,1,5,3,3,5,3,2,2,4,2,3,7,31,2,16,2
"692","uk",2,1,1,4,3,4,2,3,2,3,2,3,3,1,3,1,2,6,3,5,7,53,2,11,2
"693","ita",4,3,1,4,3,4,2,5,4,3,4,NA,3,4,3,2,24,5,4,4,3,26,2,20,2
"694","za",5,3,1,5,3,4,2,4,4,3,5,375,2,4,3,125,22,5,3,7,6,28,2,18,2
"695","uk",4,2,2,5,5,5,1,4,4,4,5,25,2,4,3,225,25,4,4,6,3,30,2,14,2
"696","za",5,5,5,5,1,5,5,5,5,1,5,3,1,5,5,25,34,1,2,7,6,22,1,15,1
"697","uk",4,2,1,5,2,4,2,5,3,4,3,325,1,3,2,15,21,2,2,6,7,24,2,15,2
"698","ita",4,2,2,5,1,5,2,4,4,3,5,3,3,4,3,15,22,3,5,7,7,27,1,23,1
"699","uk",4,2,3,4,2,4,2,4,4,4,4,375,3,4,3,175,2,5,3,7,7,55,1,13,1
"700","ita",5,1,1,5,4,4,2,5,3,4,5,35,2,3,2,175,2,3,4,6,3,25,2,18,2
"701","uk",3,3,2,4,3,4,2,3,3,4,4,375,3,4,4,25,3,4,3,6,6,37,2,19,2
"702","uk",4,1,1,5,5,5,1,5,5,5,5,325,3,5,2,1,11,4,5,4,4,24,1,17,1
"703","za",3,3,4,4,4,5,1,5,5,2,5,NA,1,4,3,275,31,2,1,5,8,27,2,16,2
"704","za",5,2,3,5,4,5,1,4,5,3,5,3,1,5,3,2,22,4,2,3,4,29,1,15,1
"705","za",4,3,2,5,4,4,2,4,4,2,4,NA,1,4,3,2,3,2,2,5,8,31,2,14,2
"706","uk",4,1,1,5,5,5,1,5,3,5,5,35,4,2,2,125,14,4,5,8,4,70,2,18,2
"707","ita",4,2,1,4,3,4,3,4,3,4,4,25,1,3,3,15,25,2,4,7,4,22,1,16,1
"708","uk",4,2,1,4,3,5,2,4,4,4,4,35,3,5,4,1,23,2,1,2,6,43,1,12,1
"709","ita",4,2,1,4,3,3,2,4,3,2,4,NA,1,2,3,1,22,2,4,3,1,23,3,16,3
"710","uk",2,2,2,5,2,3,4,4,3,5,4,325,2,2,4,225,27,2,1,5,6,31,2,15,2
"711","uk",4,3,2,5,3,4,2,4,3,3,3,35,1,4,2,125,14,4,2,3,4,39,2,13,2
"712","ita",4,2,1,5,5,5,1,5,5,3,5,NA,3,3,2,275,17,3,2,4,10,36,2,14,2
"713","ita",4,2,1,4,1,1,2,3,3,4,1,1,3,4,2,225,19,5,7,7,6,41,1,12,1
"714","ita",5,2,1,5,3,5,1,4,5,4,5,NA,3,4,4,125,19,5,5,6,4,24,2,18,2
"715","za",4,3,3,5,4,5,3,4,5,4,5,3,1,5,3,225,28,2,1,5,6,32,1,18,1
"716","za",4,2,3,5,5,5,4,3,4,3,5,325,1,4,4,325,29,3,1,4,6,22,1,15,1
"717","uk",4,2,1,5,5,5,1,5,5,5,4,25,2,4,4,1,28,4,3,6,3,32,1,22,1
"718","ita",5,1,2,5,5,3,2,4,4,3,5,375,2,5,3,125,13,3,4,5,1,23,2,18,2
"719","ita",5,3,1,5,3,4,1,4,4,4,4,225,2,3,3,2,23,3,5,6,4,33,2,18,2
"720","uk",2,4,5,1,1,1,3,4,1,5,1,1,1,1,1,475,35,4,2,9,8,36,1,22,1
"721","uk",4,2,3,5,3,4,3,3,4,4,4,325,2,3,3,2,23,1,3,5,4,29,2,16,2
"722","uk",5,1,2,5,5,5,1,5,4,5,5,375,3,4,3,1,14,3,6,6,3,37,2,18,2
"723","za",4,3,1,5,4,2,2,3,2,3,2,1,1,3,4,225,18,4,5,7,6,22,2,18,2
"724","ita",4,3,3,4,3,4,3,3,4,4,3,275,3,4,4,175,21,5,4,6,6,26,1,25,1
"725","uk",4,2,3,5,4,5,2,4,4,4,4,35,4,4,4,15,25,4,4,6,3,37,2,11,2
"726","ita",4,2,1,4,1,4,2,3,3,5,4,375,3,2,4,175,27,3,5,6,3,25,1,17,1
"727","uk",5,1,3,5,5,5,1,5,5,5,5,325,4,5,2,225,11,2,4,2,1,47,1,17,1
"728","uk",4,2,2,4,3,4,2,5,3,1,4,325,2,4,2,175,2,5,4,7,3,34,2,17,2
"729","ita",3,1,1,4,1,3,2,4,3,4,2,275,1,3,3,275,22,2,2,5,6,21,1,16,1
"730","za",4,3,2,4,4,4,2,4,3,3,4,3,2,4,2,225,3,2,3,7,8,20,1,15,1
"731","ita",4,4,2,4,4,3,2,4,3,4,4,NA,2,4,4,25,29,4,6,7,4,25,2,19,2
"732","za",4,5,1,5,1,3,2,4,2,2,4,125,2,3,4,225,28,5,3,5,5,31,1,16,1
"733","uk",5,3,1,5,4,2,1,4,3,5,5,35,3,4,3,15,23,2,1,5,6,24,2,15,2
"734","ita",4,2,1,5,5,5,1,5,5,3,5,NA,3,3,2,275,17,3,2,4,10,36,2,14,2
"735","uk",4,2,3,3,2,4,3,3,3,4,4,2,1,3,4,175,26,4,2,4,5,36,2,12,2
"736","za",5,4,4,5,3,5,1,5,3,3,5,275,1,4,3,2,28,3,1,4,8,32,2,15,2
