"","id","estimation_condition","low_rep_est1","low_rep_est2","low_rep_est3","low_rep_est4","low_rep_est5","low_rep_est6","low_rep_est_all","addiction1","addiction2","addiction3","addiction4","addiction5","addiction6","imc","addiction7","addiction8","dependency1","dependency2","dependency3","dependency4","dependency5","hour","minute","rm1","rm2","rm3","rm4","rm5","rm6","rm7","rm8","rm9","rm10","rm11","rm12","female","age"
"1",160,1,3,2,2,2,2,3,4,3,3,4,3,3,4,2,4,3,3,3,3,3,2,0,10,3,3,4,4,4,3,4,3,3,4,4,4,1,52
"2",119,1,1,1,6,1,1,1,6,1,1,1,1,3,1,2,1,1,1,1,1,1,5,0,15,5,5,6,5,5,2,2,5,1,5,1,2,1,30
"3",660,1,3,3,3,3,3,4,3,4,5,3,6,6,3,2,3,2,3,4,3,3,2,0,5,4,4,4,3,3,4,3,4,3,4,4,4,1,21
"4",505,0,1,1,4,2,3,3,4,3,3,2,2,5,5,2,3,3,2,2,1,1,2,1,0,4,4,4,4,4,4,4,4,3,4,3,3,1,50
"5",510,1,3,3,3,3,3,3,3,3,3,2,3,5,3,2,3,3,2,2,2,2,2,0,3,4,3,4,3,3,4,5,4,4,4,4,4,1,54
"6",405,1,5,4,2,5,5,2,2,5,6,3,5,4,4,2,4,5,2,2,2,1,3,2,0,3,4,3,3,5,5,2,5,2,5,2,3,1,37
"7",704,0,4,3,5,2,3,2,5,4,2,2,3,3,5,2,4,6,3,3,4,3,2,2,6,3,4,4,4,4,4,3,5,3,5,2,3,2,53
"8",300,1,3,3,4,3,3,3,4,2,2,2,4,4,3,2,2,4,2,2,3,2,2,0,30,4,3,4,4,3,3,4,4,3,4,4,4,1,50
"9",591,0,2,4,4,3,3,3,4,4,4,3,4,4,4,2,4,3,3,3,4,3,3,1,7,4,4,4,3,3,4,4,3,3,4,3,3,1,33
"10",474,0,2,2,5,2,2,3,4,3,3,1,5,5,2,2,6,4,1,2,3,1,3,1,10,4,3,4,3,3,3,3,3,2,4,3,3,2,57
"11",615,0,2,2,3,2,2,2,4,1,1,1,1,1,1,2,1,1,1,1,1,1,1,0,3,2,2,2,5,2,3,5,2,4,2,5,4,1,36
"12",629,1,3,2,4,2,1,2,4,3,5,2,5,6,5,2,5,6,4,2,3,4,2,0,40,5,4,5,5,3,3,2,4,3,5,4,2,1,31
"13",669,0,2,2,5,2,2,2,5,1,1,1,2,5,2,2,2,2,4,1,1,1,1,0,10,5,5,4,5,5,4,4,5,4,4,4,4,2,57
"14",627,0,3,3,3,3,3,3,4,3,5,4,4,5,4,2,5,5,3,3,3,3,3,0,10,3,4,4,3,3,4,4,4,4,4,4,4,2,53
"15",105,1,2,2,2,3,4,1,3,1,2,1,5,5,1,2,1,1,3,1,1,2,2,0,10,4,3,4,3,3,5,3,4,3,3,3,3,2,39
"16",385,1,1,1,1,1,1,1,4,1,1,1,3,4,4,2,2,2,3,1,1,2,1,1,0,3,3,4,3,3,4,4,3,3,4,4,4,1,59
"17",232,0,3,3,4,3,3,3,3,2,2,2,2,3,2,2,2,2,3,2,3,2,3,0,10,3,3,4,4,4,4,4,4,4,4,4,4,2,41
"18",319,1,5,5,2,5,5,5,2,1,1,1,1,1,1,2,1,1,1,1,1,1,1,0,5,5,4,5,4,4,5,4,5,4,5,4,4,1,55
"19",424,0,1,6,6,1,1,1,6,2,3,1,3,5,3,2,5,5,2,2,4,3,1,1,0,4,3,4,5,4,5,4,4,4,4,4,4,2,45
"20",508,1,6,5,3,6,5,6,1,2,2,2,4,5,2,2,3,2,2,1,1,1,3,0,20,3,3,4,4,4,4,3,3,3,4,3,2,2,53
"21",171,0,3,3,5,2,3,2,5,5,5,6,3,6,5,2,4,5,1,4,4,2,2,1,10,3,3,3,4,3,3,2,3,2,3,3,2,1,49
"22",287,1,1,2,4,2,2,2,3,1,2,1,4,5,3,2,1,1,1,1,2,2,1,0,10,5,5,5,4,4,5,5,5,4,5,5,5,1,46
"23",614,0,1,1,6,1,6,1,6,2,2,1,1,6,1,2,1,1,2,2,2,2,3,0,15,4,4,4,5,5,3,4,4,4,4,4,4,1,45
"24",700,1,3,3,4,3,3,3,3,1,1,1,1,1,1,2,1,1,1,1,1,1,1,0,5,3,3,3,3,2,1,3,3,1,3,1,1,2,38
"25",502,1,4,4,3,4,4,3,3,3,2,1,5,5,2,2,3,3,2,1,1,2,2,0,5,3,3,4,3,3,3,3,3,3,4,3,3,1,41
"26",274,0,2,2,5,2,2,2,5,2,2,2,2,2,2,2,2,2,2,2,2,2,2,0,5,2,2,5,2,2,5,5,2,5,5,5,5,1,51
"27",228,0,4,4,3,4,4,4,3,1,1,1,1,3,1,2,1,1,1,1,1,1,2,0,2,4,4,5,4,4,5,4,4,3,5,4,3,1,45
"28",420,1,2,2,3,2,2,2,4,1,2,1,4,5,2,2,2,2,1,1,1,1,1,0,10,5,5,5,5,5,5,5,5,5,5,5,5,1,60
"29",715,1,1,1,6,1,1,1,6,3,6,2,2,5,4,2,2,2,2,2,3,4,4,0,30,4,5,4,4,3,2,4,2,2,4,2,3,1,36
"30",409,1,1,1,3,3,3,1,3,1,1,1,1,1,3,2,1,1,1,1,2,1,1,0,5,2,3,1,3,1,5,3,2,3,3,3,3,1,72
"31",687,0,2,3,5,2,2,2,5,3,5,3,4,5,5,2,5,5,4,4,4,4,3,1,10,4,4,4,2,3,5,3,4,3,4,3,3,1,63
"32",647,1,4,3,3,4,3,4,3,1,1,1,7,3,5,2,1,6,1,1,2,1,1,0,15,4,3,5,4,2,6,4,5,3,5,3,3,1,50
"33",498,0,3,3,4,3,3,3,4,1,1,1,1,1,3,2,1,1,1,1,1,1,1,0,5,3,3,4,4,3,3,3,3,3,4,3,3,1,45
"34",94,1,2,2,4,2,2,3,5,1,1,1,1,1,1,2,1,1,1,1,1,1,1,0,10,3,4,3,4,4,3,4,4,4,3,4,4,1,48
"35",221,0,2,2,5,1,1,1,5,1,1,1,2,3,1,2,1,1,1,1,1,1,2,0,5,5,4,5,5,4,5,5,3,4,5,5,5,2,53
"36",596,1,3,3,3,3,3,3,3,1,1,1,1,1,1,2,1,1,1,1,1,1,3,0,5,4,4,5,4,4,4,4,4,3,4,4,4,1,45
"37",695,0,1,5,5,1,1,2,5,4,4,1,3,5,2,2,2,2,2,1,1,1,3,1,0,4,3,4,4,3,4,4,4,3,5,3,4,2,55
"38",427,0,2,1,5,1,1,1,6,2,5,6,3,4,2,2,4,2,2,2,2,1,3,0,20,4,4,2,4,5,3,3,3,3,2,2,2,1,48
"39",580,1,1,1,6,1,1,1,5,1,1,1,1,2,1,2,1,2,1,1,1,2,2,0,10,5,2,4,4,4,3,5,4,4,3,5,4,1,42
"40",301,0,3,3,4,3,3,4,4,5,4,5,3,5,4,2,5,4,4,2,4,4,3,1,0,3,3,3,3,3,3,3,3,3,3,3,3,1,42
"41",222,1,3,4,3,2,3,4,3,3,4,2,2,5,4,2,4,3,2,2,4,2,4,0,30,4,3,4,4,3,4,3,3,3,3,3,3,1,39
"42",707,0,3,3,4,3,3,3,3,2,3,1,5,4,5,2,2,4,3,4,4,3,2,0,30,2,3,4,2,3,4,3,3,2,3,2,2,1,39
"43",373,0,3,3,3,3,3,3,3,2,1,3,4,4,3,2,2,2,2,1,3,2,3,0,15,3,3,5,4,4,4,4,3,3,4,3,3,1,59
"44",595,0,1,1,6,1,1,1,6,1,1,1,1,7,1,2,1,1,5,5,5,5,1,6,0,6,3,3,4,6,6,6,6,1,6,2,1,1,37
"45",133,1,3,4,3,3,3,2,3,2,2,2,5,6,3,2,5,3,4,2,4,2,3,0,45,4,4,4,3,3,2,3,3,2,3,3,2,2,43
"46",666,1,3,3,3,2,3,3,4,4,2,4,2,3,4,2,3,3,3,3,4,4,3,1,0,3,3,3,4,3,3,3,2,5,4,2,3,1,43
"47",422,0,1,1,5,1,1,1,6,1,1,1,1,5,2,2,1,1,2,2,2,2,1,0,10,3,3,5,3,3,5,5,3,3,5,3,3,1,39
"48",299,1,2,2,4,2,2,2,4,2,2,1,2,2,1,2,1,1,2,1,2,2,2,0,20,3,3,2,4,5,4,4,4,5,2,4,4,2,20
"49",493,0,3,3,4,3,3,3,3,2,2,1,2,2,1,2,1,1,1,1,1,1,2,0,10,4,3,4,4,3,5,4,4,4,4,4,4,2,47
"50",320,1,3,3,3,3,3,3,3,1,1,1,1,5,5,2,5,3,4,2,2,2,1,1,30,4,4,4,4,4,4,3,3,4,3,3,3,2,19
"51",412,1,1,1,1,1,1,1,6,2,2,1,1,4,4,2,4,4,1,2,1,1,2,0,30,6,4,5,4,4,3,4,3,3,5,4,4,2,54
"52",466,1,1,2,6,1,2,2,4,3,3,1,4,2,2,2,2,2,3,1,2,2,2,0,50,3,3,4,4,4,3,5,3,4,2,5,4,1,51
"53",175,1,4,5,2,4,5,3,3,3,2,2,2,4,3,2,2,2,2,2,3,2,1,0,20,5,3,5,4,5,5,5,4,5,5,4,4,1,43
"54",715,1,1,1,6,1,1,1,6,3,6,2,2,5,4,2,2,2,2,2,3,4,4,0,30,4,5,4,4,3,2,4,2,2,4,2,3,1,36
"55",457,1,1,1,5,1,2,1,5,2,2,1,3,3,1,2,1,1,1,1,1,1,2,0,5,3,3,4,4,5,4,3,3,4,5,4,4,1,74
"56",158,1,1,1,4,2,2,3,4,3,5,2,4,5,2,2,2,2,2,2,3,2,1,0,50,3,2,4,2,4,4,4,4,3,4,4,4,1,43
"57",462,1,2,2,2,2,3,2,3,5,5,2,3,4,3,2,4,4,1,2,3,1,3,0,20,4,4,5,4,4,3,3,3,3,4,3,3,1,49
"58",189,0,1,1,5,1,1,1,5,2,1,1,4,4,2,2,2,4,3,3,2,2,3,0,40,4,2,2,3,3,2,3,3,4,4,2,2,2,34
"59",562,1,2,2,4,2,2,2,4,3,5,5,3,5,5,2,3,5,2,2,4,2,2,0,30,3,3,3,3,3,3,4,3,3,4,4,4,2,49
"60",447,0,3,3,4,3,3,3,4,4,3,2,2,4,4,2,1,1,2,2,2,1,1,0,10,1,3,4,3,4,3,4,4,4,3,3,4,1,49
"61",701,0,3,2,3,2,2,2,5,4,4,4,4,2,4,2,4,3,3,3,4,4,4,2,3,3,4,3,3,2,4,2,4,2,4,4,2,2,53
"62",683,0,2,2,5,2,4,2,4,3,2,2,2,5,3,2,3,2,3,3,2,3,3,1,0,4,4,2,4,5,2,3,3,5,2,5,3,1,48
"63",328,0,1,1,4,1,1,1,4,1,1,1,1,5,1,2,1,1,1,1,1,1,2,0,10,4,4,5,4,3,4,4,4,3,5,3,3,1,57
"64",205,0,4,4,3,4,4,4,3,2,1,2,2,4,2,2,2,1,1,1,1,1,1,0,10,4,3,4,3,3,4,3,3,3,4,3,3,1,33
"65",529,0,1,1,6,1,1,1,6,5,1,4,5,7,3,2,7,7,3,3,3,2,5,0,30,2,2,4,4,4,4,4,3,3,4,3,3,2,56
"66",268,0,2,1,4,3,3,3,5,3,3,2,2,5,1,2,2,2,2,2,1,1,1,0,20,2,1,4,3,3,2,2,4,2,4,3,3,1,24
"67",403,1,4,4,3,4,4,5,3,5,6,4,5,7,4,2,7,5,3,4,4,3,5,2,0,4,4,4,4,4,4,4,4,3,4,3,3,2,33
"68",630,1,1,1,6,1,6,2,5,1,3,1,3,3,2,2,2,2,4,2,3,3,2,0,10,5,5,5,5,5,3,4,4,2,5,3,3,2,56
"69",263,0,3,3,4,2,2,2,4,1,1,2,1,4,1,2,1,1,1,1,1,1,3,0,20,3,3,3,3,4,3,2,3,2,2,2,3,1,46
"70",607,0,3,3,3,2,3,2,4,4,3,2,5,5,2,2,4,4,3,3,4,3,2,2,0,3,4,3,3,4,3,4,2,4,3,4,4,1,34
"71",409,1,1,1,3,3,3,1,3,1,1,1,1,1,3,2,1,1,1,1,2,1,1,0,5,2,3,1,3,1,5,3,2,3,3,3,3,1,72
"72",611,0,2,2,3,3,3,2,4,2,2,2,3,5,2,2,2,2,2,1,1,1,2,0,10,2,2,2,4,4,3,4,4,4,4,4,4,1,48
"73",171,0,3,3,5,2,3,2,5,5,5,6,3,6,5,2,4,5,1,4,4,2,2,1,10,3,3,3,4,3,3,2,3,2,3,3,2,1,49
"74",710,0,3,3,4,3,3,3,4,3,3,3,3,5,3,2,4,3,3,2,3,2,2,1,0,4,3,3,4,3,3,3,3,3,3,3,3,1,48
"75",515,1,2,2,3,3,3,2,3,3,2,2,4,6,3,2,3,3,2,3,2,2,4,0,10,3,3,4,3,4,4,3,3,3,3,3,3,2,44
"76",394,1,1,1,5,1,6,1,6,2,2,2,2,5,2,2,2,1,1,2,3,2,2,0,30,5,5,5,5,5,5,5,4,3,5,4,5,1,47
"77",180,1,3,3,4,3,3,3,3,3,2,1,2,5,5,2,2,1,1,1,1,1,2,0,3,4,4,4,4,4,3,3,4,3,4,3,3,1,37
"78",324,0,5,5,3,4,5,5,2,3,2,5,6,5,2,2,2,1,4,1,4,2,4,6,0,5,5,6,5,5,3,2,3,2,4,3,3,2,21
"79",94,1,2,2,4,2,2,3,5,1,1,1,1,1,1,2,1,1,1,1,1,1,1,0,10,3,4,3,4,4,3,4,4,4,3,4,4,1,48
"80",276,1,4,4,3,4,4,4,3,4,4,4,4,4,4,2,4,3,3,3,3,3,3,0,10,4,3,3,4,4,3,4,4,3,3,2,5,1,49
"81",291,0,2,2,5,2,1,2,5,2,2,2,5,5,2,2,3,2,2,1,3,2,1,0,20,2,2,5,4,5,5,4,3,3,4,2,2,1,47
"82",199,1,5,5,2,5,5,5,2,5,5,2,3,3,3,2,3,3,2,2,4,2,2,1,0,2,3,5,5,4,3,3,4,3,4,3,3,1,46
"83",169,0,3,3,3,3,3,2,3,2,3,3,2,3,2,2,2,2,2,2,2,2,2,0,30,3,3,5,3,4,3,3,3,5,3,4,4,1,56
"84",383,0,1,1,5,1,1,1,5,2,2,2,2,3,3,2,2,2,2,2,2,1,2,0,30,2,2,5,5,5,6,2,2,2,4,2,3,1,41
"85",173,0,3,3,4,3,3,3,3,1,1,1,3,3,5,2,2,3,2,2,2,2,1,0,10,3,2,2,3,3,3,3,3,3,3,3,3,2,25
"86",317,0,3,2,5,1,1,1,6,3,3,3,4,4,3,2,4,4,2,2,2,2,1,1,15,3,3,3,4,3,4,4,4,3,4,4,4,1,55
"87",712,1,3,4,3,3,3,4,3,2,2,2,2,4,1,2,3,2,1,3,2,1,2,0,5,2,4,4,5,3,4,3,4,2,4,2,2,1,55
"88",470,0,1,2,4,1,2,2,5,5,4,2,3,5,3,2,4,3,2,2,2,2,2,1,30,5,5,5,5,4,4,5,4,3,4,3,3,1,55
"89",591,0,2,4,4,3,3,3,4,4,4,3,4,4,4,2,4,3,3,3,4,3,3,1,7,4,4,4,3,3,4,4,3,3,4,3,3,1,33
"90",690,0,1,1,4,1,1,1,4,1,2,1,1,6,4,2,2,4,4,3,3,4,3,1,0,5,5,5,5,5,5,3,5,4,5,3,3,1,39
"91",372,1,5,5,2,4,4,2,2,3,1,2,5,5,2,2,5,2,1,2,3,1,3,0,30,3,4,4,3,3,5,4,3,3,4,3,4,1,21
"92",495,0,1,1,5,1,1,3,5,3,4,1,2,1,1,2,1,1,3,2,2,2,3,1,30,5,4,6,5,5,6,3,4,3,6,4,4,2,40
"93",220,1,4,4,3,3,4,4,3,3,2,2,3,4,3,2,2,3,2,3,3,2,2,2,0,3,3,4,3,3,2,2,3,2,2,2,3,1,29
"94",144,0,2,4,5,3,3,2,4,5,5,4,1,5,2,2,4,2,1,1,1,1,1,1,30,1,1,4,2,3,4,2,6,3,4,3,4,1,37
"95",613,0,3,3,3,3,3,3,3,3,4,3,4,4,4,2,4,3,3,3,3,2,3,1,1,4,3,3,4,4,3,4,3,4,3,4,3,1,50
"96",508,1,6,5,3,6,5,6,1,2,2,2,4,5,2,2,3,2,2,1,1,1,3,0,20,3,3,4,4,4,4,3,3,3,4,3,2,2,53
"97",422,0,1,1,5,1,1,1,6,1,1,1,1,5,2,2,1,1,2,2,2,2,1,0,10,3,3,5,3,3,5,5,3,3,5,3,3,1,39
"98",549,1,1,1,6,1,1,1,6,4,5,1,3,4,1,2,1,1,1,1,1,3,1,0,10,4,3,5,4,3,5,3,3,3,4,3,3,1,49
"99",560,1,3,3,3,3,4,3,2,4,4,3,4,3,3,2,3,4,3,3,3,3,2,0,15,3,2,2,4,3,1,3,2,3,4,4,4,1,45
"100",461,1,3,4,4,2,2,2,3,1,1,1,4,4,1,2,2,2,1,1,1,1,1,0,5,4,3,5,4,4,4,4,3,3,5,3,3,1,48
"101",689,0,2,2,5,2,2,2,6,3,2,1,3,5,1,2,2,1,1,1,1,1,2,0,3,3,3,5,4,4,5,4,4,4,5,4,3,1,58
"102",248,1,2,3,3,2,2,2,3,3,3,1,2,5,2,2,1,2,1,1,2,2,2,0,15,4,4,5,3,4,3,3,4,2,3,3,3,1,45
"103",582,1,2,2,5,2,2,2,4,1,1,1,7,1,1,2,1,1,1,4,1,1,2,0,10,5,5,5,2,3,4,3,3,3,3,3,3,1,44
"104",474,0,2,2,5,2,2,3,4,3,3,1,5,5,2,2,6,4,1,2,3,1,3,1,10,4,3,4,3,3,3,3,3,2,4,3,3,2,57
"105",536,1,3,3,4,2,2,3,3,3,2,2,6,3,3,2,4,5,4,2,4,3,2,1,0,4,3,5,5,4,2,3,4,2,4,3,3,2,46
"106",394,1,1,1,5,1,6,1,6,2,2,2,2,5,2,2,2,1,1,2,3,2,2,0,30,5,5,5,5,5,5,5,4,3,5,4,5,1,47
"107",256,1,4,2,5,1,1,1,4,1,1,1,1,4,6,2,1,1,3,1,1,1,3,0,5,3,5,5,2,5,5,5,5,4,4,3,3,2,42
"108",179,1,4,5,2,4,5,4,2,2,2,1,2,2,2,2,2,2,2,2,2,2,2,0,15,4,3,4,3,3,4,3,3,3,4,3,4,1,40
"109",662,1,1,1,6,1,1,1,6,3,1,1,2,6,5,2,2,2,1,1,3,1,3,1,0,5,5,6,5,4,5,3,4,3,4,2,2,2,37
"110",669,0,2,2,5,2,2,2,5,1,1,1,2,5,2,2,2,2,4,1,1,1,1,0,10,5,5,4,5,5,4,4,5,4,4,4,4,2,57
"111",119,1,1,1,6,1,1,1,6,1,1,1,1,3,1,2,1,1,1,1,1,1,5,0,15,5,5,6,5,5,2,2,5,1,5,1,2,1,30
"112",640,0,2,1,5,1,1,1,6,1,2,1,2,4,2,2,2,2,4,2,4,3,2,0,20,4,3,5,5,3,4,4,4,2,5,3,3,2,36
"113",295,1,4,5,3,4,4,3,3,2,2,1,5,5,2,2,5,2,4,1,4,4,3,0,30,3,3,3,3,3,3,3,3,3,3,3,3,1,50
"114",498,0,3,3,4,3,3,3,4,1,1,1,1,1,3,2,1,1,1,1,1,1,1,0,5,3,3,4,4,3,3,3,3,3,4,3,3,1,45
"115",298,1,3,2,3,2,2,2,3,2,6,1,2,5,2,2,2,2,1,1,2,1,2,4,0,2,2,4,2,2,3,3,3,3,3,3,3,1,60
"116",605,1,2,2,2,2,2,2,3,2,2,3,2,3,3,2,2,2,1,2,2,1,2,0,10,3,3,3,4,4,3,4,3,4,3,4,4,1,40
"117",358,0,3,4,4,3,3,2,4,4,4,2,3,5,3,2,2,1,1,1,2,1,2,0,30,4,4,4,4,4,4,3,4,4,4,3,3,2,49
"118",423,0,1,1,6,3,6,1,5,3,7,3,5,5,2,2,2,3,1,1,4,2,1,1,0,4,5,5,6,5,4,5,5,5,5,3,4,1,30
"119",615,0,2,2,3,2,2,2,4,1,1,1,1,1,1,2,1,1,1,1,1,1,1,0,3,2,2,2,5,2,3,5,2,4,2,5,4,1,36
"120",702,0,1,1,4,1,2,1,4,3,5,5,4,5,5,2,5,5,4,3,4,3,3,1,0,4,4,5,3,4,4,3,4,3,4,4,4,1,47
"121",196,0,5,5,5,5,5,5,2,2,2,2,2,4,2,2,2,2,2,2,2,2,4,0,15,2,2,5,2,5,5,5,5,2,5,2,2,1,36
"122",368,0,2,1,5,1,2,1,5,1,3,1,2,7,1,2,5,1,1,1,1,1,2,0,20,3,1,6,1,1,3,5,2,3,5,4,5,1,39
"123",139,0,1,1,5,2,2,2,4,1,6,6,6,7,1,2,1,1,1,1,4,1,2,0,5,5,5,6,4,2,4,1,6,1,6,1,1,2,29
"124",535,1,4,3,4,3,3,3,4,4,4,5,3,5,4,2,3,4,2,2,2,2,2,0,30,3,3,4,4,4,4,3,3,3,4,3,3,1,69
"125",636,0,1,1,6,6,1,1,6,1,1,1,1,1,1,2,1,1,1,1,1,1,3,0,30,5,3,5,5,2,5,4,4,3,4,3,3,1,62
"126",629,1,3,2,4,2,1,2,4,3,5,2,5,6,5,2,5,6,4,2,3,4,2,0,40,5,4,5,5,3,3,2,4,3,5,4,2,1,31
"127",515,1,2,2,3,3,3,2,3,3,2,2,4,6,3,2,3,3,2,3,2,2,4,0,10,3,3,4,3,4,4,3,3,3,3,3,3,2,44
"128",342,1,3,3,4,3,3,3,4,5,5,1,3,6,3,2,5,3,3,3,4,2,4,0,20,4,4,4,4,4,3,3,4,3,3,3,3,2,64
"129",425,0,3,2,3,2,4,3,3,3,4,5,2,4,2,2,2,2,4,4,4,4,2,0,15,5,5,5,5,4,4,5,4,4,6,4,4,1,49
"130",117,0,2,1,3,1,1,1,3,1,2,1,4,4,1,2,1,1,1,1,1,1,2,0,5,3,1,2,3,3,4,3,2,3,4,4,3,1,33
"131",394,1,1,1,5,1,6,1,6,2,2,2,2,5,2,2,2,1,1,2,3,2,2,0,30,5,5,5,5,5,5,5,4,3,5,4,5,1,47
"132",381,0,3,4,4,3,3,2,3,5,3,2,4,4,3,2,5,3,4,1,1,2,4,3,0,4,4,5,4,4,5,2,5,4,5,4,4,2,38
"133",642,0,2,2,5,2,2,2,5,4,4,4,4,4,4,2,4,3,3,2,3,3,3,2,10,3,3,4,4,4,3,3,4,3,4,2,3,4,55
"134",419,0,3,3,4,3,3,3,4,2,2,1,4,5,3,2,4,4,1,1,1,1,1,0,10,3,3,4,4,4,3,4,4,3,5,5,5,2,54
"135",605,1,2,2,2,2,2,2,3,2,2,3,2,3,3,2,2,2,1,2,2,1,2,0,10,3,3,3,4,4,3,4,3,4,3,4,4,1,40
"136",127,1,3,3,3,2,1,1,3,2,2,1,4,2,1,2,1,2,3,1,1,1,1,0,15,3,2,4,4,3,2,4,4,4,4,4,4,1,42
"137",546,1,1,1,4,1,1,1,4,1,2,1,1,5,1,2,3,4,2,2,2,1,4,0,5,3,2,5,3,3,5,4,4,4,4,4,4,2,29
"138",591,0,2,4,4,3,3,3,4,4,4,3,4,4,4,2,4,3,3,3,4,3,3,1,7,4,4,4,3,3,4,4,3,3,4,3,3,1,33
"139",374,0,2,4,6,2,2,2,3,2,2,1,6,6,3,2,6,6,2,2,1,1,3,0,20,3,2,4,4,2,4,3,3,3,3,3,4,2,45
"140",494,1,4,3,4,2,3,3,4,1,2,4,1,3,5,2,2,1,1,1,1,1,2,0,20,2,1,2,5,4,2,4,2,5,3,5,4,1,71
"141",446,1,4,4,3,4,4,4,3,2,2,2,4,4,4,2,4,3,2,2,2,2,2,0,30,4,4,5,4,4,4,4,4,3,5,3,3,1,51
"142",514,0,1,2,5,1,1,2,3,3,5,1,5,5,3,2,6,3,2,1,2,2,2,1,0,4,3,5,4,4,3,3,3,3,3,3,3,2,50
"143",484,1,1,2,5,1,2,1,5,3,3,2,2,6,4,2,5,2,1,1,4,2,3,1,0,5,3,3,5,5,4,5,4,3,5,3,3,1,49
"144",499,1,1,1,1,1,1,1,5,1,1,1,1,2,1,2,1,1,1,1,1,1,2,0,30,5,5,5,5,4,4,3,4,3,4,3,3,1,36
"145",473,0,1,1,6,1,1,1,6,2,2,6,4,6,5,2,2,6,1,1,5,1,1,1,30,2,3,4,2,2,5,5,4,5,5,5,5,2,47
"146",691,1,3,3,4,3,3,3,4,2,1,2,2,4,2,2,2,2,1,2,4,2,2,0,30,2,2,3,4,4,2,5,2,4,2,5,4,1,51
"147",535,1,4,3,4,3,3,3,4,4,4,5,3,5,4,2,3,4,2,2,2,2,2,0,30,3,3,4,4,4,4,3,3,3,4,3,3,1,69
"148",502,1,4,4,3,4,4,3,3,3,2,1,5,5,2,2,3,3,2,1,1,2,2,0,5,3,3,4,3,3,3,3,3,3,4,3,3,1,41
"149",239,1,2,2,5,2,2,2,5,1,1,2,2,5,1,2,1,1,1,1,1,1,2,0,20,5,5,5,4,3,5,2,3,2,3,2,2,1,56
"150",262,0,2,2,3,2,2,2,3,1,1,1,4,5,1,2,4,1,1,1,1,1,1,0,10,3,3,4,3,3,4,3,3,4,4,4,4,2,61
"151",332,0,3,2,4,2,2,3,4,5,5,5,5,5,4,2,2,3,4,3,1,4,1,1,1,4,4,4,4,4,4,2,4,3,3,3,3,2,32
"152",154,1,1,1,6,1,1,1,6,1,1,1,1,7,1,2,1,1,1,5,1,1,5,2,30,6,4,6,4,4,6,4,4,4,4,5,5,1,39
"153",111,1,2,3,3,2,2,2,3,2,2,2,3,2,2,2,1,3,3,1,1,2,2,0,45,3,2,2,4,5,2,4,2,5,2,5,5,1,34
"154",380,1,3,3,3,2,3,3,4,4,3,3,5,5,4,2,5,3,4,4,3,4,2,4,0,3,3,3,3,4,3,4,4,3,3,3,3,2,38
"155",698,0,2,2,5,2,2,2,5,1,1,1,2,5,1,2,1,1,1,1,1,1,3,0,5,2,2,3,2,4,4,3,3,3,4,3,3,2,60
"156",425,0,3,2,3,2,4,3,3,3,4,5,2,4,2,2,2,2,4,4,4,4,2,0,15,5,5,5,5,4,4,5,4,4,6,4,4,1,49
"157",179,1,4,5,2,4,5,4,2,2,2,1,2,2,2,2,2,2,2,2,2,2,2,0,15,4,3,4,3,3,4,3,3,3,4,3,4,1,40
"158",559,1,4,3,5,4,4,3,2,5,3,4,4,5,5,2,4,6,3,2,3,2,3,0,10,5,4,3,4,5,4,3,3,4,4,4,3,1,39
"159",498,0,3,3,4,3,3,3,4,1,1,1,1,1,3,2,1,1,1,1,1,1,1,0,5,3,3,4,4,3,3,3,3,3,4,3,3,1,45
"160",347,1,1,1,5,1,1,1,6,2,2,2,2,4,3,2,5,5,3,2,2,3,2,0,30,3,3,5,3,3,4,4,3,4,4,4,4,2,64
"161",160,1,3,2,2,2,2,3,4,3,3,4,3,3,4,2,4,3,3,3,3,3,2,0,10,3,3,4,4,4,3,4,3,3,4,4,4,1,52
"162",641,0,1,1,1,1,1,1,3,1,1,1,1,1,1,2,1,1,1,1,1,1,1,0,5,1,1,1,6,6,1,6,1,6,1,6,6,1,49
"163",661,0,1,1,5,1,1,1,6,5,6,1,6,5,2,2,3,2,4,1,4,3,4,1,20,2,5,4,2,4,2,3,3,5,4,3,4,1,40
"164",656,1,3,3,4,2,3,3,4,4,3,2,4,5,3,2,3,2,2,2,2,2,2,0,40,4,4,4,3,3,4,2,4,2,4,2,2,2,58
"165",224,0,1,1,5,1,1,2,5,2,4,1,2,4,4,2,1,3,1,1,4,1,3,0,15,4,4,4,6,3,3,4,3,3,4,3,3,1,45
"166",158,1,1,1,4,2,2,3,4,3,5,2,4,5,2,2,2,2,2,2,3,2,1,0,50,3,2,4,2,4,4,4,4,3,4,4,4,1,43
"167",490,0,2,2,3,2,3,2,3,2,3,3,4,4,3,2,3,4,2,2,2,2,2,0,20,3,3,4,3,4,3,3,3,4,3,3,4,1,46
"168",314,1,3,3,3,3,3,3,3,4,4,1,5,6,3,2,5,3,2,1,3,2,3,0,30,5,4,5,4,4,4,4,4,3,5,4,4,2,59
"169",435,1,4,3,4,3,2,2,3,2,2,1,1,4,5,2,4,2,1,1,1,2,2,1,30,4,5,5,4,5,4,2,5,3,4,3,3,4,56
"170",515,1,2,2,3,3,3,2,3,3,2,2,4,6,3,2,3,3,2,3,2,2,4,0,10,3,3,4,3,4,4,3,3,3,3,3,3,2,44
"171",94,1,2,2,4,2,2,3,5,1,1,1,1,1,1,2,1,1,1,1,1,1,1,0,10,3,4,3,4,4,3,4,4,4,3,4,4,1,48
"172",120,0,3,3,3,3,3,3,3,1,1,1,1,1,1,2,1,1,1,1,1,1,1,0,3,2,2,3,1,3,4,1,4,3,3,3,2,1,38
"173",663,0,2,2,5,2,2,2,5,2,2,3,3,4,3,2,3,2,2,2,2,2,1,0,10,3,4,4,3,4,4,3,3,3,4,4,3,1,43
"174",438,1,1,6,6,6,6,1,6,6,4,1,1,7,1,2,7,1,1,1,1,1,1,1,0,1,6,5,2,2,4,4,3,4,5,2,3,1,72
"175",170,0,4,5,4,4,4,4,4,4,4,4,4,4,4,2,4,4,3,3,2,3,2,1,0,4,4,3,3,3,4,3,4,3,5,2,4,1,40
"176",250,0,2,3,3,2,3,3,3,2,2,1,1,2,1,2,2,1,1,1,1,1,1,0,10,3,4,4,4,4,3,4,4,3,5,3,3,1,58
"177",530,1,5,6,3,5,5,5,1,2,2,1,5,6,1,2,1,2,3,2,3,2,2,0,5,5,3,4,4,3,3,3,3,2,5,2,3,2,29
"178",720,0,3,5,5,2,4,4,3,4,2,2,3,4,4,2,4,3,3,1,3,4,2,0,30,3,3,4,3,4,5,4,2,4,4,4,3,1,43
"179",358,0,3,4,4,3,3,2,4,4,4,2,3,5,3,2,2,1,1,1,2,1,2,0,30,4,4,4,4,4,4,3,4,4,4,3,3,2,49
"180",239,1,2,2,5,2,2,2,5,1,1,2,2,5,1,2,1,1,1,1,1,1,2,0,20,5,5,5,4,3,5,2,3,2,3,2,2,1,56
"181",608,0,3,3,4,3,3,3,3,1,1,1,1,1,1,2,1,1,1,1,1,1,1,0,5,3,3,4,3,3,2,2,3,2,3,2,3,1,40
"182",358,0,3,4,4,3,3,2,4,4,4,2,3,5,3,2,2,1,1,1,2,1,2,0,30,4,4,4,4,4,4,3,4,4,4,3,3,2,49
"183",378,1,2,3,4,2,2,2,4,1,1,1,1,1,1,2,1,1,1,1,1,1,1,0,1,4,4,4,5,5,4,5,4,5,4,3,3,1,53
"184",489,0,1,1,5,1,1,1,6,2,1,1,1,3,2,2,2,1,1,1,3,1,1,0,30,3,4,5,5,4,3,3,3,4,5,4,4,1,77
"185",451,1,3,4,3,3,3,2,4,2,2,2,4,4,3,2,2,2,2,2,3,3,3,0,30,4,4,5,4,4,4,5,3,3,4,3,3,1,39
"186",673,0,1,1,6,1,1,1,5,1,1,5,2,6,1,2,5,1,3,1,2,1,2,0,20,3,4,6,4,4,4,5,2,5,4,3,4,1,59
"187",581,0,3,3,4,2,3,3,4,1,1,1,1,3,1,2,1,1,1,1,1,1,2,0,1,3,3,4,4,3,5,3,2,4,5,4,4,1,36
"188",439,0,4,4,3,4,4,4,3,3,3,4,5,4,5,2,5,4,2,2,3,2,2,0,30,3,3,4,4,3,4,3,3,3,4,3,3,1,55
"189",520,0,3,4,3,4,4,3,3,3,4,2,3,5,5,2,3,2,1,1,2,1,1,0,5,3,3,4,3,4,2,4,3,3,5,3,4,1,63
"190",361,1,6,6,1,6,6,6,1,4,4,1,1,6,4,2,4,6,3,3,4,3,1,1,0,6,4,5,4,4,6,3,6,3,6,3,3,1,36
"191",600,0,1,1,1,1,1,1,3,1,1,1,1,5,4,2,1,1,4,1,1,1,1,0,30,3,3,6,3,3,6,6,3,6,6,6,6,1,22
"192",299,1,2,2,4,2,2,2,4,2,2,1,2,2,1,2,1,1,2,1,2,2,2,0,20,3,3,2,4,5,4,4,4,5,2,4,4,2,20
"193",168,1,2,2,4,2,2,2,4,2,5,1,4,5,6,2,3,4,2,1,3,1,1,0,20,3,2,4,5,4,5,3,2,2,3,3,3,1,41
"194",592,0,1,1,6,1,1,1,6,2,5,1,4,5,4,2,2,1,2,2,2,2,2,0,30,5,5,4,4,4,4,5,4,5,4,4,4,1,49
"195",607,0,3,3,3,2,3,2,4,4,3,2,5,5,2,2,4,4,3,3,4,3,2,2,0,3,4,3,3,4,3,4,2,4,3,4,4,1,34
"196",553,0,2,2,5,1,1,2,5,3,3,3,3,2,2,2,2,2,2,2,1,1,1,0,1,2,2,1,6,5,2,6,2,5,1,5,6,1,41
"197",405,1,5,4,2,5,5,2,2,5,6,3,5,4,4,2,4,5,2,2,2,1,3,2,0,3,4,3,3,5,5,2,5,2,5,2,3,1,37
"198",612,0,3,3,4,3,3,3,3,2,3,2,4,4,3,2,2,2,3,2,2,2,3,0,20,4,3,4,4,4,5,3,3,3,4,3,3,1,61
"199",533,0,3,4,3,4,5,4,3,3,4,5,3,5,4,2,4,5,2,2,2,2,3,1,0,3,3,4,3,3,4,4,4,4,4,4,4,1,61
"200",347,1,1,1,5,1,1,1,6,2,2,2,2,4,3,2,5,5,3,2,2,3,2,0,30,3,3,5,3,3,4,4,3,4,4,4,4,2,64
"201",468,1,5,4,3,3,3,2,3,1,1,2,1,1,2,2,1,1,1,1,1,1,3,0,3,4,4,4,3,4,4,4,4,3,4,4,3,1,48
"202",373,0,3,3,3,3,3,3,3,2,1,3,4,4,3,2,2,2,2,1,3,2,3,0,15,3,3,5,4,4,4,4,3,3,4,3,3,1,59
"203",328,0,1,1,4,1,1,1,4,1,1,1,1,5,1,2,1,1,1,1,1,1,2,0,10,4,4,5,4,3,4,4,4,3,5,3,3,1,57
"204",470,0,1,2,4,1,2,2,5,5,4,2,3,5,3,2,4,3,2,2,2,2,2,1,30,5,5,5,5,4,4,5,4,3,4,3,3,1,55
"205",363,1,3,3,4,3,3,3,4,3,3,3,4,3,5,2,4,3,4,2,3,2,3,0,15,3,4,2,3,4,5,4,3,2,4,4,3,1,44
"206",129,0,2,2,5,3,2,2,5,2,1,3,5,3,3,2,2,2,2,1,1,1,2,0,10,4,4,4,4,4,4,4,3,3,4,4,4,1,48
"207",280,1,2,2,5,5,2,4,4,5,5,2,4,4,5,2,3,5,3,2,2,2,2,3,40,3,3,3,4,4,3,4,3,4,3,4,4,1,31
"208",576,0,2,2,5,1,1,1,4,2,2,1,1,2,1,2,2,1,1,1,1,1,2,0,10,3,2,4,2,3,3,3,3,4,5,4,5,1,44
"209",196,0,5,5,5,5,5,5,2,2,2,2,2,4,2,2,2,2,2,2,2,2,4,0,15,2,2,5,2,5,5,5,5,2,5,2,2,1,36
"210",215,0,1,1,4,1,1,1,5,2,1,1,1,6,1,2,5,1,4,1,2,1,2,0,15,3,3,3,3,3,3,4,3,3,5,4,4,2,47
"211",644,1,3,3,4,3,2,4,3,3,2,2,5,4,5,2,2,2,2,1,2,2,2,0,5,2,2,3,4,4,3,3,3,3,3,3,3,2,30
"212",158,1,1,1,4,2,2,3,4,3,5,2,4,5,2,2,2,2,2,2,3,2,1,0,50,3,2,4,2,4,4,4,4,3,4,4,4,1,43
"213",243,0,1,1,5,1,1,1,6,2,3,1,3,5,5,2,2,2,1,1,1,1,3,3,30,5,4,4,4,3,3,4,4,3,4,3,3,2,21
"214",472,0,2,2,5,2,2,2,5,3,5,2,5,6,5,2,3,6,1,2,4,1,2,1,0,2,2,5,5,5,5,5,5,2,5,2,2,1,59
"215",668,0,3,3,4,3,3,3,3,3,3,1,5,6,3,2,3,5,3,2,2,2,1,0,30,4,4,3,5,4,4,3,4,3,4,3,3,2,62
"216",463,1,4,3,4,3,3,3,4,2,2,1,2,2,2,2,2,1,2,1,1,1,2,0,1,2,2,2,5,4,2,5,2,4,2,5,5,1,51
"217",629,1,3,2,4,2,1,2,4,3,5,2,5,6,5,2,5,6,4,2,3,4,2,0,40,5,4,5,5,3,3,2,4,3,5,4,2,1,31
"218",299,1,2,2,4,2,2,2,4,2,2,1,2,2,1,2,1,1,2,1,2,2,2,0,20,3,3,2,4,5,4,4,4,5,2,4,4,2,20
"219",589,1,1,1,5,1,1,1,6,1,1,1,1,1,1,2,1,1,1,1,1,1,1,0,5,3,3,3,4,4,3,4,3,4,3,3,4,1,41
"220",477,1,3,4,2,4,4,2,3,3,6,2,3,5,3,2,4,2,3,2,4,1,3,2,15,4,3,3,3,2,4,3,5,2,4,3,3,1,21
"221",511,1,4,5,2,4,4,3,3,2,2,1,5,6,2,2,2,1,4,2,2,2,1,0,30,5,3,5,5,3,5,3,5,3,6,3,2,1,62
"222",363,1,3,3,4,3,3,3,4,3,3,3,4,3,5,2,4,3,4,2,3,2,3,0,15,3,4,2,3,4,5,4,3,2,4,4,3,1,44
"223",175,1,4,5,2,4,5,3,3,3,2,2,2,4,3,2,2,2,2,2,3,2,1,0,20,5,3,5,4,5,5,5,4,5,5,4,4,1,43
"224",573,1,5,5,2,5,5,5,2,1,1,1,1,1,1,2,1,1,1,1,1,1,1,0,5,3,5,5,5,4,3,4,5,3,4,3,3,1,53
"225",475,1,2,2,1,1,1,1,5,3,5,2,2,3,2,2,5,2,4,4,4,2,2,1,0,3,2,4,2,2,4,3,4,5,2,2,2,2,37
"226",514,0,1,2,5,1,1,2,3,3,5,1,5,5,3,2,6,3,2,1,2,2,2,1,0,4,3,5,4,4,3,3,3,3,3,3,3,2,50
"227",374,0,2,4,6,2,2,2,3,2,2,1,6,6,3,2,6,6,2,2,1,1,3,0,20,3,2,4,4,2,4,3,3,3,3,3,4,2,45
"228",271,0,4,4,1,2,3,6,3,3,4,1,1,5,7,2,5,1,5,1,1,4,1,6,50,1,1,3,1,4,1,3,1,6,1,6,6,1,42
"229",705,0,1,1,6,1,1,1,6,2,5,1,4,6,6,2,4,4,4,2,3,3,4,4,0,2,4,4,5,5,4,5,5,3,5,4,4,2,45
"230",690,0,1,1,4,1,1,1,4,1,2,1,1,6,4,2,2,4,4,3,3,4,3,1,0,5,5,5,5,5,5,3,5,4,5,3,3,1,39
"231",163,1,4,4,2,4,2,2,3,2,2,1,2,2,1,2,1,1,2,1,1,1,2,0,10,3,3,4,3,3,3,4,3,4,4,4,4,1,38
"232",708,1,3,3,4,2,2,2,4,5,3,1,4,5,2,2,5,4,1,1,3,1,3,0,30,3,3,5,4,4,4,4,3,3,3,3,3,1,50
"233",250,0,2,3,3,2,3,3,3,2,2,1,1,2,1,2,2,1,1,1,1,1,1,0,10,3,4,4,4,4,3,4,4,3,5,3,3,1,58
"234",612,0,3,3,4,3,3,3,3,2,3,2,4,4,3,2,2,2,3,2,2,2,3,0,20,4,3,4,4,4,5,3,3,3,4,3,3,1,61
"235",214,0,1,1,5,1,1,1,6,2,5,2,6,6,2,2,1,2,1,1,2,1,2,0,20,5,3,3,5,4,2,5,3,4,5,4,5,1,51
"236",500,1,4,3,4,1,1,1,6,2,2,6,7,7,4,2,6,2,1,2,2,1,2,0,30,4,4,5,4,4,5,4,4,4,4,3,3,1,63
"237",205,0,4,4,3,4,4,4,3,2,1,2,2,4,2,2,2,1,1,1,1,1,1,0,10,4,3,4,3,3,4,3,3,3,4,3,3,1,33
"238",317,0,3,2,5,1,1,1,6,3,3,3,4,4,3,2,4,4,2,2,2,2,1,1,15,3,3,3,4,3,4,4,4,3,4,4,4,1,55
"239",460,1,2,2,3,4,2,4,4,1,2,6,1,3,1,2,1,1,1,1,1,1,2,0,5,4,2,4,3,4,4,3,3,3,4,3,3,1,40
"240",175,1,4,5,2,4,5,3,3,3,2,2,2,4,3,2,2,2,2,2,3,2,1,0,20,5,3,5,4,5,5,5,4,5,5,4,4,1,43
"241",639,0,2,2,3,2,2,2,3,2,6,2,2,5,2,2,2,2,4,4,4,4,3,0,30,4,5,5,4,4,3,4,4,2,4,3,3,1,53
"242",531,0,2,3,3,3,3,3,3,4,3,2,2,2,2,2,2,2,2,2,2,2,3,1,10,3,3,4,3,3,4,4,3,4,4,4,4,1,43
"243",471,0,1,1,5,1,1,3,6,3,5,1,3,5,4,2,5,2,1,2,2,4,3,1,0,4,4,5,4,4,3,4,4,3,5,3,4,2,45
"244",302,1,4,4,3,4,4,4,3,5,5,3,5,6,5,2,4,3,2,2,4,2,2,1,0,3,3,4,3,3,4,4,3,3,4,3,3,2,37
"245",256,1,4,2,5,1,1,1,4,1,1,1,1,4,6,2,1,1,3,1,1,1,3,0,5,3,5,5,2,5,5,5,5,4,4,3,3,2,42
"246",489,0,1,1,5,1,1,1,6,2,1,1,1,3,2,2,2,1,1,1,3,1,1,0,30,3,4,5,5,4,3,3,3,4,5,4,4,1,77
"247",393,1,2,2,4,3,2,3,5,4,3,4,4,5,4,2,4,4,2,2,2,2,2,0,30,2,2,4,3,4,3,4,3,4,3,4,4,1,51
"248",135,0,4,2,2,4,2,3,4,3,4,4,7,4,6,2,2,2,3,3,4,2,2,5,5,2,2,3,3,5,5,2,6,4,4,6,4,1,53
"249",717,1,3,3,4,3,3,3,4,2,2,1,6,5,3,2,2,2,2,2,2,2,3,0,45,4,4,4,4,4,5,4,4,5,6,4,4,2,62
"250",628,0,2,1,3,2,2,2,3,3,2,1,3,6,3,2,2,1,2,1,1,1,1,0,20,4,5,5,3,4,4,4,2,3,4,3,3,1,45
"251",257,1,2,2,4,1,1,2,3,2,2,2,4,6,2,2,3,2,2,2,2,1,3,0,30,5,4,5,4,4,3,4,4,3,5,3,3,1,45
"252",505,0,1,1,4,2,3,3,4,3,3,2,2,5,5,2,3,3,2,2,1,1,2,1,0,4,4,4,4,4,4,4,4,3,4,3,3,1,50
"253",666,1,3,3,3,2,3,3,4,4,2,4,2,3,4,2,3,3,3,3,4,4,3,1,0,3,3,3,4,3,3,3,2,5,4,2,3,1,43
"254",342,1,3,3,4,3,3,3,4,5,5,1,3,6,3,2,5,3,3,3,4,2,4,0,20,4,4,4,4,4,3,3,4,3,3,3,3,2,64
"255",486,1,3,3,3,3,3,3,5,4,4,1,4,4,4,2,4,4,1,3,3,1,3,1,0,3,3,3,4,4,3,4,3,4,3,4,4,2,56
"256",472,0,2,2,5,2,2,2,5,3,5,2,5,6,5,2,3,6,1,2,4,1,2,1,0,2,2,5,5,5,5,5,5,2,5,2,2,1,59
"257",574,1,3,3,5,3,3,3,4,2,5,2,4,5,5,2,5,3,3,3,3,2,3,2,0,5,4,5,2,5,5,4,4,4,4,4,4,2,36
"258",479,1,4,3,3,4,4,4,3,4,3,4,4,4,3,2,4,5,3,3,3,4,3,1,30,1,3,4,3,3,4,5,4,4,4,4,4,2,34
"259",104,0,2,2,2,2,2,2,2,3,3,3,4,3,3,2,3,3,3,3,3,3,2,1,0,3,3,3,4,4,3,4,3,4,3,4,4,1,50
"260",222,1,3,4,3,2,3,4,3,3,4,2,2,5,4,2,4,3,2,2,4,2,4,0,30,4,3,4,4,3,4,3,3,3,3,3,3,1,39
"261",509,1,2,1,4,1,2,1,3,3,4,3,2,5,5,2,5,4,2,4,4,2,2,2,30,4,4,5,4,4,4,4,4,4,5,4,4,1,51
"262",352,1,2,2,3,3,3,3,3,2,3,2,5,4,3,2,2,2,2,2,3,2,1,0,10,5,5,5,5,3,3,3,3,3,4,2,2,1,45
"263",712,1,3,4,3,3,3,4,3,2,2,2,2,4,1,2,3,2,1,3,2,1,2,0,5,2,4,4,5,3,4,3,4,2,4,2,2,1,55
"264",643,0,4,1,1,3,2,2,2,2,2,1,1,5,5,2,2,2,1,1,2,4,2,1,0,4,4,4,5,5,2,5,2,5,2,5,5,1,47
"265",546,1,1,1,4,1,1,1,4,1,2,1,1,5,1,2,3,4,2,2,2,1,4,0,5,3,2,5,3,3,5,4,4,4,4,4,4,2,29
"266",314,1,3,3,3,3,3,3,3,4,4,1,5,6,3,2,5,3,2,1,3,2,3,0,30,5,4,5,4,4,4,4,4,3,5,4,4,2,59
"267",574,1,3,3,5,3,3,3,4,2,5,2,4,5,5,2,5,3,3,3,3,2,3,2,0,5,4,5,2,5,5,4,4,4,4,4,4,2,36
"268",311,1,6,6,6,6,6,6,1,1,1,1,1,1,1,2,1,1,1,1,1,1,1,1,15,5,2,1,6,6,1,6,1,6,1,6,6,1,18
"269",446,1,4,4,3,4,4,4,3,2,2,2,4,4,4,2,4,3,2,2,2,2,2,0,30,4,4,5,4,4,4,4,4,3,5,3,3,1,51
"270",637,0,1,1,5,1,1,1,5,2,1,1,5,2,5,2,3,3,3,2,2,2,4,0,10,5,4,4,4,4,4,2,5,3,3,3,3,2,3
"271",214,0,1,1,5,1,1,1,6,2,5,2,6,6,2,2,1,2,1,1,2,1,2,0,20,5,3,3,5,4,2,5,3,4,5,4,5,1,51
"272",545,1,3,3,3,3,3,3,4,1,1,1,1,1,2,2,1,1,3,1,2,2,3,0,5,3,3,3,4,4,3,4,3,4,3,4,4,1,68
"273",342,1,3,3,4,3,3,3,4,5,5,1,3,6,3,2,5,3,3,3,4,2,4,0,20,4,4,4,4,4,3,3,4,3,3,3,3,2,64
"274",311,1,6,6,6,6,6,6,1,1,1,1,1,1,1,2,1,1,1,1,1,1,1,1,15,5,2,1,6,6,1,6,1,6,1,6,6,1,18
"275",598,0,1,1,5,1,1,1,6,3,3,2,2,5,2,2,5,2,1,1,1,1,1,0,10,2,2,3,3,3,4,3,3,4,4,3,3,1,65
"276",472,0,2,2,5,2,2,2,5,3,5,2,5,6,5,2,3,6,1,2,4,1,2,1,0,2,2,5,5,5,5,5,5,2,5,2,2,1,59
"277",429,1,3,3,4,2,2,2,5,4,6,2,3,5,4,2,3,4,3,3,3,3,1,3,0,3,3,3,4,4,3,4,3,4,3,4,4,1,61
"278",444,1,2,2,4,2,2,2,5,4,5,2,3,5,4,2,3,4,3,3,3,3,2,2,0,3,3,3,4,4,3,4,3,4,3,4,4,4,59
"279",538,1,3,3,5,1,1,1,3,3,4,1,2,5,1,2,2,2,3,2,2,2,2,0,10,5,5,4,4,4,3,3,4,2,2,3,3,1,55
"280",609,0,3,3,3,4,3,1,3,1,4,1,3,5,1,2,5,1,1,2,4,1,2,0,10,4,4,5,4,4,3,3,4,3,3,4,3,1,53
"281",259,1,3,3,3,3,4,3,3,1,2,2,3,5,5,2,3,3,4,4,4,4,2,0,30,4,4,4,3,2,3,2,2,3,4,3,3,1,43
"282",653,1,4,3,3,4,4,4,3,4,2,3,3,4,3,2,3,2,3,3,3,3,2,0,33,2,3,3,3,4,3,2,3,5,3,3,5,1,42
"283",293,0,2,2,6,1,3,2,5,1,1,1,1,1,1,2,1,1,1,1,1,1,3,0,2,3,4,2,4,4,5,2,3,1,4,1,1,2,42
"284",500,1,4,3,4,1,1,1,6,2,2,6,7,7,4,2,6,2,1,2,2,1,2,0,30,4,4,5,4,4,5,4,4,4,4,3,3,1,63
"285",534,0,2,2,3,3,3,3,3,3,3,2,3,3,2,2,2,3,2,2,2,1,2,0,15,3,3,3,2,3,2,3,3,1,3,2,2,2,52
"286",218,0,2,2,5,2,2,2,3,3,4,1,4,5,3,2,1,1,1,1,1,1,1,1,0,4,3,4,4,4,3,4,4,3,4,4,4,1,51
"287",94,1,2,2,4,2,2,3,5,1,1,1,1,1,1,2,1,1,1,1,1,1,1,0,10,3,4,3,4,4,3,4,4,4,3,4,4,1,48
"288",225,0,1,1,4,1,1,1,3,5,5,1,3,7,5,2,6,6,4,1,5,4,4,1,0,5,4,5,5,2,5,4,4,4,5,4,4,1,40
"289",482,0,2,2,3,1,1,2,4,2,6,2,2,5,5,2,5,2,1,2,2,1,2,1,0,2,2,4,3,3,4,3,2,2,5,3,2,1,59
"290",184,0,1,1,5,1,1,1,6,5,5,3,5,6,4,2,6,6,2,4,4,2,1,1,0,2,2,2,2,2,4,2,4,4,4,4,4,1,46
"291",366,0,3,4,2,5,4,2,3,1,2,2,6,5,2,2,1,1,3,1,1,1,1,0,5,4,4,4,4,4,4,4,2,3,3,3,2,2,35
"292",425,0,3,2,3,2,4,3,3,3,4,5,2,4,2,2,2,2,4,4,4,4,2,0,15,5,5,5,5,4,4,5,4,4,6,4,4,1,49
"293",675,1,2,2,3,3,3,3,3,2,2,2,2,4,3,2,2,2,2,2,2,2,2,0,5,3,3,4,4,4,3,3,3,4,4,3,4,2,45
"294",221,0,2,2,5,1,1,1,5,1,1,1,2,3,1,2,1,1,1,1,1,1,2,0,5,5,4,5,5,4,5,5,3,4,5,5,5,2,53
"295",572,1,4,4,4,4,3,4,4,5,5,5,6,2,2,2,3,2,2,2,2,2,2,1,30,4,4,4,4,4,3,4,3,3,3,4,4,1,28
"296",588,1,3,3,4,4,4,4,3,1,5,1,1,2,6,2,1,1,3,3,3,3,2,0,30,3,3,4,3,3,4,3,4,3,4,3,3,1,43
"297",503,1,3,3,1,2,2,2,3,1,2,1,4,3,1,2,1,1,1,1,2,1,1,1,30,4,4,5,5,5,1,3,5,2,5,5,5,1,50
"298",368,0,2,1,5,1,2,1,5,1,3,1,2,7,1,2,5,1,1,1,1,1,2,0,20,3,1,6,1,1,3,5,2,3,5,4,5,1,39
"299",494,1,4,3,4,2,3,3,4,1,2,4,1,3,5,2,2,1,1,1,1,1,2,0,20,2,1,2,5,4,2,4,2,5,3,5,4,1,71
"300",705,0,1,1,6,1,1,1,6,2,5,1,4,6,6,2,4,4,4,2,3,3,4,4,0,2,4,4,5,5,4,5,5,3,5,4,4,2,45
"301",389,0,1,1,5,1,1,1,6,3,3,1,3,4,5,2,3,5,3,2,4,2,4,1,40,4,5,5,5,6,4,4,6,4,5,4,3,2,23
"302",489,0,1,1,5,1,1,1,6,2,1,1,1,3,2,2,2,1,1,1,3,1,1,0,30,3,4,5,5,4,3,3,3,4,5,4,4,1,77
"303",192,0,3,3,3,3,4,3,4,2,5,2,2,4,1,2,1,1,1,1,1,1,1,0,10,2,2,2,3,3,4,4,3,4,3,4,4,1,51
"304",295,1,4,5,3,4,4,3,3,2,2,1,5,5,2,2,5,2,4,1,4,4,3,0,30,3,3,3,3,3,3,3,3,3,3,3,3,1,50
"305",512,0,1,2,3,1,1,1,3,1,2,2,3,3,2,2,2,1,2,4,2,2,3,0,45,4,4,5,5,4,2,2,3,3,3,3,3,1,33
"306",499,1,1,1,1,1,1,1,5,1,1,1,1,2,1,2,1,1,1,1,1,1,2,0,30,5,5,5,5,4,4,3,4,3,4,3,3,1,36
"307",380,1,3,3,3,2,3,3,4,4,3,3,5,5,4,2,5,3,4,4,3,4,2,4,0,3,3,3,3,4,3,4,4,3,3,3,3,2,38
"308",462,1,2,2,2,2,3,2,3,5,5,2,3,4,3,2,4,4,1,2,3,1,3,0,20,4,4,5,4,4,3,3,3,3,4,3,3,1,49
"309",701,0,3,2,3,2,2,2,5,4,4,4,4,2,4,2,4,3,3,3,4,4,4,2,3,3,4,3,3,2,4,2,4,2,4,4,2,2,53
"310",424,0,1,6,6,1,1,1,6,2,3,1,3,5,3,2,5,5,2,2,4,3,1,1,0,4,3,4,5,4,5,4,4,4,4,4,4,2,45
"311",591,0,2,4,4,3,3,3,4,4,4,3,4,4,4,2,4,3,3,3,4,3,3,1,7,4,4,4,3,3,4,4,3,3,4,3,3,1,33
"312",584,1,4,4,3,2,3,4,3,1,2,1,2,4,2,2,1,1,2,2,4,1,4,0,15,3,3,4,3,3,3,3,3,2,4,3,3,1,40
"313",149,1,4,4,2,2,3,3,3,1,2,2,1,2,3,2,2,1,4,2,4,4,2,0,10,4,3,5,3,4,3,4,2,3,3,3,3,1,37
"314",362,1,5,4,3,4,4,3,3,3,3,3,3,3,2,2,3,2,4,2,3,4,4,1,30,3,4,4,4,4,2,4,4,4,4,3,3,1,51
"315",641,0,1,1,1,1,1,1,3,1,1,1,1,1,1,2,1,1,1,1,1,1,1,0,5,1,1,1,6,6,1,6,1,6,1,6,6,1,49
"316",572,1,4,4,4,4,3,4,4,5,5,5,6,2,2,2,3,2,2,2,2,2,2,1,30,4,4,4,4,4,3,4,3,3,3,4,4,1,28
"317",666,1,3,3,3,2,3,3,4,4,2,4,2,3,4,2,3,3,3,3,4,4,3,1,0,3,3,3,4,3,3,3,2,5,4,2,3,1,43
"318",652,1,3,3,4,3,3,3,4,3,5,2,5,5,3,2,5,5,2,2,2,2,1,1,0,3,3,3,3,3,3,3,3,3,3,3,3,1,52
"319",478,0,3,3,3,2,2,3,3,3,3,1,2,6,2,2,3,2,2,1,1,2,2,1,0,3,3,6,3,3,2,6,3,3,5,4,4,1,51
"320",623,0,1,1,5,1,1,1,5,5,4,2,5,4,4,2,4,2,2,4,3,1,1,0,30,5,5,5,5,5,5,4,4,4,5,3,4,2,40
"321",650,1,4,4,4,3,3,3,3,2,2,2,4,4,3,2,2,2,2,2,2,2,2,0,5,4,4,3,4,3,3,3,4,4,4,3,4,1,52
"322",287,1,1,2,4,2,2,2,3,1,2,1,4,5,3,2,1,1,1,1,2,2,1,0,10,5,5,5,4,4,5,5,5,4,5,5,5,1,46
"323",454,0,3,2,6,1,1,2,5,2,2,1,3,6,3,2,6,6,4,2,4,4,2,1,0,3,3,4,3,3,4,4,3,4,5,4,3,2,81
"324",438,1,1,6,6,6,6,1,6,6,4,1,1,7,1,2,7,1,1,1,1,1,1,1,0,1,6,5,2,2,4,4,3,4,5,2,3,1,72
"325",517,1,2,2,3,2,2,1,4,1,2,1,2,4,2,2,1,1,2,2,2,1,3,0,10,3,2,3,4,4,3,4,3,4,3,4,4,1,53
"326",555,0,1,1,6,1,1,1,6,4,4,2,2,6,5,2,3,2,4,5,4,3,2,0,30,4,4,3,4,3,3,4,3,5,4,5,4,2,29
"327",132,0,3,3,4,2,3,2,3,4,3,3,5,5,2,2,5,2,4,4,4,3,5,0,40,4,3,5,4,3,4,3,3,3,4,3,3,2,26
"328",597,0,1,1,6,1,1,1,6,3,5,2,2,6,3,2,3,2,3,3,2,4,3,1,0,5,4,4,3,3,4,2,4,3,4,3,2,1,33
"329",264,0,1,1,5,2,2,2,5,3,2,1,2,3,1,2,1,1,1,1,1,1,2,0,5,3,1,4,4,3,4,4,3,4,4,4,4,1,60
"330",235,0,5,5,1,5,6,2,2,1,3,1,1,4,1,2,1,1,1,1,1,1,4,0,15,4,3,6,6,2,4,6,4,6,6,6,6,2,30
"331",256,1,4,2,5,1,1,1,4,1,1,1,1,4,6,2,1,1,3,1,1,1,3,0,5,3,5,5,2,5,5,5,5,4,4,3,3,2,42
"332",469,0,1,1,6,1,1,1,6,1,1,1,1,6,1,2,1,1,5,4,1,1,1,1,30,6,6,6,3,6,6,4,6,1,6,3,1,3,35
"333",481,0,3,2,3,2,2,2,3,3,2,1,1,5,1,2,3,1,1,1,1,1,1,0,40,4,4,5,4,4,3,4,5,4,5,5,5,1,68
"334",227,1,4,4,3,4,4,3,3,2,2,1,2,2,5,2,3,2,2,2,2,2,2,0,2,4,4,3,4,4,3,4,3,4,3,4,4,1,55
"335",104,0,2,2,2,2,2,2,2,3,3,3,4,3,3,2,3,3,3,3,3,3,2,1,0,3,3,3,4,4,3,4,3,4,3,4,4,1,50
"336",509,1,2,1,4,1,2,1,3,3,4,3,2,5,5,2,5,4,2,4,4,2,2,2,30,4,4,5,4,4,4,4,4,4,5,4,4,1,51
"337",280,1,2,2,5,5,2,4,4,5,5,2,4,4,5,2,3,5,3,2,2,2,2,3,40,3,3,3,4,4,3,4,3,4,3,4,4,1,31
"338",129,0,2,2,5,3,2,2,5,2,1,3,5,3,3,2,2,2,2,1,1,1,2,0,10,4,4,4,4,4,4,4,3,3,4,4,4,1,48
"339",239,1,2,2,5,2,2,2,5,1,1,2,2,5,1,2,1,1,1,1,1,1,2,0,20,5,5,5,4,3,5,2,3,2,3,2,2,1,56
"340",452,1,1,1,3,1,1,4,6,1,1,1,1,5,1,2,1,1,1,1,1,1,1,0,5,6,5,6,6,6,6,6,6,6,6,6,6,1,64
"341",642,0,2,2,5,2,2,2,5,4,4,4,4,4,4,2,4,3,3,2,3,3,3,2,10,3,3,4,4,4,3,3,4,3,4,2,3,4,55
"342",281,1,3,2,5,2,2,3,5,2,2,2,3,4,2,2,2,2,2,2,2,2,3,0,15,5,5,3,3,5,3,2,4,2,3,3,3,1,64
"343",325,0,3,2,5,2,2,2,4,4,5,3,4,5,4,2,5,4,4,4,4,4,4,1,30,3,4,3,4,4,2,5,2,5,2,5,3,1,58
"344",248,1,2,3,3,2,2,2,3,3,3,1,2,5,2,2,1,2,1,1,2,2,2,0,15,4,4,5,3,4,3,3,4,2,3,3,3,1,45
"345",447,0,3,3,4,3,3,3,4,4,3,2,2,4,4,2,1,1,2,2,2,1,1,0,10,1,3,4,3,4,3,4,4,4,3,3,4,1,49
"346",381,0,3,4,4,3,3,2,3,5,3,2,4,4,3,2,5,3,4,1,1,2,4,3,0,4,4,5,4,4,5,2,5,4,5,4,4,2,38
"347",471,0,1,1,5,1,1,3,6,3,5,1,3,5,4,2,5,2,1,2,2,4,3,1,0,4,4,5,4,4,3,4,4,3,5,3,4,2,45
"348",173,0,3,3,4,3,3,3,3,1,1,1,3,3,5,2,2,3,2,2,2,2,1,0,10,3,2,2,3,3,3,3,3,3,3,3,3,2,25
"349",138,1,3,3,3,3,3,3,3,3,3,1,3,4,1,2,3,1,1,1,1,1,1,0,1,3,3,3,4,4,3,4,3,4,3,4,4,1,51
"350",247,0,2,2,4,2,2,2,3,2,2,2,3,5,2,2,5,2,2,1,2,2,2,0,5,3,4,4,4,4,4,3,4,3,4,3,3,2,47
"351",361,1,6,6,1,6,6,6,1,4,4,1,1,6,4,2,4,6,3,3,4,3,1,1,0,6,4,5,4,4,6,3,6,3,6,3,3,1,36
"352",158,1,1,1,4,2,2,3,4,3,5,2,4,5,2,2,2,2,2,2,3,2,1,0,50,3,2,4,2,4,4,4,4,3,4,4,4,1,43
"353",353,1,2,3,1,3,3,2,3,1,1,1,2,2,1,2,1,1,1,1,2,4,4,0,10,3,3,5,4,5,5,4,3,3,5,5,5,1,40
"354",375,1,2,2,5,2,2,2,4,3,5,1,5,3,2,2,2,2,2,4,2,2,3,2,0,3,3,4,4,2,5,5,4,5,5,5,5,2,37
"355",538,1,3,3,5,1,1,1,3,3,4,1,2,5,1,2,2,2,3,2,2,2,2,0,10,5,5,4,4,4,3,3,4,2,2,3,3,1,55
"356",175,1,4,5,2,4,5,3,3,3,2,2,2,4,3,2,2,2,2,2,3,2,1,0,20,5,3,5,4,5,5,5,4,5,5,4,4,1,43
"357",129,0,2,2,5,3,2,2,5,2,1,3,5,3,3,2,2,2,2,1,1,1,2,0,10,4,4,4,4,4,4,4,3,3,4,4,4,1,48
"358",524,1,3,3,4,3,3,3,4,3,4,1,5,4,2,2,3,2,1,1,1,1,2,0,5,5,5,4,5,5,4,4,4,4,5,5,5,2,50
"359",477,1,3,4,2,4,4,2,3,3,6,2,3,5,3,2,4,2,3,2,4,1,3,2,15,4,3,3,3,2,4,3,5,2,4,3,3,1,21
"360",562,1,2,2,4,2,2,2,4,3,5,5,3,5,5,2,3,5,2,2,4,2,2,0,30,3,3,3,3,3,3,4,3,3,4,4,4,2,49
"361",458,1,3,3,5,3,3,2,3,3,3,1,5,5,3,2,4,3,4,2,4,3,2,0,10,4,3,6,4,4,4,4,3,4,5,4,4,2,37
"362",577,0,3,3,4,1,1,1,3,1,1,1,1,2,2,2,1,1,3,1,1,2,4,0,5,4,4,4,5,6,3,5,4,3,4,3,3,2,27
"363",295,1,4,5,3,4,4,3,3,2,2,1,5,5,2,2,5,2,4,1,4,4,3,0,30,3,3,3,3,3,3,3,3,3,3,3,3,1,50
"364",209,1,2,2,4,2,2,1,4,1,1,1,1,2,1,2,1,1,1,1,1,1,1,0,10,2,2,4,4,4,3,3,3,3,3,3,3,1,50
"365",477,1,3,4,2,4,4,2,3,3,6,2,3,5,3,2,4,2,3,2,4,1,3,2,15,4,3,3,3,2,4,3,5,2,4,3,3,1,21
"366",601,1,3,3,3,2,3,2,3,3,3,1,4,5,3,2,2,2,2,1,1,1,1,0,5,4,4,4,4,4,4,5,4,4,4,4,4,1,51
"367",266,1,3,3,3,4,4,4,4,3,3,2,6,5,2,2,3,3,2,2,2,2,2,1,0,3,4,4,5,5,2,5,2,5,4,4,3,1,47
"368",479,1,4,3,3,4,4,4,3,4,3,4,4,4,3,2,4,5,3,3,3,4,3,1,30,1,3,4,3,3,4,5,4,4,4,4,4,2,34
"369",150,0,2,3,4,3,4,3,3,4,4,4,3,3,3,2,4,4,3,1,4,3,3,1,30,3,3,3,4,4,3,4,3,3,3,4,4,1,45
"370",383,0,1,1,5,1,1,1,5,2,2,2,2,3,3,2,2,2,2,2,2,1,2,0,30,2,2,5,5,5,6,2,2,2,4,2,3,1,41
"371",204,1,2,2,3,2,3,3,3,1,1,1,1,2,1,2,1,1,1,1,1,1,3,0,15,2,2,3,1,2,4,2,1,2,2,2,2,2,44
"372",603,0,2,2,4,1,2,3,5,2,2,5,2,5,2,2,2,2,3,2,2,2,2,0,30,3,3,5,3,3,4,4,4,4,5,5,4,1,45
"373",173,0,3,3,4,3,3,3,3,1,1,1,3,3,5,2,2,3,2,2,2,2,1,0,10,3,2,2,3,3,3,3,3,3,3,3,3,2,25
"374",284,0,1,2,6,1,1,1,6,5,4,5,3,5,4,2,6,4,4,2,5,2,1,0,15,4,5,2,1,5,6,2,3,3,5,3,2,1,53
"375",106,0,2,1,5,1,1,2,4,2,5,2,1,5,2,2,1,2,2,1,4,2,4,1,40,4,4,2,2,4,3,2,3,2,2,2,3,1,34
"376",558,0,3,3,3,2,3,3,2,4,3,3,4,5,4,2,4,5,4,3,3,4,3,0,30,4,4,3,3,3,4,3,4,3,4,3,4,2,39
"377",638,1,2,3,4,2,2,3,4,3,3,2,4,5,3,2,3,4,2,3,4,3,3,0,30,4,3,5,4,3,4,4,4,3,4,4,3,1,44
"378",536,1,3,3,4,2,2,3,3,3,2,2,6,3,3,2,4,5,4,2,4,3,2,1,0,4,3,5,5,4,2,3,4,2,4,3,3,2,46
"379",701,0,3,2,3,2,2,2,5,4,4,4,4,2,4,2,4,3,3,3,4,4,4,2,3,3,4,3,3,2,4,2,4,2,4,4,2,2,53
"380",435,1,4,3,4,3,2,2,3,2,2,1,1,4,5,2,4,2,1,1,1,2,2,1,30,4,5,5,4,5,4,2,5,3,4,3,3,4,56
"381",484,1,1,2,5,1,2,1,5,3,3,2,2,6,4,2,5,2,1,1,4,2,3,1,0,5,3,3,5,5,4,5,4,3,5,3,3,1,49
"382",341,0,4,4,3,4,4,4,3,1,1,1,1,2,1,2,1,1,1,1,1,1,1,0,30,4,4,3,5,5,2,5,5,4,5,5,5,1,40
"383",293,0,2,2,6,1,3,2,5,1,1,1,1,1,1,2,1,1,1,1,1,1,3,0,2,3,4,2,4,4,5,2,3,1,4,1,1,2,42
"384",133,1,3,4,3,3,3,2,3,2,2,2,5,6,3,2,5,3,4,2,4,2,3,0,45,4,4,4,3,3,2,3,3,2,3,3,2,2,43
"385",425,0,3,2,3,2,4,3,3,3,4,5,2,4,2,2,2,2,4,4,4,4,2,0,15,5,5,5,5,4,4,5,4,4,6,4,4,1,49
"386",209,1,2,2,4,2,2,1,4,1,1,1,1,2,1,2,1,1,1,1,1,1,1,0,10,2,2,4,4,4,3,3,3,3,3,3,3,1,50
"387",549,1,1,1,6,1,1,1,6,4,5,1,3,4,1,2,1,1,1,1,1,3,1,0,10,4,3,5,4,3,5,3,3,3,4,3,3,1,49
"388",690,0,1,1,4,1,1,1,4,1,2,1,1,6,4,2,2,4,4,3,3,4,3,1,0,5,5,5,5,5,5,3,5,4,5,3,3,1,39
"389",631,0,1,1,4,1,1,1,5,1,1,1,2,2,2,2,1,1,2,1,1,1,1,0,10,4,4,4,5,2,5,5,4,4,5,4,4,1,54
"390",674,0,1,1,6,1,1,1,6,2,2,2,2,4,3,2,2,2,3,2,3,2,2,0,10,5,5,5,5,2,2,2,2,2,2,2,2,1,60
"391",600,0,1,1,1,1,1,1,3,1,1,1,1,5,4,2,1,1,4,1,1,1,1,0,30,3,3,6,3,3,6,6,3,6,6,6,6,1,22
"392",628,0,2,1,3,2,2,2,3,3,2,1,3,6,3,2,2,1,2,1,1,1,1,0,20,4,5,5,3,4,4,4,2,3,4,3,3,1,45
"393",620,0,2,3,3,2,3,2,3,2,3,2,3,4,2,2,2,2,2,2,2,2,2,0,10,4,4,4,4,4,4,4,3,4,4,4,4,1,45
"394",529,0,1,1,6,1,1,1,6,5,1,4,5,7,3,2,7,7,3,3,3,2,5,0,30,2,2,4,4,4,4,4,3,3,4,3,3,2,56
"395",393,1,2,2,4,3,2,3,5,4,3,4,4,5,4,2,4,4,2,2,2,2,2,0,30,2,2,4,3,4,3,4,3,4,3,4,4,1,51
"396",171,0,3,3,5,2,3,2,5,5,5,6,3,6,5,2,4,5,1,4,4,2,2,1,10,3,3,3,4,3,3,2,3,2,3,3,2,1,49
"397",538,1,3,3,5,1,1,1,3,3,4,1,2,5,1,2,2,2,3,2,2,2,2,0,10,5,5,4,4,4,3,3,4,2,2,3,3,1,55
"398",594,1,2,2,4,2,2,2,5,3,4,2,2,4,2,2,2,2,2,2,2,2,2,0,15,3,4,5,4,4,4,4,3,4,4,3,3,2,44
"399",127,1,3,3,3,2,1,1,3,2,2,1,4,2,1,2,1,2,3,1,1,1,1,0,15,3,2,4,4,3,2,4,4,4,4,4,4,1,42
"400",536,1,3,3,4,2,2,3,3,3,2,2,6,3,3,2,4,5,4,2,4,3,2,1,0,4,3,5,5,4,2,3,4,2,4,3,3,2,46
"401",227,1,4,4,3,4,4,3,3,2,2,1,2,2,5,2,3,2,2,2,2,2,2,0,2,4,4,3,4,4,3,4,3,4,3,4,4,1,55
"402",607,0,3,3,3,2,3,2,4,4,3,2,5,5,2,2,4,4,3,3,4,3,2,2,0,3,4,3,3,4,3,4,2,4,3,4,4,1,34
"403",607,0,3,3,3,2,3,2,4,4,3,2,5,5,2,2,4,4,3,3,4,3,2,2,0,3,4,3,3,4,3,4,2,4,3,4,4,1,34
"404",464,0,1,1,4,3,3,4,4,2,1,1,2,2,2,2,1,1,2,1,1,1,1,0,1,5,3,4,3,3,2,3,4,3,3,3,3,1,50
"405",225,0,1,1,4,1,1,1,3,5,5,1,3,7,5,2,6,6,4,1,5,4,4,1,0,5,4,5,5,2,5,4,4,4,5,4,4,1,40
"406",717,1,3,3,4,3,3,3,4,2,2,1,6,5,3,2,2,2,2,2,2,2,3,0,45,4,4,4,4,4,5,4,4,5,6,4,4,2,62
"407",129,0,2,2,5,3,2,2,5,2,1,3,5,3,3,2,2,2,2,1,1,1,2,0,10,4,4,4,4,4,4,4,3,3,4,4,4,1,48
"408",177,1,4,4,2,4,4,5,2,3,4,3,5,5,2,2,5,3,2,1,3,1,3,0,10,3,3,5,4,4,4,4,4,4,5,4,4,1,39
"409",650,1,4,4,4,3,3,3,3,2,2,2,4,4,3,2,2,2,2,2,2,2,2,0,5,4,4,3,4,3,3,3,4,4,4,3,4,1,52
"410",199,1,5,5,2,5,5,5,2,5,5,2,3,3,3,2,3,3,2,2,4,2,2,1,0,2,3,5,5,4,3,3,4,3,4,3,3,1,46
"411",321,1,1,1,1,1,1,1,5,3,6,1,3,7,1,2,3,5,1,1,4,1,2,0,15,4,4,5,4,4,4,5,4,5,5,5,5,1,43
"412",715,1,1,1,6,1,1,1,6,3,6,2,2,5,4,2,2,2,2,2,3,4,4,0,30,4,5,4,4,3,2,4,2,2,4,2,3,1,36
"413",689,0,2,2,5,2,2,2,6,3,2,1,3,5,1,2,2,1,1,1,1,1,2,0,3,3,3,5,4,4,5,4,4,4,5,4,3,1,58
"414",132,0,3,3,4,2,3,2,3,4,3,3,5,5,2,2,5,2,4,4,4,3,5,0,40,4,3,5,4,3,4,3,3,3,4,3,3,2,26
"415",427,0,2,1,5,1,1,1,6,2,5,6,3,4,2,2,4,2,2,2,2,1,3,0,20,4,4,2,4,5,3,3,3,3,2,2,2,1,48
"416",487,0,1,1,5,1,1,1,5,6,6,1,5,6,6,2,6,6,4,2,5,4,2,1,0,4,3,4,3,4,4,3,3,3,3,3,3,1,50
"417",314,1,3,3,3,3,3,3,3,4,4,1,5,6,3,2,5,3,2,1,3,2,3,0,30,5,4,5,4,4,4,4,4,3,5,4,4,2,59
"418",444,1,2,2,4,2,2,2,5,4,5,2,3,5,4,2,3,4,3,3,3,3,2,2,0,3,3,3,4,4,3,4,3,4,3,4,4,4,59
"419",686,1,1,1,6,1,1,1,6,4,6,1,4,4,4,2,4,4,3,3,3,3,3,5,30,3,3,4,3,3,4,4,3,4,4,4,3,1,28
"420",181,0,3,3,3,3,3,3,3,3,3,2,5,5,3,2,3,3,2,1,2,1,2,0,20,4,4,4,4,4,4,4,4,4,4,4,4,2,62
"421",587,1,3,3,3,3,3,3,3,1,1,1,2,2,2,2,2,2,2,2,2,2,2,0,2,2,2,3,3,3,3,3,3,3,4,3,3,1,42
"422",298,1,3,2,3,2,2,2,3,2,6,1,2,5,2,2,2,2,1,1,2,1,2,4,0,2,2,4,2,2,3,3,3,3,3,3,3,1,60
"423",664,0,1,1,5,1,1,2,5,2,2,2,4,3,3,2,2,2,1,1,3,1,1,0,5,2,2,4,2,4,5,2,3,3,2,2,2,1,37
"424",344,0,2,2,4,2,2,2,5,3,3,1,5,6,3,2,3,3,2,3,2,3,2,0,20,3,3,4,4,4,4,4,4,3,4,3,4,2,51
"425",589,1,1,1,5,1,1,1,6,1,1,1,1,1,1,2,1,1,1,1,1,1,1,0,5,3,3,3,4,4,3,4,3,4,3,3,4,1,41
"426",585,0,1,1,4,3,2,2,5,5,5,3,3,4,4,2,3,3,4,2,4,3,2,1,5,4,4,5,3,3,5,2,5,2,4,2,2,1,45
"427",171,0,3,3,5,2,3,2,5,5,5,6,3,6,5,2,4,5,1,4,4,2,2,1,10,3,3,3,4,3,3,2,3,2,3,3,2,1,49
"428",359,0,2,2,3,2,2,2,5,2,2,2,2,2,2,2,2,2,2,2,2,2,2,0,10,2,2,5,3,2,4,4,2,4,4,2,3,1,66
"429",389,0,1,1,5,1,1,1,6,3,3,1,3,4,5,2,3,5,3,2,4,2,4,1,40,4,5,5,5,6,4,4,6,4,5,4,3,2,23
"430",719,0,1,1,6,1,1,1,6,1,1,1,1,1,1,2,1,1,1,1,1,1,1,0,5,5,5,3,3,3,4,4,5,3,3,3,4,1,49
"431",346,1,2,2,5,1,1,1,4,4,4,1,1,1,1,2,1,1,1,1,2,1,1,0,30,5,4,6,3,3,2,4,3,1,5,2,2,1,57
"432",274,0,2,2,5,2,2,2,5,2,2,2,2,2,2,2,2,2,2,2,2,2,2,0,5,2,2,5,2,2,5,5,2,5,5,5,5,1,51
"433",416,1,2,2,4,2,2,2,5,2,2,2,1,2,2,2,1,1,2,1,1,1,3,1,0,5,4,5,5,5,5,3,4,3,5,3,3,1,50
"434",699,1,2,2,5,5,2,3,5,2,1,1,5,6,2,2,4,5,1,3,2,1,2,0,30,4,4,5,5,5,5,3,4,2,5,2,2,2,52
"435",346,1,2,2,5,1,1,1,4,4,4,1,1,1,1,2,1,1,1,1,2,1,1,0,30,5,4,6,3,3,2,4,3,1,5,2,2,1,57
"436",435,1,4,3,4,3,2,2,3,2,2,1,1,4,5,2,4,2,1,1,1,2,2,1,30,4,5,5,4,5,4,2,5,3,4,3,3,4,56
"437",435,1,4,3,4,3,2,2,3,2,2,1,1,4,5,2,4,2,1,1,1,2,2,1,30,4,5,5,4,5,4,2,5,3,4,3,3,4,56
"438",380,1,3,3,3,2,3,3,4,4,3,3,5,5,4,2,5,3,4,4,3,4,2,4,0,3,3,3,3,4,3,4,4,3,3,3,3,2,38
"439",594,1,2,2,4,2,2,2,5,3,4,2,2,4,2,2,2,2,2,2,2,2,2,0,15,3,4,5,4,4,4,4,3,4,4,3,3,2,44
"440",688,1,5,5,2,5,5,3,2,2,2,1,5,5,2,2,5,1,1,1,4,1,3,0,30,3,3,4,3,4,4,4,4,4,4,3,3,1,21
"441",470,0,1,2,4,1,2,2,5,5,4,2,3,5,3,2,4,3,2,2,2,2,2,1,30,5,5,5,5,4,4,5,4,3,4,3,3,1,55
"442",691,1,3,3,4,3,3,3,4,2,1,2,2,4,2,2,2,2,1,2,4,2,2,0,30,2,2,3,4,4,2,5,2,4,2,5,4,1,51
"443",672,1,3,4,1,4,4,3,3,2,1,1,1,2,1,2,1,1,1,1,1,1,2,0,3,3,3,5,3,4,4,4,3,4,4,3,3,1,56
"444",273,1,2,2,2,2,2,2,3,3,5,1,2,2,4,2,2,5,4,1,1,2,1,1,0,5,5,6,4,3,5,3,4,3,5,3,3,1,54
"445",135,0,4,2,2,4,2,3,4,3,4,4,7,4,6,2,2,2,3,3,4,2,2,5,5,2,2,3,3,5,5,2,6,4,4,6,4,1,53
"446",655,1,3,4,3,3,4,2,4,4,3,2,4,2,5,2,2,2,2,2,3,2,3,1,30,2,3,2,3,4,3,5,2,4,3,4,5,1,35
"447",445,0,3,3,5,1,2,2,5,2,2,1,2,4,3,2,5,4,3,1,2,1,1,0,60,5,5,4,4,3,2,4,3,4,3,5,5,1,46
"448",518,1,1,1,3,1,1,1,4,1,1,1,1,1,1,2,1,1,1,1,1,1,1,0,5,3,3,3,4,4,4,4,4,4,4,4,4,1,54
"449",517,1,2,2,3,2,2,1,4,1,2,1,2,4,2,2,1,1,2,2,2,1,3,0,10,3,2,3,4,4,3,4,3,4,3,4,4,1,53
"450",463,1,4,3,4,3,3,3,4,2,2,1,2,2,2,2,2,1,2,1,1,1,2,0,1,2,2,2,5,4,2,5,2,4,2,5,5,1,51
"451",701,0,3,2,3,2,2,2,5,4,4,4,4,2,4,2,4,3,3,3,4,4,4,2,3,3,4,3,3,2,4,2,4,2,4,4,2,2,53
"452",330,0,1,1,5,2,1,2,5,1,2,1,1,4,1,2,1,1,1,1,1,1,2,0,20,3,3,5,4,3,5,3,4,2,5,3,2,1,42
"453",373,0,3,3,3,3,3,3,3,2,1,3,4,4,3,2,2,2,2,1,3,2,3,0,15,3,3,5,4,4,4,4,3,3,4,3,3,1,59
"454",434,0,1,1,6,1,3,1,4,1,1,1,5,5,3,2,3,2,1,1,1,1,1,0,10,3,3,6,2,6,1,2,1,1,1,2,2,1,49
