model,estimate,statistic,p.value,parameter,conf.low,conf.high,method,alternative
cor.test1,0.6233884566165815,10.05308322438241,1.0322434843908003e-18,159,0.5187309488525348,0.7096382061333446,Pearson's product-moment correlation,two.sided
cor.test1,0.5739853294533392,8.838666286312632,1.7263757352013842e-15,159,0.46016437538209304,0.6692439682109478,Pearson's product-moment correlation,two.sided
cor.test1,0.5445485613734161,8.186784420764623,8.207481493880814e-14,159,0.42573227421414167,0.6449044237677216,Pearson's product-moment correlation,two.sided
cor.test1,0.5668777243269761,8.6769109503464,4.5433193522155166e-15,159,0.4518191572270722,0.663385765653677,Pearson's product-moment correlation,two.sided
cor.test1,0.5835193471005637,9.060344674724313,4.542265557875984e-16,159,0.4713901783746992,0.6770835064582427,Pearson's product-moment correlation,two.sided
cor.test1,0.2823004727407326,3.710598257585456,2.8544730523648835e-4,159,0.1334528093307574,0.41869317718885724,Pearson's product-moment correlation,two.sided
cor.test1,0.45194638282453153,6.388496529698073,1.7661592320860266e-9,159,0.3196140696866981,0.5669862108426006,Pearson's product-moment correlation,two.sided
cor.test1,0.5036794904766326,7.351806706823033,9.721635581575703e-12,159,0.3784916150918367,0.6107712600042157,Pearson's product-moment correlation,two.sided
cor.test1,0.5615476860599873,8.557489903348772,9.246316915117931e-15,159,0.44557420958924066,0.6589848863076436,Pearson's product-moment correlation,two.sided
cor.test1,-0.5924197710866044,-9.272413085629765,1.2548527962626616e-16,159,-0.6843829434777193,-0.48190285402838784,Pearson's product-moment correlation,two.sided
cor.test1,-0.3272101234120762,-4.366321666335895,2.2682498113805185e-5,159,-0.45867109099493464,-0.18173299265060966,Pearson's product-moment correlation,two.sided
cor.test1,-0.44536518538934167,-6.272237125184216,3.2235148791639826e-9,159,-0.5613691181121743,-0.312196553568106,Pearson's product-moment correlation,two.sided
cor.test1,-0.4188265668661159,-5.815877514035193,3.216152633380182e-8,159,-0.5386092667331609,-0.28244933011867795,Pearson's product-moment correlation,two.sided
cor.test1,-0.17852846283008905,-2.287914178896847,0.02346017569095684,159,-0.3242495319856974,-0.02453100725308579,Pearson's product-moment correlation,two.sided
cor.test1,-0.4102652996157351,-5.672631817335807,6.481428147241655e-8,159,-0.5312295337939248,-0.2729086073094272,Pearson's product-moment correlation,two.sided
cor.test1,0.010035454990575537,0.12654864508954927,0.8994575329375055,159,-0.14486425948460815,0.16445503400243172,Pearson's product-moment correlation,two.sided
cor.test1,-0.5124441955605225,-7.524771128487574,3.681982666724093e-12,159,-0.618125075244321,-0.3885681197076923,Pearson's product-moment correlation,two.sided
cor.test1,-0.3668275234807153,-4.972131477757436,1.699952114265467e-6,159,-0.49350159172899044,-0.2249140697837087,Pearson's product-moment correlation,two.sided
cor.test1,-0.48387668139816215,-6.9720037176690495,7.896447285637774e-11,159,-0.5940878843159012,-0.3558336876922922,Pearson's product-moment correlation,two.sided
cor.test1,0.5014062151840734,7.3074481109618485,1.2449644911252231e-11,159,0.37588293947904006,0.6088609009623737,Pearson's product-moment correlation,two.sided
cor.test1,0.39514347438617514,5.423975948092209,2.1322349730706872e-7,159,0.25612251285886534,0.5181496619448578,Pearson's product-moment correlation,two.sided
cor.test1,0.49678186361252863,7.217834103027266,2.0475756824057207e-11,159,0.37058244129881734,0.604970952213833,Pearson's product-moment correlation,two.sided
cor.test1,0.5276910964521061,7.83334922557227,6.356974805779191e-13,159,0.40616788814807375,0.6308736950175372,Pearson's product-moment correlation,two.sided
cor.test1,0.28735013980305035,3.782888411194141,2.1909879610452926e-4,159,0.13884643479296632,0.4232148516040008,Pearson's product-moment correlation,two.sided
cor.test1,0.4184217983917999,5.809063252761297,3.32596209108928e-8,159,0.28199764546923384,0.5382607734895406,Pearson's product-moment correlation,two.sided
cor.test1,0.5693463108650728,8.73276134762473,3.2550729187997427e-15,159,0.4547153062696231,0.6654217561946056,Pearson's product-moment correlation,two.sided
cor.test1,0.42833559758736994,5.97718951720329,1.4428533846609297e-8,159,0.29307796584161017,0.5467844765888185,Pearson's product-moment correlation,two.sided
cor.test1,-0.46002212979626134,-6.532953792462969,8.293016554955305e-10,159,-0.5738643226844938,-0.3287382736580298,Pearson's product-moment correlation,two.sided
cor.test1,-0.4046735681816085,-5.58005029194043,1.0136790187106693e-7,159,-0.5263995831556876,-0.2666917035982196,Pearson's product-moment correlation,two.sided
cor.test1,-0.4300823479207414,-6.007082587399229,1.2419356595378016e-8,159,-0.5482837608251675,-0.29503402207444235,Pearson's product-moment correlation,two.sided
cor.test1,-0.3633103295975848,-4.917167962871343,2.17065703760538e-6,159,-0.4904257217199186,-0.2210578157388957,Pearson's product-moment correlation,two.sided
cor.test1,-0.310016377011903,-4.111738106961245,6.279026436278206e-5,159,-0.4434280816933232,-0.16316559947387643,Pearson's product-moment correlation,two.sided
cor.test1,-0.3886171030926146,-5.318296849039388,3.501182611958039e-7,159,-0.512486739148169,-0.24890367551532092,Pearson's product-moment correlation,two.sided
cor.test1,-0.1129149423307995,-1.4329675657519139,0.15383039570984705,159,-0.262996532544,0.04250221464237354,Pearson's product-moment correlation,two.sided
cor.test1,-0.4572626893923985,-6.483366407994936,1.076118973969503e-9,159,-0.5715159128482727,-0.32561782219697405,Pearson's product-moment correlation,two.sided
cor.test1,-0.4197729833847187,-5.831826820520392,2.9728268438935874e-8,159,-0.5394239424194163,-0.2835056805644505,Pearson's product-moment correlation,two.sided
cor.test1,-0.43503714237070923,-6.092329449774588,8.078922534131423e-9,159,-0.5525324678716389,-0.30058869542807326,Pearson's product-moment correlation,two.sided
cor.test1,0.5041419784316148,7.360856240429227,9.242479900073091e-12,159,0.37902258235176073,0.6111597616651325,Pearson's product-moment correlation,two.sided
cor.test1,0.4729669537349693,6.768835103272677,2.3673987038202653e-10,159,0.3434150022213173,0.5848560233749357,Pearson's product-moment correlation,two.sided
cor.test1,0.5873870747452937,9.151875720853985,2.6097267019952855e-16,159,0.4759546072318769,0.6802577800512494,Pearson's product-moment correlation,two.sided
cor.test1,0.19113071677576365,2.4553316766821243,0.01515248512159605,159,0.03756644650025296,0.3358760265625361,Pearson's product-moment correlation,two.sided
cor.test1,0.6004322145106542,9.467791201043173,3.8083740965548935e-17,159,0.49139398946934426,0.6909383983812927,Pearson's product-moment correlation,two.sided
cor.test1,0.5738593560548848,8.835773813271665,1.7565958779647183e-15,159,0.46001629156061163,0.6691402418907135,Pearson's product-moment correlation,two.sided
cor.test1,0.5307982355626696,7.897492786807385,4.3961314677973275e-13,159,0.40976560683409524,0.6334648978730228,Pearson's product-moment correlation,two.sided
cor.test1,-0.46159110791020214,-6.561255323187926,7.143775217613614e-10,159,-0.5751987603423003,-0.3305137966461336,Pearson's product-moment correlation,two.sided
cor.test1,-0.2719033491714283,-3.5628008485569564,4.845467020935252e-4,159,-0.40936182975134994,-0.12237518307539769,Pearson's product-moment correlation,two.sided
cor.test1,-0.3987751777045099,-5.483202305025798,1.6105069822608296e-7,159,-0.5212962220376939,-0.2601462764010668,Pearson's product-moment correlation,two.sided
cor.test1,-0.3139185731399245,-4.169111562676796,5.010550012939584e-5,159,-0.4468943323510983,-0.1673704453125054,Pearson's product-moment correlation,two.sided
cor.test1,-0.2753338797894012,-3.6114141007221425,4.0785359990273265e-4,159,-0.41244388971247536,-0.12602613180527333,Pearson's product-moment correlation,two.sided
cor.test1,-0.3282559497520367,-4.381959602922174,2.1277419921355636e-5,159,-0.45959577250845063,-0.18286572902718987,Pearson's product-moment correlation,two.sided
cor.test1,0.1265720742803073,1.6089532750679691,0.10961029005493379,159,-0.028663946067119365,0.2758465355613621,Pearson's product-moment correlation,two.sided
cor.test1,-0.4102776667636257,-5.6728374233607015,6.474961468006568e-8,159,-0.5312402074157067,-0.27292236986752344,Pearson's product-moment correlation,two.sided
cor.test1,-0.3384897937552048,-4.535950785158012,1.1239612822350612e-5,159,-0.468629163035378,-0.19397043073136644,Pearson's product-moment correlation,two.sided
cor.test1,-0.3179113996558428,-4.228060181449362,3.9644433533209144e-5,159,-0.45043696018513346,-0.17167847649658313,Pearson's product-moment correlation,two.sided
cor.test1,0.47110678797810895,6.734600336605963,2.8438909815160356e-10,159,0.34130206231163707,0.5832790447622472,Pearson's product-moment correlation,two.sided
cor.test1,0.5277874554733196,7.835331867725004,6.285031648300732e-13,159,0.4062794045125478,0.6309540883513449,Pearson's product-moment correlation,two.sided
cor.test1,0.22567678763640994,2.9210321263709362,0.00399654639010323,159,0.07357000944575778,0.367522699318928,Pearson's product-moment correlation,two.sided
cor.test1,0.46076053270035694,6.546263539452228,7.731503252210548e-10,159,0.32957376649550263,0.5744924199147937,Pearson's product-moment correlation,two.sided
cor.test1,0.6327322017150764,10.303139853620007,2.1790287232752265e-19,159,0.5299193717877779,0.7172148434963117,Pearson's product-moment correlation,two.sided
cor.test1,0.5456779292162601,8.210952318599814,7.126254301255534e-14,159,0.42704697527233126,0.6458420024779212,Pearson's product-moment correlation,two.sided
cor.test1,-0.35464118913083226,-4.78272022324143,3.916689609813034e-6,159,-0.48283080428665487,-0.21157191922374521,Pearson's product-moment correlation,two.sided
cor.test1,-0.30234377129484563,-3.9995951353909636,9.697080520124712e-5,159,-0.43660098723116075,-0.1549134436016199,Pearson's product-moment correlation,two.sided
cor.test1,-0.3686676009296299,-5.000984436243768,1.4941628975283686e-6,159,-0.49510952188458984,-0.22693330492980152,Pearson's product-moment correlation,two.sided
cor.test1,-0.3302548808337317,-4.4118993656548735,1.8817157491687256e-5,159,-0.46136236258704283,-0.18503184936272943,Pearson's product-moment correlation,two.sided
cor.test1,-0.2595702410574416,-3.3892244772289324,8.838852806392401e-4,159,-0.39825553560845844,-0.1092829911479793,Pearson's product-moment correlation,two.sided
cor.test1,-0.3257263041629639,-4.344165360015381,2.482673277449237e-5,159,-0.45735866341869463,-0.18012652755878084,Pearson's product-moment correlation,two.sided
cor.test1,0.028274907905252163,0.3566756270635276,0.7218075421788643,159,-0.1269551714849256,0.18215312774897205,Pearson's product-moment correlation,two.sided
cor.test1,-0.4062768516041434,-5.606518190314113,8.924276217736908e-8,159,-0.5277852495920986,-0.2684730654901752,Pearson's product-moment correlation,two.sided
cor.test1,-0.27031269956290116,-3.5403100514418293,5.244491784366404e-4,159,-0.40793169175747584,-0.1206837033296881,Pearson's product-moment correlation,two.sided
cor.test1,-0.31749583315404006,-4.221913327418495,4.0628860779406315e-5,159,-0.4500684440484695,-0.17122984313370335,Pearson's product-moment correlation,two.sided
cor.test1,0.5908225012989968,9.233978412267577,1.5853251525984213e-16,159,0.4800139041333282,0.6830743425987192,Pearson's product-moment correlation,two.sided
cor.test1,0.2533946389907027,3.3029843512154677,0.0011816852895674944,159,0.1027468237437712,0.39267891998000665,Pearson's product-moment correlation,two.sided
cor.test1,0.3104282102152066,4.117782305586824,6.132155697269539e-5,159,0.16360912230777686,0.4437940941723606,Pearson's product-moment correlation,two.sided
cor.test1,0.48786504857003715,7.047324816688064,5.2344738244889785e-11,159,0.36038501383859,0.5974556272054647,Pearson's product-moment correlation,two.sided
cor.test1,0.4511220174699096,6.373862862896059,1.9057478748413473e-9,159,0.31868405708920894,0.5662831955594205,Pearson's product-moment correlation,two.sided
cor.test1,-0.42050557875405103,-5.844188596240104,2.7967233176040746e-8,159,-0.5400544070113044,-0.2843235999346677,Pearson's product-moment correlation,two.sided
cor.test1,-0.3849313097379898,-5.259032717993161,4.611206329891428e-7,159,-0.5092838138364112,-0.24483365665052556,Pearson's product-moment correlation,two.sided
cor.test1,-0.32092359341536836,-4.2726964414325606,3.315118015711451e-5,159,-0.4531067646651865,-0.17493216637270234,Pearson's product-moment correlation,two.sided
cor.test1,-0.292996389006137,-3.864126701798242,1.620356372388507e-4,159,-0.42826272783794667,-0.14488772962086127,Pearson's product-moment correlation,two.sided
cor.test1,-0.36803001120435047,-4.990979168635023,1.5626246748466742e-6,159,-0.4945524696066609,-0.2262334987915838,Pearson's product-moment correlation,two.sided
cor.test1,-0.36462405507289375,-4.9376691122944205,1.9819280020327494e-6,159,-0.4915749766673124,-0.22249766509826602,Pearson's product-moment correlation,two.sided
cor.test1,-0.03482441777583728,-0.4393857110039536,0.6609786534732995,159,-0.18848400736123536,0.12049949961938428,Pearson's product-moment correlation,two.sided
cor.test1,-0.3660108710522249,-4.959347766665458,1.7996857577644837e-6,159,-0.4927876920204336,-0.224018294992057,Pearson's product-moment correlation,two.sided
cor.test1,-0.33725481421169,-4.517273065464441,1.2154120013213825e-5,159,-0.4675404915372616,-0.1926283916507315,Pearson's product-moment correlation,two.sided
cor.test1,-0.4263237815498155,-5.942861877311996,1.7130568653884727e-8,159,-0.5450567373291131,-0.2908264843620962,Pearson's product-moment correlation,two.sided
cor.test1,0.27750253843694933,3.6422225061482587,3.6533815908019297e-4,159,0.1283362193875242,0.41439063974070317,Pearson's product-moment correlation,two.sided
cor.test1,0.4802194311336682,6.903434690201398,1.1459263433580082e-10,159,0.35166554718008186,0.5909963341984086,Pearson's product-moment correlation,two.sided
cor.test1,0.5611080342805832,8.547709512642173,9.798906543598584e-15,159,0.44505959429163017,0.6586215787364743,Pearson's product-moment correlation,two.sided
cor.test1,0.5150998358921723,7.57780076329641,2.7285435622618156e-12,159,0.39162708553663006,0.6203495810144161,Pearson's product-moment correlation,two.sided
cor.test1,-0.46354787226979166,-6.596661535982416,5.9247515172422e-10,159,-0.5768621687120212,-0.33272945605388166,Pearson's product-moment correlation,two.sided
cor.test1,-0.3172884662832835,-4.218847071385615,4.112863727199008e-5,159,-0.4498845383285811,-0.17100599864730712,Pearson's product-moment correlation,two.sided
cor.test1,-0.45815406473363074,-6.499358452392861,9.895107502107276e-10,159,-0.5722747186692206,-0.3266255005988678,Pearson's product-moment correlation,two.sided
cor.test1,-0.4254167042907693,-5.927419723908744,1.8502287659470132e-8,159,-0.5442774131590573,-0.2898118385771911,Pearson's product-moment correlation,two.sided
cor.test1,-0.21709928989240734,-2.8044042530823097,0.005669819681107925,159,-0.3596956337620173,-0.06459347440921392,Pearson's product-moment correlation,two.sided
cor.test1,-0.4070351250333253,-5.619057764240488,8.400488746024747e-8,159,-0.5284403757910924,-0.26931588960871694,Pearson's product-moment correlation,two.sided
cor.test1,-1.8679642649547037e-4,-0.0023554133566891845,0.9981236064026348,159,-0.15485717364523144,0.15449251874304334,Pearson's product-moment correlation,two.sided
cor.test1,-0.4271958335696846,-5.95772841416015,1.5904385277191663e-8,159,-0.5458057758279353,-0.29180223876050504,Pearson's product-moment correlation,two.sided
cor.test1,-0.3236679208846415,-4.313489099212794,2.811909222590939e-5,159,-0.45553708809917454,-0.1778992928835206,Pearson's product-moment correlation,two.sided
cor.test1,-0.4291601456359318,-5.9912901786381845,1.3443953732988259e-8,159,-0.5474923037058064,-0.2940011750149064,Pearson's product-moment correlation,two.sided
cor.test1,0.04231382695444314,0.5340353549153855,0.5940629279164473,159,-0.1131012592312253,0.19570779343465336,Pearson's product-moment correlation,two.sided
cor.test1,0.2792041358919297,3.666437945649145,3.3489442968084366e-4,159,0.13014992044501328,0.4159172442034798,Pearson's product-moment correlation,two.sided
cor.test1,0.2826026352849037,3.7149144510605665,2.8100368102481303e-4,159,0.13377530586569866,0.41896393601244425,Pearson's product-moment correlation,two.sided
cor.test1,-0.23207093759326874,-3.0084369241861095,0.0030539301839823175,159,-0.373344391343128,-0.08027769724730739,Pearson's product-moment correlation,two.sided
cor.test1,-0.11264878338380244,-1.4295463618306816,0.154809147039611,159,-0.2627455733596196,0.04277131259912957,Pearson's product-moment correlation,two.sided
cor.test1,-0.3267614790783576,-4.35961873123062,2.3311676310217384e-5,159,-0.4582743287521922,-0.18124718347640598,Pearson's product-moment correlation,two.sided
cor.test1,-0.17665941811305855,-2.263185797742786,0.02497737716720833,159,-0.3225214454968137,-0.02260216561099368,Pearson's product-moment correlation,two.sided
cor.test1,-0.05688370000026013,-0.7184394538754765,0.4735407669240419,159,-0.2097133928211338,0.09865920226747825,Pearson's product-moment correlation,two.sided
cor.test1,-0.2395513324839262,-3.1112144211505903,0.0022091529379540315,159,-0.38014098472755914,-0.08814238253599171,Pearson's product-moment correlation,two.sided
cor.test1,-0.3900433801309579,-5.3413104641446205,3.1444228901798256e-7,159,-0.5137252383662765,-0.25047996008511014,Pearson's product-moment correlation,two.sided
cor.test1,-0.2298492628956191,-2.9780217631210006,0.003355848478471356,159,-0.3713228802303328,-0.07794552291625101,Pearson's product-moment correlation,two.sided
cor.test1,-0.21246964217604403,-2.7417405791351053,0.006812001125937256,159,-0.3554626713682436,-0.059758682754543636,Pearson's product-moment correlation,two.sided
cor.test1,-0.21362676087238858,-2.7573841999825204,0.006508811021071003,159,-0.356521193933942,-0.06096640322030632,Pearson's product-moment correlation,two.sided
cor.test1,0.4966234571508228,7.214778962352905,2.0824982655827825e-11,159,0.37040101903262385,0.6048376110669175,Pearson's product-moment correlation,two.sided
cor.test1,0.46320184081627147,6.590391439131282,6.124589426919693e-10,159,0.33233753681460326,0.5765680823047167,Pearson's product-moment correlation,two.sided
cor.test1,-0.402183875118334,-5.539070843129962,1.2337947634224895e-7,159,-0.5242465388389465,-0.2639273449740556,Pearson's product-moment correlation,two.sided
cor.test1,-0.21614642705172582,-2.791490909178845,0.00588984018941021,159,-0.3588248951685689,-0.06359780385656309,Pearson's product-moment correlation,two.sided
cor.test1,-0.3407319349032823,-4.569928498600994,9.743213989551566e-6,159,-0.47060466789103317,-0.1964083248877508,Pearson's product-moment correlation,two.sided
cor.test1,-0.3863320877818945,-5.2815208409732675,4.154633856912484e-7,159,-0.5105014848566602,-0.24637987735736147,Pearson's product-moment correlation,two.sided
cor.test1,-0.22521060753445468,-2.9146754108155792,0.004074565878251175,159,-0.367097820344447,-0.07308150781001738,Pearson's product-moment correlation,two.sided
cor.test1,-0.2962822300929076,-3.911606186982421,1.3554899728532765e-4,159,-0.4311964644194584,-0.14840855847736883,Pearson's product-moment correlation,two.sided
cor.test1,0.16958900181127903,2.1698667353411003,0.031501477804246,159,0.015315904185409774,0.3159754526213477,Pearson's product-moment correlation,two.sided
cor.test1,-0.3737703600224897,-5.0813550375368575,1.0403385186896921e-6,159,-0.4995639815083773,-0.23253927243084682,Pearson's product-moment correlation,two.sided
cor.test1,-0.21056206097295382,-2.715977441699965,0.007339338864531171,159,-0.35371683082570554,-0.05776865699966432,Pearson's product-moment correlation,two.sided
cor.test1,-0.22593781573071087,-2.924592363354916,0.003953450127575287,159,-0.36776057582858546,-0.07384356791086068,Pearson's product-moment correlation,two.sided
cor.test1,0.5528362784358228,8.36563633918527,2.874853729294321e-14,159,0.4353917156516127,0.6517777036765122,Pearson's product-moment correlation,two.sided
cor.test1,-0.425002896547876,-5.920382279672543,1.9162592156649545e-8,159,-0.5439218180917642,-0.2893490594040774,Pearson's product-moment correlation,two.sided
cor.test1,-0.401418788705796,-5.52650732529111,1.3101745422742043e-7,159,-0.5235845914754023,-0.2630783093954495,Pearson's product-moment correlation,two.sided
cor.test1,-0.4208207076038252,-5.84951033230477,2.7240954330257386e-8,159,-0.54032556263228,-0.2846754922333931,Pearson's product-moment correlation,two.sided
cor.test1,-0.411376767199427,-5.691125218280338,5.924325406242818e-8,159,-0.5321886464814035,-0.2741457085810195,Pearson's product-moment correlation,two.sided
cor.test1,-0.2617467669127247,-3.4197244154494277,7.965664989879967e-4,159,-0.40021851474772285,-0.11158969596506876,Pearson's product-moment correlation,two.sided
cor.test1,-0.4112482395927028,-5.688985123618313,5.986316884304083e-8,159,-0.5320777527053608,-0.2740026297506531,Pearson's product-moment correlation,two.sided
cor.test1,0.0981210777957924,1.2432590800578265,0.21560247648525246,159,-0.05742530973247988,0.24901663782762393,Pearson's product-moment correlation,two.sided
cor.test1,-0.46325280593352774,-6.59131468694031,6.094752634446689e-10,159,-0.5766113985593263,-0.33239525765994854,Pearson's product-moment correlation,two.sided
cor.test1,-0.37847118128393265,-5.155869270210235,7.412135868655978e-7,159,-0.5036616906004953,-0.23771198307032776,Pearson's product-moment correlation,two.sided
cor.test1,-0.38184871741555815,-5.209694552800571,5.790623813653459e-7,159,-0.5066024174741321,-0.24143350676996655,Pearson's product-moment correlation,two.sided
cor.test1,-0.35663302079333686,-4.813484071588952,3.4252255126671046e-6,159,-0.484577529286238,-0.21374902727029826,Pearson's product-moment correlation,two.sided
cor.test1,-0.2876562088705613,-3.7872810060352626,2.1557929184123524e-4,159,-0.42348870075777667,-0.13917363520276876,Pearson's product-moment correlation,two.sided
cor.test1,-0.3948287950452614,-5.418858375894293,2.184372195130058e-7,159,-0.5178768623846324,-0.2557740889969853,Pearson's product-moment correlation,two.sided
cor.test1,-0.470868240114946,-6.730218443902867,2.911331457767701e-10,159,-0.5830767516583943,-0.34103119353225553,Pearson's product-moment correlation,two.sided
cor.test1,-0.16179916353528642,-2.067451163245347,0.040312178766109076,159,-0.3087472261515798,-0.007307183560459601,Pearson's product-moment correlation,two.sided
cor.test1,-0.42505022983843077,-5.921187026267973,1.908593090532478e-8,159,-0.543962494904016,-0.2894019910671483,Pearson's product-moment correlation,two.sided
cor.test1,0.09189377893627862,1.163660123927465,0.24630503052500333,159,-0.06368628754758529,0.2431131042182673,Pearson's product-moment correlation,two.sided
cor.test1,-0.5414977969931822,-8.12181492277914,1.198915785805905e-13,159,-0.6423702289038838,-0.42218337482549717,Pearson's product-moment correlation,two.sided
cor.test1,-0.3475449181812422,-4.673718708001027,6.268947207759775e-6,159,-0.47659946996901015,-0.20382708920053927,Pearson's product-moment correlation,two.sided
cor.test1,-0.45764680423591125,-6.490254724677131,1.0379355137903286e-9,159,-0.5718429242907661,-0.3260520181310849,Pearson's product-moment correlation,two.sided
cor.test1,0.4342583449478848,6.0788855105163915,8.647789865095926e-9,159,0.29971500414360275,0.5518650578760252,Pearson's product-moment correlation,two.sided
cor.test1,0.6161987294770263,9.865492622202888,3.2985963154857117e-18,159,0.5101461340639198,0.7037946027846047,Pearson's product-moment correlation,two.sided
cor.test1,0.5295454147808464,7.871576726979406,5.103321461872949e-13,159,0.40831452766543463,0.6324203832678019,Pearson's product-moment correlation,two.sided
cor.test1,0.3071409463833136,4.0696084139203235,7.400144094683048e-5,159,0.16007056404762088,0.4408713321708507,Pearson's product-moment correlation,two.sided
cor.test1,0.45890906300879764,6.51292318217829,9.214543423617985e-10,159,0.32747924195931427,0.5729172772401667,Pearson's product-moment correlation,two.sided
cor.test1,-0.045724753669975526,-0.5771708822371656,0.5646403512328062,159,-0.19899223859740342,0.10972613251569585,Pearson's product-moment correlation,two.sided
cor.test1,0.44654391557140977,6.292965398442342,2.896921376431917e-9,159,0.3135238807088947,0.5623759579860422,Pearson's product-moment correlation,two.sided
cor.test1,0.4716056462186818,6.74377001952613,2.707706556407639e-10,159,0.3418685806855569,0.5837020410231275,Pearson's product-moment correlation,two.sided
cor.test1,0.5502560739479829,8.309579231245497,3.9976328637446024e-14,159,0.43238155213404794,0.6496395950293572,Pearson's product-moment correlation,two.sided
cor.test1,0.36642609695515926,4.965845972008129,1.7483001260651966e-6,159,0.22447372058269877,0.49315069476067575,Pearson's product-moment correlation,two.sided
cor.test1,0.39075490139082475,5.352808109614667,2.979714183059029e-7,159,0.25126659176222665,0.5143428909828837,Pearson's product-moment correlation,two.sided
cor.test1,0.5232196792415311,7.741804510360114,1.073784064083096e-12,159,0.4009970918169866,0.6271407067496625,Pearson's product-moment correlation,two.sided
cor.test1,0.2823975453089077,3.7119847445424243,2.8401268908821443e-4,159,0.13355641094861465,0.4187801636593464,Pearson's product-moment correlation,two.sided
cor.test1,0.04552530930983973,0.5746481113704975,0.566341474786243,159,-0.10992358229785626,0.19880028462121016,Pearson's product-moment correlation,two.sided
cor.test1,0.32245750004134444,4.295482081364468,3.0242764809831907e-5,159,0.1765902768695547,0.4544654050042787,Pearson's product-moment correlation,two.sided
cor.test1,0.4109380986117331,5.683822692035927,6.138478130084337e-8,159,0.27365740124520105,0.531810145617053,Pearson's product-moment correlation,two.sided
cor.test1,0.4854445522568952,7.001544943327029,6.722220051756037e-11,159,0.3576221396664288,0.5954122420016635,Pearson's product-moment correlation,two.sided
cor.test1,0.5344650697448118,7.973761644166495,2.8308832940027865e-13,159,0.41401623912751073,0.6365198998156631,Pearson's product-moment correlation,two.sided
cor.test1,0.21338352297272892,2.7540947480228946,0.006571527629930331,159,0.060712491212452716,0.3562987123731783,Pearson's product-moment correlation,two.sided
cor.test1,0.4999113183463114,7.278388409442959,1.4634028891306214e-11,159,0.37416856834608886,0.6076039767759508,Pearson's product-moment correlation,two.sided
cor.test1,0.1394612298332253,1.7758940641967425,0.07766309467011784,159,-0.015549032054036098,0.287925204947577,Pearson's product-moment correlation,two.sided
cor.test1,0.4175094007137715,5.793718449549414,3.586852112111618e-8,159,0.28097971474171896,0.5374750767355723,Pearson's product-moment correlation,two.sided
cor.test1,0.44984054070117074,6.351155451757195,2.144100158306727e-9,159,0.3172388576868025,0.5651900247942734,Pearson's product-moment correlation,two.sided
cor.test1,0.4894964322736364,7.078300050101009,4.417436335187732e-11,159,0.3622484185084554,0.5988320404384464,Pearson's product-moment correlation,two.sided
cor.test1,0.3632632851458549,4.916434445584874,2.1777227209658663e-6,159,0.22100626629486028,0.4903845587492747,Pearson's product-moment correlation,two.sided
cor.test1,0.5147997575850168,7.571793788858979,2.822890252742296e-12,159,0.39128129599001804,0.6200983042714924,Pearson's product-moment correlation,two.sided
cor.test1,-0.09847726320926388,-1.2478163002449019,0.2139328958918366,159,-0.24935396601774482,0.05706682766423193,Pearson's product-moment correlation,two.sided
cor.test1,0.5698336421771967,8.743828096464547,3.0467015665264314e-15,159,0.4552873306883305,0.6658235185109826,Pearson's product-moment correlation,two.sided
cor.test1,0.5465633208195263,8.229943781435884,6.376831239409821e-14,159,0.4280780135933659,0.6465768257633339,Pearson's product-moment correlation,two.sided
cor.test1,0.5413227240395474,8.118100393726955,1.2251323087530122e-13,159,0.4219798265069226,0.6422247331550583,Pearson's product-moment correlation,two.sided
cor.test1,0.28830053272279466,3.7965322508129167,2.0834135812424404e-4,159,0.13986254985883162,0.4240651154614359,Pearson's product-moment correlation,two.sided
cor.test1,-0.012635220261297918,-0.15933678474972332,0.8736057608625356,159,-0.16698372694018032,0.1423177700509615,Pearson's product-moment correlation,two.sided
cor.test1,0.27046372864890844,3.5424441610101596,5.20534118160165e-4,159,0.12084426871779204,0.40806750960031346,Pearson's product-moment correlation,two.sided
cor.test1,0.5244847548258464,7.767614537175032,9.26493217060613e-13,159,0.40245924962873364,0.6281973468333037,Pearson's product-moment correlation,two.sided
cor.test1,0.3999047837860441,5.5016863830122045,1.4748835220623152e-7,159,0.2613988114950708,0.5222742502389393,Pearson's product-moment correlation,two.sided
cor.test1,0.010049553652756699,0.12672644935246874,0.8993170268142416,159,-0.1448504552716949,0.16446875271158304,Pearson's product-moment correlation,two.sided
cor.test1,0.40161785195773125,5.529774822325551,1.2898768131039676e-7,159,0.2632991942570061,0.52375683379243,Pearson's product-moment correlation,two.sided
cor.test1,0.4905859517568647,7.099041242686488,3.942130207377101e-11,159,0.36349345992592474,0.5997509183316123,Pearson's product-moment correlation,two.sided
cor.test1,0.43274332897944706,6.052780716638463,9.86687762083065e-9,159,0.29801603481921185,0.5505662951790173,Pearson's product-moment correlation,two.sided
cor.test1,0.024228327906201625,0.30559729824651694,0.7603110002365757,159,-0.13093721246439133,0.17823524048392497,Pearson's product-moment correlation,two.sided
cor.test1,-0.03150008998563728,-0.3973982306389083,0.6916067932692695,159,-0.18527224472560544,0.1237778407519148,Pearson's product-moment correlation,two.sided
cor.test1,0.08319284799937862,1.0526710176667446,0.2940889247759793,159,-0.07241381292306377,0.23484574170211553,Pearson's product-moment correlation,two.sided
cor.test1,0.4897546673358282,7.083212122131351,4.299996109779475e-11,159,0.3625434739202658,0.5990498565079043,Pearson's product-moment correlation,two.sided
cor.test1,0.5811805843391873,9.00545208258653,6.328010440568668e-16,159,0.4686330411073109,0.6751623753530995,Pearson's product-moment correlation,two.sided
cor.test1,0.5525853926214087,8.360170507648583,2.968879659687669e-14,159,0.435098907523419,0.6515698739931959,Pearson's product-moment correlation,two.sided
cor.test2,0.6233884566165815,10.05308322438241,1.0322434843908003e-18,159,0.5187309488525348,0.7096382061333446,Pearson's product-moment correlation,two.sided
cor.test2,0.5739853294533392,8.838666286312632,1.7263757352013842e-15,159,0.46016437538209304,0.6692439682109478,Pearson's product-moment correlation,two.sided
cor.test2,0.5445485613734161,8.186784420764623,8.207481493880814e-14,159,0.42573227421414167,0.6449044237677216,Pearson's product-moment correlation,two.sided
cor.test2,0.5835193471005637,9.060344674724313,4.542265557875984e-16,159,0.4713901783746992,0.6770835064582427,Pearson's product-moment correlation,two.sided
cor.test2,0.45194638282453153,6.388496529698073,1.7661592320860266e-9,159,0.3196140696866981,0.5669862108426006,Pearson's product-moment correlation,two.sided
cor.test2,0.5036794904766326,7.351806706823033,9.721635581575703e-12,159,0.3784916150918367,0.6107712600042157,Pearson's product-moment correlation,two.sided
cor.test2,0.5615476860599873,8.557489903348772,9.246316915117931e-15,159,0.44557420958924066,0.6589848863076436,Pearson's product-moment correlation,two.sided
cor.test2,-0.5924197710866044,-9.272413085629765,1.2548527962626616e-16,159,-0.6843829434777193,-0.48190285402838784,Pearson's product-moment correlation,two.sided
cor.test2,-0.44536518538934167,-6.272237125184216,3.2235148791639826e-9,159,-0.5613691181121743,-0.312196553568106,Pearson's product-moment correlation,two.sided
cor.test2,-0.4188265668661159,-5.815877514035193,3.216152633380182e-8,159,-0.5386092667331609,-0.28244933011867795,Pearson's product-moment correlation,two.sided
cor.test2,-0.4102652996157351,-5.672631817335807,6.481428147241655e-8,159,-0.5312295337939248,-0.2729086073094272,Pearson's product-moment correlation,two.sided
cor.test2,-0.5124441955605225,-7.524771128487574,3.681982666724093e-12,159,-0.618125075244321,-0.3885681197076923,Pearson's product-moment correlation,two.sided
cor.test2,-0.3668275234807153,-4.972131477757436,1.699952114265467e-6,159,-0.49350159172899044,-0.2249140697837087,Pearson's product-moment correlation,two.sided
cor.test2,-0.48387668139816215,-6.9720037176690495,7.896447285637774e-11,159,-0.5940878843159012,-0.3558336876922922,Pearson's product-moment correlation,two.sided
cor.test2,0.5014062151840734,7.3074481109618485,1.2449644911252231e-11,159,0.37588293947904006,0.6088609009623737,Pearson's product-moment correlation,two.sided
cor.test2,0.39514347438617514,5.423975948092209,2.1322349730706872e-7,159,0.25612251285886534,0.5181496619448578,Pearson's product-moment correlation,two.sided
cor.test2,0.5276910964521061,7.83334922557227,6.356974805779191e-13,159,0.40616788814807375,0.6308736950175372,Pearson's product-moment correlation,two.sided
cor.test2,0.4184217983917999,5.809063252761297,3.32596209108928e-8,159,0.28199764546923384,0.5382607734895406,Pearson's product-moment correlation,two.sided
cor.test2,0.5693463108650728,8.73276134762473,3.2550729187997427e-15,159,0.4547153062696231,0.6654217561946056,Pearson's product-moment correlation,two.sided
cor.test2,0.42833559758736994,5.97718951720329,1.4428533846609297e-8,159,0.29307796584161017,0.5467844765888185,Pearson's product-moment correlation,two.sided
cor.test2,-0.46002212979626134,-6.532953792462969,8.293016554955305e-10,159,-0.5738643226844938,-0.3287382736580298,Pearson's product-moment correlation,two.sided
cor.test2,-0.4300823479207414,-6.007082587399229,1.2419356595378016e-8,159,-0.5482837608251675,-0.29503402207444235,Pearson's product-moment correlation,two.sided
cor.test2,-0.3633103295975848,-4.917167962871343,2.17065703760538e-6,159,-0.4904257217199186,-0.2210578157388957,Pearson's product-moment correlation,two.sided
cor.test2,-0.3886171030926146,-5.318296849039388,3.501182611958039e-7,159,-0.512486739148169,-0.24890367551532092,Pearson's product-moment correlation,two.sided
cor.test2,-0.4572626893923985,-6.483366407994936,1.076118973969503e-9,159,-0.5715159128482727,-0.32561782219697405,Pearson's product-moment correlation,two.sided
cor.test2,-0.4197729833847187,-5.831826820520392,2.9728268438935874e-8,159,-0.5394239424194163,-0.2835056805644505,Pearson's product-moment correlation,two.sided
cor.test2,-0.43503714237070923,-6.092329449774588,8.078922534131423e-9,159,-0.5525324678716389,-0.30058869542807326,Pearson's product-moment correlation,two.sided
cor.test2,0.5041419784316148,7.360856240429227,9.242479900073091e-12,159,0.37902258235176073,0.6111597616651325,Pearson's product-moment correlation,two.sided
cor.test2,0.5873870747452937,9.151875720853985,2.6097267019952855e-16,159,0.4759546072318769,0.6802577800512494,Pearson's product-moment correlation,two.sided
cor.test2,0.6004322145106542,9.467791201043173,3.8083740965548935e-17,159,0.49139398946934426,0.6909383983812927,Pearson's product-moment correlation,two.sided
cor.test2,0.5738593560548848,8.835773813271665,1.7565958779647183e-15,159,0.46001629156061163,0.6691402418907135,Pearson's product-moment correlation,two.sided
cor.test2,0.5307982355626696,7.897492786807385,4.3961314677973275e-13,159,0.40976560683409524,0.6334648978730228,Pearson's product-moment correlation,two.sided
cor.test2,-0.46159110791020214,-6.561255323187926,7.143775217613614e-10,159,-0.5751987603423003,-0.3305137966461336,Pearson's product-moment correlation,two.sided
cor.test2,-0.3987751777045099,-5.483202305025798,1.6105069822608296e-7,159,-0.5212962220376939,-0.2601462764010668,Pearson's product-moment correlation,two.sided
cor.test2,-0.3139185731399245,-4.169111562676796,5.010550012939584e-5,159,-0.4468943323510983,-0.1673704453125054,Pearson's product-moment correlation,two.sided
cor.test2,-0.3282559497520367,-4.381959602922174,2.1277419921355636e-5,159,-0.45959577250845063,-0.18286572902718987,Pearson's product-moment correlation,two.sided
cor.test2,-0.4102776667636257,-5.6728374233607015,6.474961468006568e-8,159,-0.5312402074157067,-0.27292236986752344,Pearson's product-moment correlation,two.sided
cor.test2,-0.3384897937552048,-4.535950785158012,1.1239612822350612e-5,159,-0.468629163035378,-0.19397043073136644,Pearson's product-moment correlation,two.sided
cor.test2,-0.3179113996558428,-4.228060181449362,3.9644433533209144e-5,159,-0.45043696018513346,-0.17167847649658313,Pearson's product-moment correlation,two.sided
cor.test2,0.5277874554733196,7.835331867725004,6.285031648300732e-13,159,0.4062794045125478,0.6309540883513449,Pearson's product-moment correlation,two.sided
cor.test2,0.46076053270035694,6.546263539452228,7.731503252210548e-10,159,0.32957376649550263,0.5744924199147937,Pearson's product-moment correlation,two.sided
cor.test2,0.6327322017150764,10.303139853620007,2.1790287232752265e-19,159,0.5299193717877779,0.7172148434963117,Pearson's product-moment correlation,two.sided
cor.test2,0.5456779292162601,8.210952318599814,7.126254301255534e-14,159,0.42704697527233126,0.6458420024779212,Pearson's product-moment correlation,two.sided
cor.test2,-0.35464118913083226,-4.78272022324143,3.916689609813034e-6,159,-0.48283080428665487,-0.21157191922374521,Pearson's product-moment correlation,two.sided
cor.test2,-0.3686676009296299,-5.000984436243768,1.4941628975283686e-6,159,-0.49510952188458984,-0.22693330492980152,Pearson's product-moment correlation,two.sided
cor.test2,-0.3302548808337317,-4.4118993656548735,1.8817157491687256e-5,159,-0.46136236258704283,-0.18503184936272943,Pearson's product-moment correlation,two.sided
cor.test2,-0.3257263041629639,-4.344165360015381,2.482673277449237e-5,159,-0.45735866341869463,-0.18012652755878084,Pearson's product-moment correlation,two.sided
cor.test2,-0.4062768516041434,-5.606518190314113,8.924276217736908e-8,159,-0.5277852495920986,-0.2684730654901752,Pearson's product-moment correlation,two.sided
cor.test2,-0.27031269956290116,-3.5403100514418293,5.244491784366404e-4,159,-0.40793169175747584,-0.1206837033296881,Pearson's product-moment correlation,two.sided
cor.test2,-0.31749583315404006,-4.221913327418495,4.0628860779406315e-5,159,-0.4500684440484695,-0.17122984313370335,Pearson's product-moment correlation,two.sided
cor.test2,0.4802194311336682,6.903434690201398,1.1459263433580082e-10,159,0.35166554718008186,0.5909963341984086,Pearson's product-moment correlation,two.sided
cor.test2,0.5611080342805832,8.547709512642173,9.798906543598584e-15,159,0.44505959429163017,0.6586215787364743,Pearson's product-moment correlation,two.sided
cor.test2,0.5150998358921723,7.57780076329641,2.7285435622618156e-12,159,0.39162708553663006,0.6203495810144161,Pearson's product-moment correlation,two.sided
cor.test2,-0.46354787226979166,-6.596661535982416,5.9247515172422e-10,159,-0.5768621687120212,-0.33272945605388166,Pearson's product-moment correlation,two.sided
cor.test2,-0.45815406473363074,-6.499358452392861,9.895107502107276e-10,159,-0.5722747186692206,-0.3266255005988678,Pearson's product-moment correlation,two.sided
cor.test2,-0.4254167042907693,-5.927419723908744,1.8502287659470132e-8,159,-0.5442774131590573,-0.2898118385771911,Pearson's product-moment correlation,two.sided
cor.test2,-0.4070351250333253,-5.619057764240488,8.400488746024747e-8,159,-0.5284403757910924,-0.26931588960871694,Pearson's product-moment correlation,two.sided
cor.test2,-0.4271958335696846,-5.95772841416015,1.5904385277191663e-8,159,-0.5458057758279353,-0.29180223876050504,Pearson's product-moment correlation,two.sided
cor.test2,-0.3236679208846415,-4.313489099212794,2.811909222590939e-5,159,-0.45553708809917454,-0.1778992928835206,Pearson's product-moment correlation,two.sided
cor.test2,-0.4291601456359318,-5.9912901786381845,1.3443953732988259e-8,159,-0.5474923037058064,-0.2940011750149064,Pearson's product-moment correlation,two.sided
cor.test2,0.4966234571508228,7.214778962352905,2.0824982655827825e-11,159,0.37040101903262385,0.6048376110669175,Pearson's product-moment correlation,two.sided
cor.test2,0.46320184081627147,6.590391439131282,6.124589426919693e-10,159,0.33233753681460326,0.5765680823047167,Pearson's product-moment correlation,two.sided
cor.test2,-0.402183875118334,-5.539070843129962,1.2337947634224895e-7,159,-0.5242465388389465,-0.2639273449740556,Pearson's product-moment correlation,two.sided
cor.test2,-0.3407319349032823,-4.569928498600994,9.743213989551566e-6,159,-0.47060466789103317,-0.1964083248877508,Pearson's product-moment correlation,two.sided
cor.test2,-0.3863320877818945,-5.2815208409732675,4.154633856912484e-7,159,-0.5105014848566602,-0.24637987735736147,Pearson's product-moment correlation,two.sided
cor.test2,-0.2962822300929076,-3.911606186982421,1.3554899728532765e-4,159,-0.4311964644194584,-0.14840855847736883,Pearson's product-moment correlation,two.sided
cor.test2,-0.3737703600224897,-5.0813550375368575,1.0403385186896921e-6,159,-0.4995639815083773,-0.23253927243084682,Pearson's product-moment correlation,two.sided
cor.test2,-0.21056206097295382,-2.715977441699965,0.007339338864531171,159,-0.35371683082570554,-0.05776865699966432,Pearson's product-moment correlation,two.sided
cor.test2,-0.22593781573071087,-2.924592363354916,0.003953450127575287,159,-0.36776057582858546,-0.07384356791086068,Pearson's product-moment correlation,two.sided
cor.test2,0.5528362784358228,8.36563633918527,2.874853729294321e-14,159,0.4353917156516127,0.6517777036765122,Pearson's product-moment correlation,two.sided
cor.test2,-0.425002896547876,-5.920382279672543,1.9162592156649545e-8,159,-0.5439218180917642,-0.2893490594040774,Pearson's product-moment correlation,two.sided
cor.test2,-0.4208207076038252,-5.84951033230477,2.7240954330257386e-8,159,-0.54032556263228,-0.2846754922333931,Pearson's product-moment correlation,two.sided
cor.test2,-0.411376767199427,-5.691125218280338,5.924325406242818e-8,159,-0.5321886464814035,-0.2741457085810195,Pearson's product-moment correlation,two.sided
cor.test2,-0.4112482395927028,-5.688985123618313,5.986316884304083e-8,159,-0.5320777527053608,-0.2740026297506531,Pearson's product-moment correlation,two.sided
cor.test2,-0.46325280593352774,-6.59131468694031,6.094752634446689e-10,159,-0.5766113985593263,-0.33239525765994854,Pearson's product-moment correlation,two.sided
cor.test2,-0.37847118128393265,-5.155869270210235,7.412135868655978e-7,159,-0.5036616906004953,-0.23771198307032776,Pearson's product-moment correlation,two.sided
cor.test2,-0.38184871741555815,-5.209694552800571,5.790623813653459e-7,159,-0.5066024174741321,-0.24143350676996655,Pearson's product-moment correlation,two.sided
cor.test2,-0.35663302079333686,-4.813484071588952,3.4252255126671046e-6,159,-0.484577529286238,-0.21374902727029826,Pearson's product-moment correlation,two.sided
cor.test2,-0.3948287950452614,-5.418858375894293,2.184372195130058e-7,159,-0.5178768623846324,-0.2557740889969853,Pearson's product-moment correlation,two.sided
cor.test2,-0.470868240114946,-6.730218443902867,2.911331457767701e-10,159,-0.5830767516583943,-0.34103119353225553,Pearson's product-moment correlation,two.sided
cor.test2,-0.42505022983843077,-5.921187026267973,1.908593090532478e-8,159,-0.543962494904016,-0.2894019910671483,Pearson's product-moment correlation,two.sided
cor.test2,-0.5414977969931822,-8.12181492277914,1.198915785805905e-13,159,-0.6423702289038838,-0.42218337482549717,Pearson's product-moment correlation,two.sided
cor.test2,-0.3475449181812422,-4.673718708001027,6.268947207759775e-6,159,-0.47659946996901015,-0.20382708920053927,Pearson's product-moment correlation,two.sided
cor.test2,-0.45764680423591125,-6.490254724677131,1.0379355137903286e-9,159,-0.5718429242907661,-0.3260520181310849,Pearson's product-moment correlation,two.sided
cor.test2,0.6161987294770263,9.865492622202888,3.2985963154857117e-18,159,0.5101461340639198,0.7037946027846047,Pearson's product-moment correlation,two.sided
cor.test2,0.5295454147808464,7.871576726979406,5.103321461872949e-13,159,0.40831452766543463,0.6324203832678019,Pearson's product-moment correlation,two.sided
cor.test2,0.45890906300879764,6.51292318217829,9.214543423617985e-10,159,0.32747924195931427,0.5729172772401667,Pearson's product-moment correlation,two.sided
cor.test2,0.44654391557140977,6.292965398442342,2.896921376431917e-9,159,0.3135238807088947,0.5623759579860422,Pearson's product-moment correlation,two.sided
cor.test2,0.4716056462186818,6.74377001952613,2.707706556407639e-10,159,0.3418685806855569,0.5837020410231275,Pearson's product-moment correlation,two.sided
cor.test2,0.5502560739479829,8.309579231245497,3.9976328637446024e-14,159,0.43238155213404794,0.6496395950293572,Pearson's product-moment correlation,two.sided
cor.test2,0.5344650697448118,7.973761644166495,2.8308832940027865e-13,159,0.41401623912751073,0.6365198998156631,Pearson's product-moment correlation,two.sided
cor.test2,0.4999113183463114,7.278388409442959,1.4634028891306214e-11,159,0.37416856834608886,0.6076039767759508,Pearson's product-moment correlation,two.sided
cor.test2,0.4175094007137715,5.793718449549414,3.586852112111618e-8,159,0.28097971474171896,0.5374750767355723,Pearson's product-moment correlation,two.sided
cor.test2,0.44984054070117074,6.351155451757195,2.144100158306727e-9,159,0.3172388576868025,0.5651900247942734,Pearson's product-moment correlation,two.sided
cor.test2,0.4894964322736364,7.078300050101009,4.417436335187732e-11,159,0.3622484185084554,0.5988320404384464,Pearson's product-moment correlation,two.sided
cor.test2,0.5147997575850168,7.571793788858979,2.822890252742296e-12,159,0.39128129599001804,0.6200983042714924,Pearson's product-moment correlation,two.sided
cor.test2,0.5698336421771967,8.743828096464547,3.0467015665264314e-15,159,0.4552873306883305,0.6658235185109826,Pearson's product-moment correlation,two.sided
cor.test2,0.5465633208195263,8.229943781435884,6.376831239409821e-14,159,0.4280780135933659,0.6465768257633339,Pearson's product-moment correlation,two.sided
cor.test2,0.5413227240395474,8.118100393726955,1.2251323087530122e-13,159,0.4219798265069226,0.6422247331550583,Pearson's product-moment correlation,two.sided
cor.test2,0.40161785195773125,5.529774822325551,1.2898768131039676e-7,159,0.2632991942570061,0.52375683379243,Pearson's product-moment correlation,two.sided
cor.test2,0.4905859517568647,7.099041242686488,3.942130207377101e-11,159,0.36349345992592474,0.5997509183316123,Pearson's product-moment correlation,two.sided
cor.test2,0.43274332897944706,6.052780716638463,9.86687762083065e-9,159,0.29801603481921185,0.5505662951790173,Pearson's product-moment correlation,two.sided
cor.test2,0.4897546673358282,7.083212122131351,4.299996109779475e-11,159,0.3625434739202658,0.5990498565079043,Pearson's product-moment correlation,two.sided
cor.test2,0.5811805843391873,9.00545208258653,6.328010440568668e-16,159,0.4686330411073109,0.6751623753530995,Pearson's product-moment correlation,two.sided
cor.test2,0.5525853926214087,8.360170507648583,2.968879659687669e-14,159,0.435098907523419,0.6515698739931959,Pearson's product-moment correlation,two.sided
cor.test3,0.5739853294533392,8.838666286312632,1.7263757352013842e-15,159,0.46016437538209304,0.6692439682109478,Pearson's product-moment correlation,two.sided
cor.test3,0.5445485613734161,8.186784420764623,8.207481493880814e-14,159,0.42573227421414167,0.6449044237677216,Pearson's product-moment correlation,two.sided
cor.test3,0.5835193471005637,9.060344674724313,4.542265557875984e-16,159,0.4713901783746992,0.6770835064582427,Pearson's product-moment correlation,two.sided
cor.test3,0.45194638282453153,6.388496529698073,1.7661592320860266e-9,159,0.3196140696866981,0.5669862108426006,Pearson's product-moment correlation,two.sided
cor.test3,0.5036794904766326,7.351806706823033,9.721635581575703e-12,159,0.3784916150918367,0.6107712600042157,Pearson's product-moment correlation,two.sided
cor.test3,0.5615476860599873,8.557489903348772,9.246316915117931e-15,159,0.44557420958924066,0.6589848863076436,Pearson's product-moment correlation,two.sided
cor.test3,0.5041419784316148,7.360856240429227,9.242479900073091e-12,159,0.37902258235176073,0.6111597616651325,Pearson's product-moment correlation,two.sided
cor.test3,0.5873870747452937,9.151875720853985,2.6097267019952855e-16,159,0.4759546072318769,0.6802577800512494,Pearson's product-moment correlation,two.sided
cor.test3,0.6004322145106542,9.467791201043173,3.8083740965548935e-17,159,0.49139398946934426,0.6909383983812927,Pearson's product-moment correlation,two.sided
cor.test3,0.5738593560548848,8.835773813271665,1.7565958779647183e-15,159,0.46001629156061163,0.6691402418907135,Pearson's product-moment correlation,two.sided
cor.test3,0.5307982355626696,7.897492786807385,4.3961314677973275e-13,159,0.40976560683409524,0.6334648978730228,Pearson's product-moment correlation,two.sided
cor.test3,0.5277874554733196,7.835331867725004,6.285031648300732e-13,159,0.4062794045125478,0.6309540883513449,Pearson's product-moment correlation,two.sided
cor.test3,0.46076053270035694,6.546263539452228,7.731503252210548e-10,159,0.32957376649550263,0.5744924199147937,Pearson's product-moment correlation,two.sided
cor.test3,0.6327322017150764,10.303139853620007,2.1790287232752265e-19,159,0.5299193717877779,0.7172148434963117,Pearson's product-moment correlation,two.sided
cor.test3,0.5456779292162601,8.210952318599814,7.126254301255534e-14,159,0.42704697527233126,0.6458420024779212,Pearson's product-moment correlation,two.sided
cor.test3,0.4802194311336682,6.903434690201398,1.1459263433580082e-10,159,0.35166554718008186,0.5909963341984086,Pearson's product-moment correlation,two.sided
cor.test3,0.5611080342805832,8.547709512642173,9.798906543598584e-15,159,0.44505959429163017,0.6586215787364743,Pearson's product-moment correlation,two.sided
cor.test3,0.5150998358921723,7.57780076329641,2.7285435622618156e-12,159,0.39162708553663006,0.6203495810144161,Pearson's product-moment correlation,two.sided
cor.test3,0.4966234571508228,7.214778962352905,2.0824982655827825e-11,159,0.37040101903262385,0.6048376110669175,Pearson's product-moment correlation,two.sided
cor.test3,0.46320184081627147,6.590391439131282,6.124589426919693e-10,159,0.33233753681460326,0.5765680823047167,Pearson's product-moment correlation,two.sided
cor.test3,0.5528362784358228,8.36563633918527,2.874853729294321e-14,159,0.4353917156516127,0.6517777036765122,Pearson's product-moment correlation,two.sided
cor.test4,0.6161987294770263,9.865492622202888,3.2985963154857117e-18,159,0.5101461340639198,0.7037946027846047,Pearson's product-moment correlation,two.sided
cor.test4,0.5295454147808464,7.871576726979406,5.103321461872949e-13,159,0.40831452766543463,0.6324203832678019,Pearson's product-moment correlation,two.sided
cor.test4,0.45890906300879764,6.51292318217829,9.214543423617985e-10,159,0.32747924195931427,0.5729172772401667,Pearson's product-moment correlation,two.sided
cor.test4,0.44654391557140977,6.292965398442342,2.896921376431917e-9,159,0.3135238807088947,0.5623759579860422,Pearson's product-moment correlation,two.sided
cor.test4,0.4716056462186818,6.74377001952613,2.707706556407639e-10,159,0.3418685806855569,0.5837020410231275,Pearson's product-moment correlation,two.sided
cor.test4,0.5502560739479829,8.309579231245497,3.9976328637446024e-14,159,0.43238155213404794,0.6496395950293572,Pearson's product-moment correlation,two.sided
cor.test4,0.5344650697448118,7.973761644166495,2.8308832940027865e-13,159,0.41401623912751073,0.6365198998156631,Pearson's product-moment correlation,two.sided
cor.test4,0.4999113183463114,7.278388409442959,1.4634028891306214e-11,159,0.37416856834608886,0.6076039767759508,Pearson's product-moment correlation,two.sided
cor.test4,0.4175094007137715,5.793718449549414,3.586852112111618e-8,159,0.28097971474171896,0.5374750767355723,Pearson's product-moment correlation,two.sided
cor.test4,0.44984054070117074,6.351155451757195,2.144100158306727e-9,159,0.3172388576868025,0.5651900247942734,Pearson's product-moment correlation,two.sided
cor.test4,0.4894964322736364,7.078300050101009,4.417436335187732e-11,159,0.3622484185084554,0.5988320404384464,Pearson's product-moment correlation,two.sided
cor.test4,0.5147997575850168,7.571793788858979,2.822890252742296e-12,159,0.39128129599001804,0.6200983042714924,Pearson's product-moment correlation,two.sided
cor.test4,0.5698336421771967,8.743828096464547,3.0467015665264314e-15,159,0.4552873306883305,0.6658235185109826,Pearson's product-moment correlation,two.sided
cor.test4,0.5465633208195263,8.229943781435884,6.376831239409821e-14,159,0.4280780135933659,0.6465768257633339,Pearson's product-moment correlation,two.sided
cor.test4,0.5413227240395474,8.118100393726955,1.2251323087530122e-13,159,0.4219798265069226,0.6422247331550583,Pearson's product-moment correlation,two.sided
cor.test4,0.40161785195773125,5.529774822325551,1.2898768131039676e-7,159,0.2632991942570061,0.52375683379243,Pearson's product-moment correlation,two.sided
cor.test4,0.4905859517568647,7.099041242686488,3.942130207377101e-11,159,0.36349345992592474,0.5997509183316123,Pearson's product-moment correlation,two.sided
cor.test4,0.43274332897944706,6.052780716638463,9.86687762083065e-9,159,0.29801603481921185,0.5505662951790173,Pearson's product-moment correlation,two.sided
cor.test4,0.4897546673358282,7.083212122131351,4.299996109779475e-11,159,0.3625434739202658,0.5990498565079043,Pearson's product-moment correlation,two.sided
cor.test4,0.5811805843391873,9.00545208258653,6.328010440568668e-16,159,0.4686330411073109,0.6751623753530995,Pearson's product-moment correlation,two.sided
cor.test4,0.5525853926214087,8.360170507648583,2.968879659687669e-14,159,0.435098907523419,0.6515698739931959,Pearson's product-moment correlation,two.sided
cor.test5,0.5739853294533392,8.838666286312632,1.7263757352013842e-15,159,0.46016437538209304,0.6692439682109478,Pearson's product-moment correlation,two.sided
cor.test5,0.5445485613734161,8.186784420764623,8.207481493880814e-14,159,0.42573227421414167,0.6449044237677216,Pearson's product-moment correlation,two.sided
cor.test5,0.5835193471005637,9.060344674724313,4.542265557875984e-16,159,0.4713901783746992,0.6770835064582427,Pearson's product-moment correlation,two.sided
cor.test5,0.45194638282453153,6.388496529698073,1.7661592320860266e-9,159,0.3196140696866981,0.5669862108426006,Pearson's product-moment correlation,two.sided
cor.test5,0.5036794904766326,7.351806706823033,9.721635581575703e-12,159,0.3784916150918367,0.6107712600042157,Pearson's product-moment correlation,two.sided
cor.test5,0.5615476860599873,8.557489903348772,9.246316915117931e-15,159,0.44557420958924066,0.6589848863076436,Pearson's product-moment correlation,two.sided
cor.test5,-0.5924197710866044,-9.272413085629765,1.2548527962626616e-16,159,-0.6843829434777193,-0.48190285402838784,Pearson's product-moment correlation,two.sided
cor.test5,-0.44536518538934167,-6.272237125184216,3.2235148791639826e-9,159,-0.5613691181121743,-0.312196553568106,Pearson's product-moment correlation,two.sided
cor.test5,-0.4188265668661159,-5.815877514035193,3.216152633380182e-8,159,-0.5386092667331609,-0.28244933011867795,Pearson's product-moment correlation,two.sided
cor.test5,-0.4102652996157351,-5.672631817335807,6.481428147241655e-8,159,-0.5312295337939248,-0.2729086073094272,Pearson's product-moment correlation,two.sided
cor.test5,-0.5124441955605225,-7.524771128487574,3.681982666724093e-12,159,-0.618125075244321,-0.3885681197076923,Pearson's product-moment correlation,two.sided
cor.test5,-0.3668275234807153,-4.972131477757436,1.699952114265467e-6,159,-0.49350159172899044,-0.2249140697837087,Pearson's product-moment correlation,two.sided
cor.test5,-0.48387668139816215,-6.9720037176690495,7.896447285637774e-11,159,-0.5940878843159012,-0.3558336876922922,Pearson's product-moment correlation,two.sided
cor.test5,0.5041419784316148,7.360856240429227,9.242479900073091e-12,159,0.37902258235176073,0.6111597616651325,Pearson's product-moment correlation,two.sided
cor.test5,0.5873870747452937,9.151875720853985,2.6097267019952855e-16,159,0.4759546072318769,0.6802577800512494,Pearson's product-moment correlation,two.sided
cor.test5,0.6004322145106542,9.467791201043173,3.8083740965548935e-17,159,0.49139398946934426,0.6909383983812927,Pearson's product-moment correlation,two.sided
cor.test5,0.5738593560548848,8.835773813271665,1.7565958779647183e-15,159,0.46001629156061163,0.6691402418907135,Pearson's product-moment correlation,two.sided
cor.test5,0.5307982355626696,7.897492786807385,4.3961314677973275e-13,159,0.40976560683409524,0.6334648978730228,Pearson's product-moment correlation,two.sided
cor.test5,-0.46159110791020214,-6.561255323187926,7.143775217613614e-10,159,-0.5751987603423003,-0.3305137966461336,Pearson's product-moment correlation,two.sided
cor.test5,-0.3987751777045099,-5.483202305025798,1.6105069822608296e-7,159,-0.5212962220376939,-0.2601462764010668,Pearson's product-moment correlation,two.sided
cor.test5,-0.3139185731399245,-4.169111562676796,5.010550012939584e-5,159,-0.4468943323510983,-0.1673704453125054,Pearson's product-moment correlation,two.sided
cor.test5,-0.3282559497520367,-4.381959602922174,2.1277419921355636e-5,159,-0.45959577250845063,-0.18286572902718987,Pearson's product-moment correlation,two.sided
cor.test5,-0.4102776667636257,-5.6728374233607015,6.474961468006568e-8,159,-0.5312402074157067,-0.27292236986752344,Pearson's product-moment correlation,two.sided
cor.test5,-0.3384897937552048,-4.535950785158012,1.1239612822350612e-5,159,-0.468629163035378,-0.19397043073136644,Pearson's product-moment correlation,two.sided
cor.test5,-0.3179113996558428,-4.228060181449362,3.9644433533209144e-5,159,-0.45043696018513346,-0.17167847649658313,Pearson's product-moment correlation,two.sided
cor.test5,0.5277874554733196,7.835331867725004,6.285031648300732e-13,159,0.4062794045125478,0.6309540883513449,Pearson's product-moment correlation,two.sided
cor.test5,0.46076053270035694,6.546263539452228,7.731503252210548e-10,159,0.32957376649550263,0.5744924199147937,Pearson's product-moment correlation,two.sided
cor.test5,0.6327322017150764,10.303139853620007,2.1790287232752265e-19,159,0.5299193717877779,0.7172148434963117,Pearson's product-moment correlation,two.sided
cor.test5,0.5456779292162601,8.210952318599814,7.126254301255534e-14,159,0.42704697527233126,0.6458420024779212,Pearson's product-moment correlation,two.sided
cor.test5,-0.35464118913083226,-4.78272022324143,3.916689609813034e-6,159,-0.48283080428665487,-0.21157191922374521,Pearson's product-moment correlation,two.sided
cor.test5,-0.3686676009296299,-5.000984436243768,1.4941628975283686e-6,159,-0.49510952188458984,-0.22693330492980152,Pearson's product-moment correlation,two.sided
cor.test5,-0.3302548808337317,-4.4118993656548735,1.8817157491687256e-5,159,-0.46136236258704283,-0.18503184936272943,Pearson's product-moment correlation,two.sided
cor.test5,-0.3257263041629639,-4.344165360015381,2.482673277449237e-5,159,-0.45735866341869463,-0.18012652755878084,Pearson's product-moment correlation,two.sided
cor.test5,-0.4062768516041434,-5.606518190314113,8.924276217736908e-8,159,-0.5277852495920986,-0.2684730654901752,Pearson's product-moment correlation,two.sided
cor.test5,-0.27031269956290116,-3.5403100514418293,5.244491784366404e-4,159,-0.40793169175747584,-0.1206837033296881,Pearson's product-moment correlation,two.sided
cor.test5,-0.31749583315404006,-4.221913327418495,4.0628860779406315e-5,159,-0.4500684440484695,-0.17122984313370335,Pearson's product-moment correlation,two.sided
cor.test5,0.4802194311336682,6.903434690201398,1.1459263433580082e-10,159,0.35166554718008186,0.5909963341984086,Pearson's product-moment correlation,two.sided
cor.test5,0.5611080342805832,8.547709512642173,9.798906543598584e-15,159,0.44505959429163017,0.6586215787364743,Pearson's product-moment correlation,two.sided
cor.test5,0.5150998358921723,7.57780076329641,2.7285435622618156e-12,159,0.39162708553663006,0.6203495810144161,Pearson's product-moment correlation,two.sided
cor.test5,-0.46354787226979166,-6.596661535982416,5.9247515172422e-10,159,-0.5768621687120212,-0.33272945605388166,Pearson's product-moment correlation,two.sided
cor.test5,-0.45815406473363074,-6.499358452392861,9.895107502107276e-10,159,-0.5722747186692206,-0.3266255005988678,Pearson's product-moment correlation,two.sided
cor.test5,-0.4254167042907693,-5.927419723908744,1.8502287659470132e-8,159,-0.5442774131590573,-0.2898118385771911,Pearson's product-moment correlation,two.sided
cor.test5,-0.4070351250333253,-5.619057764240488,8.400488746024747e-8,159,-0.5284403757910924,-0.26931588960871694,Pearson's product-moment correlation,two.sided
cor.test5,-0.4271958335696846,-5.95772841416015,1.5904385277191663e-8,159,-0.5458057758279353,-0.29180223876050504,Pearson's product-moment correlation,two.sided
cor.test5,-0.3236679208846415,-4.313489099212794,2.811909222590939e-5,159,-0.45553708809917454,-0.1778992928835206,Pearson's product-moment correlation,two.sided
cor.test5,-0.4291601456359318,-5.9912901786381845,1.3443953732988259e-8,159,-0.5474923037058064,-0.2940011750149064,Pearson's product-moment correlation,two.sided
cor.test5,0.4966234571508228,7.214778962352905,2.0824982655827825e-11,159,0.37040101903262385,0.6048376110669175,Pearson's product-moment correlation,two.sided
cor.test5,0.46320184081627147,6.590391439131282,6.124589426919693e-10,159,0.33233753681460326,0.5765680823047167,Pearson's product-moment correlation,two.sided
cor.test5,-0.402183875118334,-5.539070843129962,1.2337947634224895e-7,159,-0.5242465388389465,-0.2639273449740556,Pearson's product-moment correlation,two.sided
cor.test5,-0.3407319349032823,-4.569928498600994,9.743213989551566e-6,159,-0.47060466789103317,-0.1964083248877508,Pearson's product-moment correlation,two.sided
cor.test5,-0.3863320877818945,-5.2815208409732675,4.154633856912484e-7,159,-0.5105014848566602,-0.24637987735736147,Pearson's product-moment correlation,two.sided
cor.test5,-0.2962822300929076,-3.911606186982421,1.3554899728532765e-4,159,-0.4311964644194584,-0.14840855847736883,Pearson's product-moment correlation,two.sided
cor.test5,-0.3737703600224897,-5.0813550375368575,1.0403385186896921e-6,159,-0.4995639815083773,-0.23253927243084682,Pearson's product-moment correlation,two.sided
cor.test5,-0.21056206097295382,-2.715977441699965,0.007339338864531171,159,-0.35371683082570554,-0.05776865699966432,Pearson's product-moment correlation,two.sided
cor.test5,-0.22593781573071087,-2.924592363354916,0.003953450127575287,159,-0.36776057582858546,-0.07384356791086068,Pearson's product-moment correlation,two.sided
cor.test5,0.5528362784358228,8.36563633918527,2.874853729294321e-14,159,0.4353917156516127,0.6517777036765122,Pearson's product-moment correlation,two.sided
cor.test5,-0.425002896547876,-5.920382279672543,1.9162592156649545e-8,159,-0.5439218180917642,-0.2893490594040774,Pearson's product-moment correlation,two.sided
cor.test5,-0.4208207076038252,-5.84951033230477,2.7240954330257386e-8,159,-0.54032556263228,-0.2846754922333931,Pearson's product-moment correlation,two.sided
cor.test5,-0.411376767199427,-5.691125218280338,5.924325406242818e-8,159,-0.5321886464814035,-0.2741457085810195,Pearson's product-moment correlation,two.sided
cor.test5,-0.4112482395927028,-5.688985123618313,5.986316884304083e-8,159,-0.5320777527053608,-0.2740026297506531,Pearson's product-moment correlation,two.sided
cor.test5,-0.46325280593352774,-6.59131468694031,6.094752634446689e-10,159,-0.5766113985593263,-0.33239525765994854,Pearson's product-moment correlation,two.sided
cor.test5,-0.37847118128393265,-5.155869270210235,7.412135868655978e-7,159,-0.5036616906004953,-0.23771198307032776,Pearson's product-moment correlation,two.sided
cor.test5,-0.38184871741555815,-5.209694552800571,5.790623813653459e-7,159,-0.5066024174741321,-0.24143350676996655,Pearson's product-moment correlation,two.sided
cor.test5,-0.35663302079333686,-4.813484071588952,3.4252255126671046e-6,159,-0.484577529286238,-0.21374902727029826,Pearson's product-moment correlation,two.sided
cor.test5,-0.3948287950452614,-5.418858375894293,2.184372195130058e-7,159,-0.5178768623846324,-0.2557740889969853,Pearson's product-moment correlation,two.sided
cor.test5,-0.470868240114946,-6.730218443902867,2.911331457767701e-10,159,-0.5830767516583943,-0.34103119353225553,Pearson's product-moment correlation,two.sided
cor.test5,-0.42505022983843077,-5.921187026267973,1.908593090532478e-8,159,-0.543962494904016,-0.2894019910671483,Pearson's product-moment correlation,two.sided
cor.test5,-0.5414977969931822,-8.12181492277914,1.198915785805905e-13,159,-0.6423702289038838,-0.42218337482549717,Pearson's product-moment correlation,two.sided
cor.test5,-0.3475449181812422,-4.673718708001027,6.268947207759775e-6,159,-0.47659946996901015,-0.20382708920053927,Pearson's product-moment correlation,two.sided
cor.test5,-0.45764680423591125,-6.490254724677131,1.0379355137903286e-9,159,-0.5718429242907661,-0.3260520181310849,Pearson's product-moment correlation,two.sided
cor.test5,0.6161987294770263,9.865492622202888,3.2985963154857117e-18,159,0.5101461340639198,0.7037946027846047,Pearson's product-moment correlation,two.sided
cor.test5,0.5295454147808464,7.871576726979406,5.103321461872949e-13,159,0.40831452766543463,0.6324203832678019,Pearson's product-moment correlation,two.sided
cor.test5,0.45890906300879764,6.51292318217829,9.214543423617985e-10,159,0.32747924195931427,0.5729172772401667,Pearson's product-moment correlation,two.sided
cor.test5,0.44654391557140977,6.292965398442342,2.896921376431917e-9,159,0.3135238807088947,0.5623759579860422,Pearson's product-moment correlation,two.sided
cor.test5,0.4716056462186818,6.74377001952613,2.707706556407639e-10,159,0.3418685806855569,0.5837020410231275,Pearson's product-moment correlation,two.sided
cor.test5,0.5502560739479829,8.309579231245497,3.9976328637446024e-14,159,0.43238155213404794,0.6496395950293572,Pearson's product-moment correlation,two.sided
cor.test5,0.5344650697448118,7.973761644166495,2.8308832940027865e-13,159,0.41401623912751073,0.6365198998156631,Pearson's product-moment correlation,two.sided
cor.test5,0.4999113183463114,7.278388409442959,1.4634028891306214e-11,159,0.37416856834608886,0.6076039767759508,Pearson's product-moment correlation,two.sided
cor.test5,0.4175094007137715,5.793718449549414,3.586852112111618e-8,159,0.28097971474171896,0.5374750767355723,Pearson's product-moment correlation,two.sided
cor.test5,0.44984054070117074,6.351155451757195,2.144100158306727e-9,159,0.3172388576868025,0.5651900247942734,Pearson's product-moment correlation,two.sided
cor.test5,0.4894964322736364,7.078300050101009,4.417436335187732e-11,159,0.3622484185084554,0.5988320404384464,Pearson's product-moment correlation,two.sided
cor.test5,0.5147997575850168,7.571793788858979,2.822890252742296e-12,159,0.39128129599001804,0.6200983042714924,Pearson's product-moment correlation,two.sided
cor.test5,0.5698336421771967,8.743828096464547,3.0467015665264314e-15,159,0.4552873306883305,0.6658235185109826,Pearson's product-moment correlation,two.sided
cor.test5,0.5465633208195263,8.229943781435884,6.376831239409821e-14,159,0.4280780135933659,0.6465768257633339,Pearson's product-moment correlation,two.sided
cor.test5,0.5413227240395474,8.118100393726955,1.2251323087530122e-13,159,0.4219798265069226,0.6422247331550583,Pearson's product-moment correlation,two.sided
cor.test5,0.40161785195773125,5.529774822325551,1.2898768131039676e-7,159,0.2632991942570061,0.52375683379243,Pearson's product-moment correlation,two.sided
cor.test5,0.4905859517568647,7.099041242686488,3.942130207377101e-11,159,0.36349345992592474,0.5997509183316123,Pearson's product-moment correlation,two.sided
cor.test5,0.43274332897944706,6.052780716638463,9.86687762083065e-9,159,0.29801603481921185,0.5505662951790173,Pearson's product-moment correlation,two.sided
cor.test5,0.4897546673358282,7.083212122131351,4.299996109779475e-11,159,0.3625434739202658,0.5990498565079043,Pearson's product-moment correlation,two.sided
cor.test5,0.5811805843391873,9.00545208258653,6.328010440568668e-16,159,0.4686330411073109,0.6751623753530995,Pearson's product-moment correlation,two.sided
cor.test5,0.5525853926214087,8.360170507648583,2.968879659687669e-14,159,0.435098907523419,0.6515698739931959,Pearson's product-moment correlation,two.sided
cor.test6,0.5277874554733196,7.835331867725004,6.285031648300732e-13,159,0.4062794045125478,0.6309540883513449,Pearson's product-moment correlation,two.sided
cor.test6,0.46076053270035694,6.546263539452228,7.731503252210548e-10,159,0.32957376649550263,0.5744924199147937,Pearson's product-moment correlation,two.sided
cor.test6,0.6327322017150764,10.303139853620007,2.1790287232752265e-19,159,0.5299193717877779,0.7172148434963117,Pearson's product-moment correlation,two.sided
cor.test6,0.5456779292162601,8.210952318599814,7.126254301255534e-14,159,0.42704697527233126,0.6458420024779212,Pearson's product-moment correlation,two.sided
cor.test6,0.4802194311336682,6.903434690201398,1.1459263433580082e-10,159,0.35166554718008186,0.5909963341984086,Pearson's product-moment correlation,two.sided
cor.test6,0.5611080342805832,8.547709512642173,9.798906543598584e-15,159,0.44505959429163017,0.6586215787364743,Pearson's product-moment correlation,two.sided
cor.test6,0.5150998358921723,7.57780076329641,2.7285435622618156e-12,159,0.39162708553663006,0.6203495810144161,Pearson's product-moment correlation,two.sided
cor.test6,0.4966234571508228,7.214778962352905,2.0824982655827825e-11,159,0.37040101903262385,0.6048376110669175,Pearson's product-moment correlation,two.sided
cor.test6,0.46320184081627147,6.590391439131282,6.124589426919693e-10,159,0.33233753681460326,0.5765680823047167,Pearson's product-moment correlation,two.sided
cor.test6,0.5528362784358228,8.36563633918527,2.874853729294321e-14,159,0.4353917156516127,0.6517777036765122,Pearson's product-moment correlation,two.sided
cor.test7,0.6161987294770263,9.865492622202888,3.2985963154857117e-18,159,0.5101461340639198,0.7037946027846047,Pearson's product-moment correlation,two.sided
cor.test7,0.5295454147808464,7.871576726979406,5.103321461872949e-13,159,0.40831452766543463,0.6324203832678019,Pearson's product-moment correlation,two.sided
cor.test7,0.45890906300879764,6.51292318217829,9.214543423617985e-10,159,0.32747924195931427,0.5729172772401667,Pearson's product-moment correlation,two.sided
cor.test7,0.44654391557140977,6.292965398442342,2.896921376431917e-9,159,0.3135238807088947,0.5623759579860422,Pearson's product-moment correlation,two.sided
cor.test7,0.5502560739479829,8.309579231245497,3.9976328637446024e-14,159,0.43238155213404794,0.6496395950293572,Pearson's product-moment correlation,two.sided
cor.test7,0.5344650697448118,7.973761644166495,2.8308832940027865e-13,159,0.41401623912751073,0.6365198998156631,Pearson's product-moment correlation,two.sided
cor.test7,0.4999113183463114,7.278388409442959,1.4634028891306214e-11,159,0.37416856834608886,0.6076039767759508,Pearson's product-moment correlation,two.sided
cor.test7,0.4175094007137715,5.793718449549414,3.586852112111618e-8,159,0.28097971474171896,0.5374750767355723,Pearson's product-moment correlation,two.sided
cor.test7,0.4894964322736364,7.078300050101009,4.417436335187732e-11,159,0.3622484185084554,0.5988320404384464,Pearson's product-moment correlation,two.sided
cor.test7,0.5147997575850168,7.571793788858979,2.822890252742296e-12,159,0.39128129599001804,0.6200983042714924,Pearson's product-moment correlation,two.sided
cor.test7,0.5698336421771967,8.743828096464547,3.0467015665264314e-15,159,0.4552873306883305,0.6658235185109826,Pearson's product-moment correlation,two.sided
cor.test7,0.5413227240395474,8.118100393726955,1.2251323087530122e-13,159,0.4219798265069226,0.6422247331550583,Pearson's product-moment correlation,two.sided
cor.test7,0.40161785195773125,5.529774822325551,1.2898768131039676e-7,159,0.2632991942570061,0.52375683379243,Pearson's product-moment correlation,two.sided
cor.test7,0.43274332897944706,6.052780716638463,9.86687762083065e-9,159,0.29801603481921185,0.5505662951790173,Pearson's product-moment correlation,two.sided
cor.test7,0.5811805843391873,9.00545208258653,6.328010440568668e-16,159,0.4686330411073109,0.6751623753530995,Pearson's product-moment correlation,two.sided
cor.test8,0.5277874554733196,7.835331867725004,6.285031648300732e-13,159,0.4062794045125478,0.6309540883513449,Pearson's product-moment correlation,two.sided
cor.test8,0.46076053270035694,6.546263539452228,7.731503252210548e-10,159,0.32957376649550263,0.5744924199147937,Pearson's product-moment correlation,two.sided
cor.test8,0.6327322017150764,10.303139853620007,2.1790287232752265e-19,159,0.5299193717877779,0.7172148434963117,Pearson's product-moment correlation,two.sided
cor.test8,0.5456779292162601,8.210952318599814,7.126254301255534e-14,159,0.42704697527233126,0.6458420024779212,Pearson's product-moment correlation,two.sided
cor.test8,-0.35464118913083226,-4.78272022324143,3.916689609813034e-6,159,-0.48283080428665487,-0.21157191922374521,Pearson's product-moment correlation,two.sided
cor.test8,-0.3686676009296299,-5.000984436243768,1.4941628975283686e-6,159,-0.49510952188458984,-0.22693330492980152,Pearson's product-moment correlation,two.sided
cor.test8,-0.3302548808337317,-4.4118993656548735,1.8817157491687256e-5,159,-0.46136236258704283,-0.18503184936272943,Pearson's product-moment correlation,two.sided
cor.test8,-0.3257263041629639,-4.344165360015381,2.482673277449237e-5,159,-0.45735866341869463,-0.18012652755878084,Pearson's product-moment correlation,two.sided
cor.test8,-0.4062768516041434,-5.606518190314113,8.924276217736908e-8,159,-0.5277852495920986,-0.2684730654901752,Pearson's product-moment correlation,two.sided
cor.test8,-0.31749583315404006,-4.221913327418495,4.0628860779406315e-5,159,-0.4500684440484695,-0.17122984313370335,Pearson's product-moment correlation,two.sided
cor.test8,0.4802194311336682,6.903434690201398,1.1459263433580082e-10,159,0.35166554718008186,0.5909963341984086,Pearson's product-moment correlation,two.sided
cor.test8,0.5611080342805832,8.547709512642173,9.798906543598584e-15,159,0.44505959429163017,0.6586215787364743,Pearson's product-moment correlation,two.sided
cor.test8,0.5150998358921723,7.57780076329641,2.7285435622618156e-12,159,0.39162708553663006,0.6203495810144161,Pearson's product-moment correlation,two.sided
cor.test8,-0.46354787226979166,-6.596661535982416,5.9247515172422e-10,159,-0.5768621687120212,-0.33272945605388166,Pearson's product-moment correlation,two.sided
cor.test8,-0.45815406473363074,-6.499358452392861,9.895107502107276e-10,159,-0.5722747186692206,-0.3266255005988678,Pearson's product-moment correlation,two.sided
cor.test8,-0.4254167042907693,-5.927419723908744,1.8502287659470132e-8,159,-0.5442774131590573,-0.2898118385771911,Pearson's product-moment correlation,two.sided
cor.test8,-0.4070351250333253,-5.619057764240488,8.400488746024747e-8,159,-0.5284403757910924,-0.26931588960871694,Pearson's product-moment correlation,two.sided
cor.test8,-0.4271958335696846,-5.95772841416015,1.5904385277191663e-8,159,-0.5458057758279353,-0.29180223876050504,Pearson's product-moment correlation,two.sided
cor.test8,-0.4291601456359318,-5.9912901786381845,1.3443953732988259e-8,159,-0.5474923037058064,-0.2940011750149064,Pearson's product-moment correlation,two.sided
cor.test8,0.4966234571508228,7.214778962352905,2.0824982655827825e-11,159,0.37040101903262385,0.6048376110669175,Pearson's product-moment correlation,two.sided
cor.test8,0.46320184081627147,6.590391439131282,6.124589426919693e-10,159,0.33233753681460326,0.5765680823047167,Pearson's product-moment correlation,two.sided
cor.test8,-0.402183875118334,-5.539070843129962,1.2337947634224895e-7,159,-0.5242465388389465,-0.2639273449740556,Pearson's product-moment correlation,two.sided
cor.test8,-0.3407319349032823,-4.569928498600994,9.743213989551566e-6,159,-0.47060466789103317,-0.1964083248877508,Pearson's product-moment correlation,two.sided
cor.test8,-0.3863320877818945,-5.2815208409732675,4.154633856912484e-7,159,-0.5105014848566602,-0.24637987735736147,Pearson's product-moment correlation,two.sided
cor.test8,-0.2962822300929076,-3.911606186982421,1.3554899728532765e-4,159,-0.4311964644194584,-0.14840855847736883,Pearson's product-moment correlation,two.sided
cor.test8,-0.3737703600224897,-5.0813550375368575,1.0403385186896921e-6,159,-0.4995639815083773,-0.23253927243084682,Pearson's product-moment correlation,two.sided
cor.test8,-0.22593781573071087,-2.924592363354916,0.003953450127575287,159,-0.36776057582858546,-0.07384356791086068,Pearson's product-moment correlation,two.sided
cor.test8,0.5528362784358228,8.36563633918527,2.874853729294321e-14,159,0.4353917156516127,0.6517777036765122,Pearson's product-moment correlation,two.sided
cor.test8,-0.425002896547876,-5.920382279672543,1.9162592156649545e-8,159,-0.5439218180917642,-0.2893490594040774,Pearson's product-moment correlation,two.sided
cor.test8,-0.4208207076038252,-5.84951033230477,2.7240954330257386e-8,159,-0.54032556263228,-0.2846754922333931,Pearson's product-moment correlation,two.sided
cor.test8,-0.411376767199427,-5.691125218280338,5.924325406242818e-8,159,-0.5321886464814035,-0.2741457085810195,Pearson's product-moment correlation,two.sided
cor.test8,-0.4112482395927028,-5.688985123618313,5.986316884304083e-8,159,-0.5320777527053608,-0.2740026297506531,Pearson's product-moment correlation,two.sided
cor.test8,-0.46325280593352774,-6.59131468694031,6.094752634446689e-10,159,-0.5766113985593263,-0.33239525765994854,Pearson's product-moment correlation,two.sided
cor.test8,-0.38184871741555815,-5.209694552800571,5.790623813653459e-7,159,-0.5066024174741321,-0.24143350676996655,Pearson's product-moment correlation,two.sided
cor.test8,-0.35663302079333686,-4.813484071588952,3.4252255126671046e-6,159,-0.484577529286238,-0.21374902727029826,Pearson's product-moment correlation,two.sided
cor.test8,-0.3948287950452614,-5.418858375894293,2.184372195130058e-7,159,-0.5178768623846324,-0.2557740889969853,Pearson's product-moment correlation,two.sided
cor.test8,-0.470868240114946,-6.730218443902867,2.911331457767701e-10,159,-0.5830767516583943,-0.34103119353225553,Pearson's product-moment correlation,two.sided
cor.test8,-0.42505022983843077,-5.921187026267973,1.908593090532478e-8,159,-0.543962494904016,-0.2894019910671483,Pearson's product-moment correlation,two.sided
cor.test8,-0.5414977969931822,-8.12181492277914,1.198915785805905e-13,159,-0.6423702289038838,-0.42218337482549717,Pearson's product-moment correlation,two.sided
cor.test8,-0.45764680423591125,-6.490254724677131,1.0379355137903286e-9,159,-0.5718429242907661,-0.3260520181310849,Pearson's product-moment correlation,two.sided
cor.test8,0.6161987294770263,9.865492622202888,3.2985963154857117e-18,159,0.5101461340639198,0.7037946027846047,Pearson's product-moment correlation,two.sided
cor.test8,0.5295454147808464,7.871576726979406,5.103321461872949e-13,159,0.40831452766543463,0.6324203832678019,Pearson's product-moment correlation,two.sided
cor.test8,0.45890906300879764,6.51292318217829,9.214543423617985e-10,159,0.32747924195931427,0.5729172772401667,Pearson's product-moment correlation,two.sided
cor.test8,0.44654391557140977,6.292965398442342,2.896921376431917e-9,159,0.3135238807088947,0.5623759579860422,Pearson's product-moment correlation,two.sided
cor.test8,0.5502560739479829,8.309579231245497,3.9976328637446024e-14,159,0.43238155213404794,0.6496395950293572,Pearson's product-moment correlation,two.sided
cor.test8,0.5344650697448118,7.973761644166495,2.8308832940027865e-13,159,0.41401623912751073,0.6365198998156631,Pearson's product-moment correlation,two.sided
cor.test8,0.4999113183463114,7.278388409442959,1.4634028891306214e-11,159,0.37416856834608886,0.6076039767759508,Pearson's product-moment correlation,two.sided
cor.test8,0.4175094007137715,5.793718449549414,3.586852112111618e-8,159,0.28097971474171896,0.5374750767355723,Pearson's product-moment correlation,two.sided
cor.test8,0.4894964322736364,7.078300050101009,4.417436335187732e-11,159,0.3622484185084554,0.5988320404384464,Pearson's product-moment correlation,two.sided
cor.test8,0.5147997575850168,7.571793788858979,2.822890252742296e-12,159,0.39128129599001804,0.6200983042714924,Pearson's product-moment correlation,two.sided
cor.test8,0.5698336421771967,8.743828096464547,3.0467015665264314e-15,159,0.4552873306883305,0.6658235185109826,Pearson's product-moment correlation,two.sided
cor.test8,0.5413227240395474,8.118100393726955,1.2251323087530122e-13,159,0.4219798265069226,0.6422247331550583,Pearson's product-moment correlation,two.sided
cor.test8,0.40161785195773125,5.529774822325551,1.2898768131039676e-7,159,0.2632991942570061,0.52375683379243,Pearson's product-moment correlation,two.sided
cor.test8,0.43274332897944706,6.052780716638463,9.86687762083065e-9,159,0.29801603481921185,0.5505662951790173,Pearson's product-moment correlation,two.sided
cor.test8,0.5811805843391873,9.00545208258653,6.328010440568668e-16,159,0.4686330411073109,0.6751623753530995,Pearson's product-moment correlation,two.sided
cor.test9,0.5277874554733196,7.835331867725004,6.285031648300732e-13,159,0.4062794045125478,0.6309540883513449,Pearson's product-moment correlation,two.sided
cor.test9,0.46076053270035694,6.546263539452228,7.731503252210548e-10,159,0.32957376649550263,0.5744924199147937,Pearson's product-moment correlation,two.sided
cor.test9,0.6327322017150764,10.303139853620007,2.1790287232752265e-19,159,0.5299193717877779,0.7172148434963117,Pearson's product-moment correlation,two.sided
cor.test9,0.5456779292162601,8.210952318599814,7.126254301255534e-14,159,0.42704697527233126,0.6458420024779212,Pearson's product-moment correlation,two.sided
cor.test9,0.4802194311336682,6.903434690201398,1.1459263433580082e-10,159,0.35166554718008186,0.5909963341984086,Pearson's product-moment correlation,two.sided
cor.test9,0.5611080342805832,8.547709512642173,9.798906543598584e-15,159,0.44505959429163017,0.6586215787364743,Pearson's product-moment correlation,two.sided
cor.test9,0.5150998358921723,7.57780076329641,2.7285435622618156e-12,159,0.39162708553663006,0.6203495810144161,Pearson's product-moment correlation,two.sided
cor.test9,0.4966234571508228,7.214778962352905,2.0824982655827825e-11,159,0.37040101903262385,0.6048376110669175,Pearson's product-moment correlation,two.sided
cor.test9,0.46320184081627147,6.590391439131282,6.124589426919693e-10,159,0.33233753681460326,0.5765680823047167,Pearson's product-moment correlation,two.sided
cor.test9,0.5528362784358228,8.36563633918527,2.874853729294321e-14,159,0.4353917156516127,0.6517777036765122,Pearson's product-moment correlation,two.sided
cor.test10,0.6161987294770263,9.865492622202888,3.2985963154857117e-18,159,0.5101461340639198,0.7037946027846047,Pearson's product-moment correlation,two.sided
cor.test10,0.5295454147808464,7.871576726979406,5.103321461872949e-13,159,0.40831452766543463,0.6324203832678019,Pearson's product-moment correlation,two.sided
cor.test10,0.44654391557140977,6.292965398442342,2.896921376431917e-9,159,0.3135238807088947,0.5623759579860422,Pearson's product-moment correlation,two.sided
cor.test10,0.5502560739479829,8.309579231245497,3.9976328637446024e-14,159,0.43238155213404794,0.6496395950293572,Pearson's product-moment correlation,two.sided
cor.test10,0.5344650697448118,7.973761644166495,2.8308832940027865e-13,159,0.41401623912751073,0.6365198998156631,Pearson's product-moment correlation,two.sided
cor.test10,0.4175094007137715,5.793718449549414,3.586852112111618e-8,159,0.28097971474171896,0.5374750767355723,Pearson's product-moment correlation,two.sided
cor.test10,0.4894964322736364,7.078300050101009,4.417436335187732e-11,159,0.3622484185084554,0.5988320404384464,Pearson's product-moment correlation,two.sided
cor.test10,0.5698336421771967,8.743828096464547,3.0467015665264314e-15,159,0.4552873306883305,0.6658235185109826,Pearson's product-moment correlation,two.sided
cor.test10,0.5413227240395474,8.118100393726955,1.2251323087530122e-13,159,0.4219798265069226,0.6422247331550583,Pearson's product-moment correlation,two.sided
cor.test10,0.5811805843391873,9.00545208258653,6.328010440568668e-16,159,0.4686330411073109,0.6751623753530995,Pearson's product-moment correlation,two.sided
cor.test11,0.5277874554733196,7.835331867725004,6.285031648300732e-13,159,0.4062794045125478,0.6309540883513449,Pearson's product-moment correlation,two.sided
cor.test11,0.46076053270035694,6.546263539452228,7.731503252210548e-10,159,0.32957376649550263,0.5744924199147937,Pearson's product-moment correlation,two.sided
cor.test11,0.6327322017150764,10.303139853620007,2.1790287232752265e-19,159,0.5299193717877779,0.7172148434963117,Pearson's product-moment correlation,two.sided
cor.test11,0.5456779292162601,8.210952318599814,7.126254301255534e-14,159,0.42704697527233126,0.6458420024779212,Pearson's product-moment correlation,two.sided
cor.test11,-0.35464118913083226,-4.78272022324143,3.916689609813034e-6,159,-0.48283080428665487,-0.21157191922374521,Pearson's product-moment correlation,two.sided
cor.test11,-0.3686676009296299,-5.000984436243768,1.4941628975283686e-6,159,-0.49510952188458984,-0.22693330492980152,Pearson's product-moment correlation,two.sided
cor.test11,-0.3302548808337317,-4.4118993656548735,1.8817157491687256e-5,159,-0.46136236258704283,-0.18503184936272943,Pearson's product-moment correlation,two.sided
cor.test11,-0.4062768516041434,-5.606518190314113,8.924276217736908e-8,159,-0.5277852495920986,-0.2684730654901752,Pearson's product-moment correlation,two.sided
cor.test11,-0.31749583315404006,-4.221913327418495,4.0628860779406315e-5,159,-0.4500684440484695,-0.17122984313370335,Pearson's product-moment correlation,two.sided
cor.test11,0.4802194311336682,6.903434690201398,1.1459263433580082e-10,159,0.35166554718008186,0.5909963341984086,Pearson's product-moment correlation,two.sided
cor.test11,0.5611080342805832,8.547709512642173,9.798906543598584e-15,159,0.44505959429163017,0.6586215787364743,Pearson's product-moment correlation,two.sided
cor.test11,0.5150998358921723,7.57780076329641,2.7285435622618156e-12,159,0.39162708553663006,0.6203495810144161,Pearson's product-moment correlation,two.sided
cor.test11,-0.46354787226979166,-6.596661535982416,5.9247515172422e-10,159,-0.5768621687120212,-0.33272945605388166,Pearson's product-moment correlation,two.sided
cor.test11,-0.45815406473363074,-6.499358452392861,9.895107502107276e-10,159,-0.5722747186692206,-0.3266255005988678,Pearson's product-moment correlation,two.sided
cor.test11,-0.4254167042907693,-5.927419723908744,1.8502287659470132e-8,159,-0.5442774131590573,-0.2898118385771911,Pearson's product-moment correlation,two.sided
cor.test11,-0.4271958335696846,-5.95772841416015,1.5904385277191663e-8,159,-0.5458057758279353,-0.29180223876050504,Pearson's product-moment correlation,two.sided
cor.test11,-0.4291601456359318,-5.9912901786381845,1.3443953732988259e-8,159,-0.5474923037058064,-0.2940011750149064,Pearson's product-moment correlation,two.sided
cor.test11,0.4966234571508228,7.214778962352905,2.0824982655827825e-11,159,0.37040101903262385,0.6048376110669175,Pearson's product-moment correlation,two.sided
cor.test11,0.46320184081627147,6.590391439131282,6.124589426919693e-10,159,0.33233753681460326,0.5765680823047167,Pearson's product-moment correlation,two.sided
cor.test11,-0.402183875118334,-5.539070843129962,1.2337947634224895e-7,159,-0.5242465388389465,-0.2639273449740556,Pearson's product-moment correlation,two.sided
cor.test11,-0.3407319349032823,-4.569928498600994,9.743213989551566e-6,159,-0.47060466789103317,-0.1964083248877508,Pearson's product-moment correlation,two.sided
cor.test11,-0.3863320877818945,-5.2815208409732675,4.154633856912484e-7,159,-0.5105014848566602,-0.24637987735736147,Pearson's product-moment correlation,two.sided
cor.test11,-0.3737703600224897,-5.0813550375368575,1.0403385186896921e-6,159,-0.4995639815083773,-0.23253927243084682,Pearson's product-moment correlation,two.sided
cor.test11,-0.22593781573071087,-2.924592363354916,0.003953450127575287,159,-0.36776057582858546,-0.07384356791086068,Pearson's product-moment correlation,two.sided
cor.test11,0.5528362784358228,8.36563633918527,2.874853729294321e-14,159,0.4353917156516127,0.6517777036765122,Pearson's product-moment correlation,two.sided
cor.test11,-0.425002896547876,-5.920382279672543,1.9162592156649545e-8,159,-0.5439218180917642,-0.2893490594040774,Pearson's product-moment correlation,two.sided
cor.test11,-0.4208207076038252,-5.84951033230477,2.7240954330257386e-8,159,-0.54032556263228,-0.2846754922333931,Pearson's product-moment correlation,two.sided
cor.test11,-0.411376767199427,-5.691125218280338,5.924325406242818e-8,159,-0.5321886464814035,-0.2741457085810195,Pearson's product-moment correlation,two.sided
cor.test11,-0.46325280593352774,-6.59131468694031,6.094752634446689e-10,159,-0.5766113985593263,-0.33239525765994854,Pearson's product-moment correlation,two.sided
cor.test11,-0.38184871741555815,-5.209694552800571,5.790623813653459e-7,159,-0.5066024174741321,-0.24143350676996655,Pearson's product-moment correlation,two.sided
cor.test11,-0.35663302079333686,-4.813484071588952,3.4252255126671046e-6,159,-0.484577529286238,-0.21374902727029826,Pearson's product-moment correlation,two.sided
cor.test11,-0.3948287950452614,-5.418858375894293,2.184372195130058e-7,159,-0.5178768623846324,-0.2557740889969853,Pearson's product-moment correlation,two.sided
cor.test11,-0.470868240114946,-6.730218443902867,2.911331457767701e-10,159,-0.5830767516583943,-0.34103119353225553,Pearson's product-moment correlation,two.sided
cor.test11,-0.5414977969931822,-8.12181492277914,1.198915785805905e-13,159,-0.6423702289038838,-0.42218337482549717,Pearson's product-moment correlation,two.sided
cor.test11,-0.45764680423591125,-6.490254724677131,1.0379355137903286e-9,159,-0.5718429242907661,-0.3260520181310849,Pearson's product-moment correlation,two.sided
cor.test11,0.6161987294770263,9.865492622202888,3.2985963154857117e-18,159,0.5101461340639198,0.7037946027846047,Pearson's product-moment correlation,two.sided
cor.test11,0.5295454147808464,7.871576726979406,5.103321461872949e-13,159,0.40831452766543463,0.6324203832678019,Pearson's product-moment correlation,two.sided
cor.test11,0.44654391557140977,6.292965398442342,2.896921376431917e-9,159,0.3135238807088947,0.5623759579860422,Pearson's product-moment correlation,two.sided
cor.test11,0.5502560739479829,8.309579231245497,3.9976328637446024e-14,159,0.43238155213404794,0.6496395950293572,Pearson's product-moment correlation,two.sided
cor.test11,0.5344650697448118,7.973761644166495,2.8308832940027865e-13,159,0.41401623912751073,0.6365198998156631,Pearson's product-moment correlation,two.sided
cor.test11,0.4175094007137715,5.793718449549414,3.586852112111618e-8,159,0.28097971474171896,0.5374750767355723,Pearson's product-moment correlation,two.sided
cor.test11,0.4894964322736364,7.078300050101009,4.417436335187732e-11,159,0.3622484185084554,0.5988320404384464,Pearson's product-moment correlation,two.sided
cor.test11,0.5698336421771967,8.743828096464547,3.0467015665264314e-15,159,0.4552873306883305,0.6658235185109826,Pearson's product-moment correlation,two.sided
cor.test11,0.5413227240395474,8.118100393726955,1.2251323087530122e-13,159,0.4219798265069226,0.6422247331550583,Pearson's product-moment correlation,two.sided
cor.test11,0.5811805843391873,9.00545208258653,6.328010440568668e-16,159,0.4686330411073109,0.6751623753530995,Pearson's product-moment correlation,two.sided
cor.test12,0.46076053270035694,6.546263539452228,7.731503252210548e-10,159,0.32957376649550263,0.5744924199147937,Pearson's product-moment correlation,two.sided
cor.test12,0.6327322017150764,10.303139853620007,2.1790287232752265e-19,159,0.5299193717877779,0.7172148434963117,Pearson's product-moment correlation,two.sided
cor.test12,0.5456779292162601,8.210952318599814,7.126254301255534e-14,159,0.42704697527233126,0.6458420024779212,Pearson's product-moment correlation,two.sided
cor.test12,-0.35464118913083226,-4.78272022324143,3.916689609813034e-6,159,-0.48283080428665487,-0.21157191922374521,Pearson's product-moment correlation,two.sided
cor.test12,-0.3686676009296299,-5.000984436243768,1.4941628975283686e-6,159,-0.49510952188458984,-0.22693330492980152,Pearson's product-moment correlation,two.sided
cor.test12,-0.3302548808337317,-4.4118993656548735,1.8817157491687256e-5,159,-0.46136236258704283,-0.18503184936272943,Pearson's product-moment correlation,two.sided
cor.test12,-0.4062768516041434,-5.606518190314113,8.924276217736908e-8,159,-0.5277852495920986,-0.2684730654901752,Pearson's product-moment correlation,two.sided
cor.test12,0.4966234571508228,7.214778962352905,2.0824982655827825e-11,159,0.37040101903262385,0.6048376110669175,Pearson's product-moment correlation,two.sided
cor.test12,0.46320184081627147,6.590391439131282,6.124589426919693e-10,159,0.33233753681460326,0.5765680823047167,Pearson's product-moment correlation,two.sided
cor.test12,-0.402183875118334,-5.539070843129962,1.2337947634224895e-7,159,-0.5242465388389465,-0.2639273449740556,Pearson's product-moment correlation,two.sided
cor.test12,-0.3407319349032823,-4.569928498600994,9.743213989551566e-6,159,-0.47060466789103317,-0.1964083248877508,Pearson's product-moment correlation,two.sided
cor.test12,-0.3863320877818945,-5.2815208409732675,4.154633856912484e-7,159,-0.5105014848566602,-0.24637987735736147,Pearson's product-moment correlation,two.sided
cor.test12,-0.3737703600224897,-5.0813550375368575,1.0403385186896921e-6,159,-0.4995639815083773,-0.23253927243084682,Pearson's product-moment correlation,two.sided
cor.test12,0.5528362784358228,8.36563633918527,2.874853729294321e-14,159,0.4353917156516127,0.6517777036765122,Pearson's product-moment correlation,two.sided
cor.test12,-0.425002896547876,-5.920382279672543,1.9162592156649545e-8,159,-0.5439218180917642,-0.2893490594040774,Pearson's product-moment correlation,two.sided
cor.test12,-0.4208207076038252,-5.84951033230477,2.7240954330257386e-8,159,-0.54032556263228,-0.2846754922333931,Pearson's product-moment correlation,two.sided
cor.test12,-0.411376767199427,-5.691125218280338,5.924325406242818e-8,159,-0.5321886464814035,-0.2741457085810195,Pearson's product-moment correlation,two.sided
cor.test12,-0.46325280593352774,-6.59131468694031,6.094752634446689e-10,159,-0.5766113985593263,-0.33239525765994854,Pearson's product-moment correlation,two.sided
cor.test12,-0.35663302079333686,-4.813484071588952,3.4252255126671046e-6,159,-0.484577529286238,-0.21374902727029826,Pearson's product-moment correlation,two.sided
cor.test12,-0.3948287950452614,-5.418858375894293,2.184372195130058e-7,159,-0.5178768623846324,-0.2557740889969853,Pearson's product-moment correlation,two.sided
cor.test12,-0.470868240114946,-6.730218443902867,2.911331457767701e-10,159,-0.5830767516583943,-0.34103119353225553,Pearson's product-moment correlation,two.sided
cor.test12,-0.5414977969931822,-8.12181492277914,1.198915785805905e-13,159,-0.6423702289038838,-0.42218337482549717,Pearson's product-moment correlation,two.sided
cor.test12,0.6161987294770263,9.865492622202888,3.2985963154857117e-18,159,0.5101461340639198,0.7037946027846047,Pearson's product-moment correlation,two.sided
cor.test12,0.5295454147808464,7.871576726979406,5.103321461872949e-13,159,0.40831452766543463,0.6324203832678019,Pearson's product-moment correlation,two.sided
cor.test12,0.44654391557140977,6.292965398442342,2.896921376431917e-9,159,0.3135238807088947,0.5623759579860422,Pearson's product-moment correlation,two.sided
cor.test12,0.5344650697448118,7.973761644166495,2.8308832940027865e-13,159,0.41401623912751073,0.6365198998156631,Pearson's product-moment correlation,two.sided
cor.test12,0.4175094007137715,5.793718449549414,3.586852112111618e-8,159,0.28097971474171896,0.5374750767355723,Pearson's product-moment correlation,two.sided
cor.test12,0.5698336421771967,8.743828096464547,3.0467015665264314e-15,159,0.4552873306883305,0.6658235185109826,Pearson's product-moment correlation,two.sided
cor.test13,-0.6266860981751641,-10.14050687784157,5.997586389673703e-19,159,-0.7123144708161628,-0.5226755343118021,Pearson's product-moment correlation,two.sided
cor.test13,0.6429991934616938,10.586580801038517,3.706565015143406e-20,159,0.5422547217219583,0.7255171526546115,Pearson's product-moment correlation,two.sided
cor.test13,0.2884949060755117,3.799324179834886,2.0620268010294597e-4,159,0.14007040315095085,0.4242389810487389,Pearson's product-moment correlation,two.sided
cor.test13,0.2898592887808151,3.818936272554861,1.9175572412048842e-4,159,0.14152977510911782,0.4254591300948848,Pearson's product-moment correlation,two.sided
cor.test13,0.38116393250673714,5.083035814890937,1.0772514728693243e-6,152,0.23730950232517586,0.5086599617438325,Pearson's product-moment correlation,two.sided
cor.test13,-0.53969517094202,-8.083639826287094,1.4971210994523317e-13,159,-0.6408717943363775,-0.42008812989077815,Pearson's product-moment correlation,two.sided
cor.test13,-0.20293516347568397,-2.613291962457985,0.009828169359172054,159,-0.34672662461386866,-0.049824243512507006,Pearson's product-moment correlation,two.sided
cor.test13,-0.3097647032752841,-4.108045721896986,6.370396974354056e-5,159,-0.4432043873702162,-0.16289458923025546,Pearson's product-moment correlation,two.sided
cor.test13,-0.4613432411157104,-6.410822934557874,1.7270134939336124e-9,152,-0.5773749619729766,-0.32704592276101496,Pearson's product-moment correlation,two.sided
cor.test13,0.43989134176135253,6.17650749792609,5.2658789862740785e-9,159,0.3060394538992273,0.5566890022818215,Pearson's product-moment correlation,two.sided
cor.test13,0.45218111130668615,6.392667055226008,1.7282527848729463e-9,159,0.3198789266391908,0.5671863556498807,Pearson's product-moment correlation,two.sided
cor.test13,0.46253244800985155,6.431838322365479,1.5493092998539512e-9,152,0.3283953596342838,0.5783819101317602,Pearson's product-moment correlation,two.sided
cor.test13,0.058474542039435924,0.7385997377728019,0.46123893329613097,159,-0.09707833844503516,0.21123883517396003,Pearson's product-moment correlation,two.sided
cor.test13,0.3911019634504367,5.239140214866588,5.299749892286805e-7,152,0.24830040112448248,0.5172661269967147,Pearson's product-moment correlation,two.sided
cor.test13,0.14867778375341306,1.8536245741573503,0.06573122008695183,152,-0.009711243107539149,0.2997889212213646,Pearson's product-moment correlation,two.sided
