id,estimation_condition,low_rep_est1,low_rep_est2,low_rep_est3,low_rep_est4,low_rep_est5,low_rep_est6,low_rep_est_all,addiction1,addiction2,addiction3,addiction4,addiction5,addiction6,imc,addiction7,addiction8,dependency1,dependency2,dependency3,dependency4,dependency5,hour,minute,rm1,rm2,rm3,rm4,rm5,rm6,rm7,rm8,rm9,rm10,rm11,rm12,female,age
73,1,1,1,4,1,1,2,6,3,4,3,5,7,4,2,4,3,5,3,4,3,2,1,10,3,3,2,2,5,3,3,4,4,4,4,4,1,22
119,1,1,1,6,1,1,1,6,1,1,1,1,3,1,2,1,1,1,1,1,1,5,0,15,5,5,6,5,5,2,2,5,1,5,1,2,1,30
128,1,1,1,4,2,2,2,5,2,2,2,2,2,2,1,2,2,,,,,,,,,,,,,,,,,,,,,
130,1,1,1,5,1,1,1,3,1,1,1,1,1,1,2,1,1,1,1,1,1,2,0,5,5,5,5,5,4,5,2,5,4,5,4,5,1,52
136,1,1,1,5,1,1,1,5,4,3,3,3,3,3,4,3,3,,,,,,,,,,,,,,,,,,,,,
154,1,1,1,6,1,1,1,6,1,1,1,1,7,1,2,1,1,1,5,1,1,5,2,30,6,4,6,4,4,6,4,4,4,4,5,5,1,39
158,1,1,1,4,2,2,3,4,3,5,2,4,5,2,2,2,2,2,2,3,2,1,0,50,3,2,4,2,4,4,4,4,3,4,4,4,1,43
207,1,1,1,1,1,1,1,1,1,1,1,1,1,1,1,1,1,,,,,,,,,,,,,,,,,,,,,
287,1,1,2,4,2,2,2,3,1,2,1,4,5,3,2,1,1,1,1,2,2,1,0,10,5,5,5,4,4,5,5,5,4,5,5,5,1,46
313,1,1,1,1,1,1,1,5,1,1,1,1,3,1,2,1,1,1,1,1,1,2,0,30,5,5,4,5,5,5,3,4,3,4,3,3,1,51
321,1,1,1,1,1,1,1,5,3,6,1,3,7,1,2,3,5,1,1,4,1,2,0,15,4,4,5,4,4,4,5,4,5,5,5,5,1,43
323,1,1,1,6,1,1,4,4,6,6,1,7,6,2,2,6,6,2,1,2,2,3,0,10,4,3,4,2,2,1,1,1,1,2,1,2,1,56
326,1,1,4,2,2,2,2,4,3,5,1,2,5,2,2,4,3,3,2,4,1,4,1,0,2,1,5,2,2,2,2,2,2,2,3,3,2,42
347,1,1,1,5,1,1,1,6,2,2,2,2,4,3,2,5,5,3,2,2,3,2,0,30,3,3,5,3,3,4,4,3,4,4,4,4,2,64
385,1,1,1,1,1,1,1,4,1,1,1,3,4,4,2,2,2,3,1,1,2,1,1,0,3,3,4,3,3,4,4,3,3,4,4,4,1,59
394,1,1,1,5,1,6,1,6,2,2,2,2,5,2,2,2,1,1,2,3,2,2,0,30,5,5,5,5,5,5,5,4,3,5,4,5,1,47
409,1,1,1,3,3,3,1,3,1,1,1,1,1,3,2,1,1,1,1,2,1,1,0,5,2,3,1,3,1,5,3,2,3,3,3,3,1,72
412,1,1,1,1,1,1,1,6,2,2,1,1,4,4,2,4,4,1,2,1,1,2,0,30,6,4,5,4,4,3,4,3,3,5,4,4,2,54
414,1,1,1,6,1,1,1,6,7,5,6,4,4,4,4,4,4,,,,,,,,,,,,,,,,,,,,,
438,1,1,6,6,6,6,1,6,6,4,1,1,7,1,2,7,1,1,1,1,1,1,1,0,1,6,5,2,2,4,4,3,4,5,2,3,1,72
452,1,1,1,3,1,1,4,6,1,1,1,1,5,1,2,1,1,1,1,1,1,1,0,5,6,5,6,6,6,6,6,6,6,6,6,6,1,64
453,1,1,1,6,1,1,1,6,3,2,2,5,5,1,2,2,1,2,1,2,2,2,0,15,4,3,4,4,3,2,3,4,3,5,3,3,1,67
457,1,1,1,5,1,2,1,5,2,2,1,3,3,1,2,1,1,1,1,1,1,2,0,5,3,3,4,4,5,4,3,3,4,5,4,4,1,74
466,1,1,2,6,1,2,2,4,3,3,1,4,2,2,2,2,2,3,1,2,2,2,0,50,3,3,4,4,4,3,5,3,4,2,5,4,1,51
484,1,1,2,5,1,2,1,5,3,3,2,2,6,4,2,5,2,1,1,4,2,3,1,0,5,3,3,5,5,4,5,4,3,5,3,3,1,49
499,1,1,1,1,1,1,1,5,1,1,1,1,2,1,2,1,1,1,1,1,1,2,0,30,5,5,5,5,4,4,3,4,3,4,3,3,1,36
501,1,1,1,4,1,3,1,3,1,1,1,2,4,1,2,1,1,1,1,1,1,3,0,20,4,4,4,4,1,3,5,3,3,4,4,4,2,39
518,1,1,1,3,1,1,1,4,1,1,1,1,1,1,2,1,1,1,1,1,1,1,0,5,3,3,3,4,4,4,4,4,4,4,4,4,1,54
519,1,1,1,3,3,3,2,3,1,1,1,1,1,1,2,1,1,2,1,1,1,1,0,20,3,4,1,4,4,4,5,4,4,5,4,4,1,48
546,1,1,1,4,1,1,1,4,1,2,1,1,5,1,2,3,4,2,2,2,1,4,0,5,3,2,5,3,3,5,4,4,4,4,4,4,2,29
549,1,1,1,6,1,1,1,6,4,5,1,3,4,1,2,1,1,1,1,1,3,1,0,10,4,3,5,4,3,5,3,3,3,4,3,3,1,49
556,1,1,1,2,2,3,2,2,1,2,1,2,4,2,2,2,2,1,2,2,1,4,1,0,4,4,4,5,2,3,4,2,3,4,3,5,1,40
580,1,1,1,6,1,1,1,5,1,1,1,1,2,1,2,1,2,1,1,1,2,2,0,10,5,2,4,4,4,3,5,4,4,3,5,4,1,42
589,1,1,1,5,1,1,1,6,1,1,1,1,1,1,2,1,1,1,1,1,1,1,0,5,3,3,3,4,4,3,4,3,4,3,3,4,1,41
590,1,1,1,6,1,1,1,6,5,6,2,5,5,3,2,4,5,,,,,,,,,,,,,,,,,,,,,
606,1,1,1,3,1,1,1,3,2,5,2,2,5,1,2,1,1,3,1,1,2,1,0,20,3,3,5,3,4,3,3,5,2,4,3,3,2,41
630,1,1,1,6,1,6,2,5,1,3,1,3,3,2,2,2,2,4,2,3,3,2,0,10,5,5,5,5,5,3,4,4,2,5,3,3,2,56
662,1,1,1,6,1,1,1,6,3,1,1,2,6,5,2,2,2,1,1,3,1,3,1,0,5,5,6,5,4,5,3,4,3,4,2,2,2,37
670,1,1,1,5,1,1,1,5,2,5,1,2,2,2,2,5,1,1,1,1,1,4,0,15,5,3,5,5,5,4,5,5,4,5,4,4,1,59
681,1,1,1,4,1,1,1,3,4,4,1,2,6,1,2,1,1,2,1,2,2,2,0,30,3,3,4,4,3,3,4,4,3,4,3,3,1,62
686,1,1,1,6,1,1,1,6,4,6,1,4,4,4,2,4,4,3,3,3,3,3,5,30,3,3,4,3,3,4,4,3,4,4,4,3,1,28
715,1,1,1,6,1,1,1,6,3,6,2,2,5,4,2,2,2,2,2,3,4,4,0,30,4,5,4,4,3,2,4,2,2,4,2,3,1,36
94,1,2,2,4,2,2,3,5,1,1,1,1,1,1,2,1,1,1,1,1,1,1,0,10,3,4,3,4,4,3,4,4,4,3,4,4,1,48
105,1,2,2,2,3,4,1,3,1,2,1,5,5,1,2,1,1,3,1,1,2,2,0,10,4,3,4,3,3,5,3,4,3,3,3,3,2,39
111,1,2,3,3,2,2,2,3,2,2,2,3,2,2,2,1,3,3,1,1,2,2,0,45,3,2,2,4,5,2,4,2,5,2,5,5,1,34
168,1,2,2,4,2,2,2,4,2,5,1,4,5,6,2,3,4,2,1,3,1,1,0,20,3,2,4,5,4,5,3,2,2,3,3,3,1,41
195,1,2,6,4,1,6,2,3,2,4,5,5,4,5,2,1,1,3,2,4,2,3,0,1,3,4,2,5,4,1,3,2,6,3,4,4,2,38
204,1,2,2,3,2,3,3,3,1,1,1,1,2,1,2,1,1,1,1,1,1,3,0,15,2,2,3,1,2,4,2,1,2,2,2,2,2,44
209,1,2,2,4,2,2,1,4,1,1,1,1,2,1,2,1,1,1,1,1,1,1,0,10,2,2,4,4,4,3,3,3,3,3,3,3,1,50
239,1,2,2,5,2,2,2,5,1,1,2,2,5,1,2,1,1,1,1,1,1,2,0,20,5,5,5,4,3,5,2,3,2,3,2,2,1,56
248,1,2,3,3,2,2,2,3,3,3,1,2,5,2,2,1,2,1,1,2,2,2,0,15,4,4,5,3,4,3,3,4,2,3,3,3,1,45
257,1,2,2,4,1,1,2,3,2,2,2,4,6,2,2,3,2,2,2,2,1,3,0,30,5,4,5,4,4,3,4,4,3,5,3,3,1,45
273,1,2,2,2,2,2,2,3,3,5,1,2,2,4,2,2,5,4,1,1,2,1,1,0,5,5,6,4,3,5,3,4,3,5,3,3,1,54
280,1,2,2,5,5,2,4,4,5,5,2,4,4,5,2,3,5,3,2,2,2,2,3,40,3,3,3,4,4,3,4,3,4,3,4,4,1,31
288,1,2,2,4,3,3,2,4,4,4,2,2,4,2,2,2,2,2,2,2,2,2,0,30,3,3,4,3,4,4,4,4,4,4,4,4,2,43
296,1,2,2,5,3,2,2,3,2,2,2,4,3,2,2,3,3,2,2,2,2,2,0,10,3,3,4,4,4,4,4,3,4,4,4,4,1,47
299,1,2,2,4,2,2,2,4,2,2,1,2,2,1,2,1,1,2,1,2,2,2,0,20,3,3,2,4,5,4,4,4,5,2,4,4,2,20
318,1,2,2,4,2,2,2,4,1,1,1,1,4,1,2,1,1,1,1,1,1,2,0,3,4,4,4,4,4,4,4,4,4,4,4,4,1,48
333,1,2,1,5,1,1,1,5,3,3,1,1,5,2,2,5,5,4,4,4,2,3,6,30,3,2,5,2,2,5,3,2,3,4,3,3,2,42
338,1,2,5,5,2,2,2,5,3,5,5,3,4,3,2,5,4,3,3,2,3,4,1,0,4,4,4,5,4,3,4,4,3,4,4,4,2,38
346,1,2,2,5,1,1,1,4,4,4,1,1,1,1,2,1,1,1,1,2,1,1,0,30,5,4,6,3,3,2,4,3,1,5,2,2,1,57
350,1,2,3,2,3,2,2,3,3,2,4,2,3,2,2,6,3,1,3,4,1,1,0,10,4,5,4,5,5,3,3,5,3,3,2,3,1,32
352,1,2,2,3,3,3,3,3,2,3,2,5,4,3,2,2,2,2,2,3,2,1,0,10,5,5,5,5,3,3,3,3,3,4,2,2,1,45
353,1,2,3,1,3,3,2,3,1,1,1,2,2,1,2,1,1,1,1,2,4,4,0,10,3,3,5,4,5,5,4,3,3,5,5,5,1,40
375,1,2,2,5,2,2,2,4,3,5,1,5,3,2,2,2,2,2,4,2,2,3,2,0,3,3,4,4,2,5,5,4,5,5,5,5,2,37
378,1,2,3,4,2,2,2,4,1,1,1,1,1,1,2,1,1,1,1,1,1,1,0,1,4,4,4,5,5,4,5,4,5,4,3,3,1,53
393,1,2,2,4,3,2,3,5,4,3,4,4,5,4,2,4,4,2,2,2,2,2,0,30,2,2,4,3,4,3,4,3,4,3,4,4,1,51
398,1,2,2,4,2,2,2,4,1,1,1,1,2,1,2,2,2,2,1,2,2,2,0,30,2,2,4,3,3,4,3,3,3,4,3,3,1,59
408,1,2,2,5,2,2,2,5,5,5,2,5,6,3,2,5,5,2,2,3,2,2,2,0,4,5,4,5,4,4,3,4,3,4,3,3,2,55
411,1,2,2,3,1,2,1,4,3,5,1,2,4,4,2,5,2,2,2,2,1,1,1,0,3,2,3,3,5,3,4,3,5,4,3,4,2,33
413,1,2,2,5,1,1,2,4,1,1,1,1,1,1,2,1,1,1,1,1,1,1,0,5,5,6,1,3,6,5,1,6,4,6,3,3,1,58
416,1,2,2,4,2,2,2,5,2,2,2,1,2,2,2,1,1,2,1,1,1,3,1,0,5,4,5,5,5,5,3,4,3,5,3,3,1,50
420,1,2,2,3,2,2,2,4,1,2,1,4,5,2,2,2,2,1,1,1,1,1,0,10,5,5,5,5,5,5,5,5,5,5,5,5,1,60
444,1,2,2,4,2,2,2,5,4,5,2,3,5,4,2,3,4,3,3,3,3,2,2,0,3,3,3,4,4,3,4,3,4,3,4,4,4,59
455,1,2,2,6,6,2,1,5,3,2,2,3,6,5,2,6,6,4,4,4,4,4,2,0,6,6,5,4,4,2,2,4,1,2,1,1,2,47
460,1,2,2,3,4,2,4,4,1,2,6,1,3,1,2,1,1,1,1,1,1,2,0,5,4,2,4,3,4,4,3,3,3,4,3,3,1,40
462,1,2,2,2,2,3,2,3,5,5,2,3,4,3,2,4,4,1,2,3,1,3,0,20,4,4,5,4,4,3,3,3,3,4,3,3,1,49
475,1,2,2,1,1,1,1,5,3,5,2,2,3,2,2,5,2,4,4,4,2,2,1,0,3,2,4,2,2,4,3,4,5,2,2,2,2,37
507,1,2,2,4,2,2,2,5,2,2,2,2,5,2,2,3,2,1,1,2,1,2,,10,3,2,5,2,2,3,5,3,3,5,3,3,1,58
509,1,2,1,4,1,2,1,3,3,4,3,2,5,5,2,5,4,2,4,4,2,2,2,30,4,4,5,4,4,4,4,4,4,5,4,4,1,51
515,1,2,2,3,3,3,2,3,3,2,2,4,6,3,2,3,3,2,3,2,2,4,0,10,3,3,4,3,4,4,3,3,3,3,3,3,2,44
517,1,2,2,3,2,2,1,4,1,2,1,2,4,2,2,1,1,2,2,2,1,3,0,10,3,2,3,4,4,3,4,3,4,3,4,4,1,53
522,1,2,4,2,4,4,4,3,2,2,3,3,5,2,2,5,2,2,2,4,2,1,0,5,4,4,4,5,5,5,3,5,4,3,3,4,1,50
562,1,2,2,4,2,2,2,4,3,5,5,3,5,5,2,3,5,2,2,4,2,2,0,30,3,3,3,3,3,3,4,3,3,4,4,4,2,49
582,1,2,2,5,2,2,2,4,1,1,1,7,1,1,2,1,1,1,4,1,1,2,0,10,5,5,5,2,3,4,3,3,3,3,3,3,1,44
594,1,2,2,4,2,2,2,5,3,4,2,2,4,2,2,2,2,2,2,2,2,2,0,15,3,4,5,4,4,4,4,3,4,4,3,3,2,44
605,1,2,2,2,2,2,2,3,2,2,3,2,3,3,2,2,2,1,2,2,1,2,0,10,3,3,3,4,4,3,4,3,4,3,4,4,1,40
616,1,2,2,5,2,2,3,4,,,,,,,,,,,,,,,,,,,,,,,,,,,,,,
624,1,2,2,2,2,2,2,5,2,2,1,1,3,2,2,2,2,2,1,1,1,3,0,5,4,5,5,4,5,4,2,4,4,5,4,4,2,57
635,1,2,2,2,2,3,2,4,3,3,4,4,4,3,2,4,4,3,4,5,3,2,1,1,3,3,2,4,5,2,5,3,4,2,4,4,2,24
638,1,2,3,4,2,2,3,4,3,3,2,4,5,3,2,3,4,2,3,4,3,3,0,30,4,3,5,4,3,4,4,4,3,4,4,3,1,44
651,1,2,2,4,2,3,3,4,4,3,3,6,2,3,2,3,4,3,3,3,3,4,0,40,3,3,3,4,4,3,4,3,3,4,4,4,1,46
671,1,2,2,2,2,2,2,5,3,3,5,3,6,2,2,6,4,,,,,,,,,,,,,,,,,,,,,
675,1,2,2,3,3,3,3,3,2,2,2,2,4,3,2,2,2,2,2,2,2,2,0,5,3,3,4,4,4,3,3,3,4,4,3,4,2,45
680,1,2,4,4,2,2,2,4,3,3,1,3,3,1,2,1,1,1,1,1,1,1,0,1,3,3,3,4,4,3,4,3,4,3,4,4,,
699,1,2,2,5,5,2,3,5,2,1,1,5,6,2,2,4,5,1,3,2,1,2,0,30,4,4,5,5,5,5,3,4,2,5,2,2,2,52
63,1,3,3,4,3,3,3,3,3,3,6,4,2,5,3,1,5,,,,,,,,,,,,,,,,,,,,,
70,1,3,3,3,3,3,3,4,3,3,2,6,4,4,4,2,2,,,,,,,,,,,,,,,,,,,,,
89,1,3,3,2,3,4,3,2,4,1,2,3,2,4,4,2,1,,,,,,,,,,,,,,,,,,,,,
92,1,3,3,3,3,3,3,3,3,3,3,3,3,4,4,4,7,,,,,,,,,,,,,,,,,,,,,
123,1,3,3,3,3,3,3,3,1,1,1,4,5,1,2,4,2,1,1,1,1,1,0,5,3,3,4,3,3,4,3,3,3,4,4,4,1,43
127,1,3,3,3,2,1,1,3,2,2,1,4,2,1,2,1,2,3,1,1,1,1,0,15,3,2,4,4,3,2,4,4,4,4,4,4,1,42
133,1,3,4,3,3,3,2,3,2,2,2,5,6,3,2,5,3,4,2,4,2,3,0,45,4,4,4,3,3,2,3,3,2,3,3,2,2,43
138,1,3,3,3,3,3,3,3,3,3,1,3,4,1,2,3,1,1,1,1,1,1,0,1,3,3,3,4,4,3,4,3,4,3,4,4,1,51
140,1,3,2,3,1,2,2,4,1,2,1,3,2,4,2,3,1,4,2,2,2,2,0,10,3,3,2,4,5,3,4,2,4,4,3,6,1,37
160,1,3,2,2,2,2,3,4,3,3,4,3,3,4,2,4,3,3,3,3,3,2,0,10,3,3,4,4,4,3,4,3,3,4,4,4,1,52
180,1,3,3,4,3,3,3,3,3,2,1,2,5,5,2,2,1,1,1,1,1,2,0,3,4,4,4,4,4,3,3,4,3,4,3,3,1,37
191,1,3,3,4,2,3,3,4,4,5,2,3,5,5,2,3,4,3,4,4,2,3,1,0,2,2,5,3,3,5,4,4,3,4,3,3,1,28
213,1,3,4,3,4,4,4,3,1,2,1,4,4,2,2,2,2,1,1,3,1,3,0,3,3,4,4,3,3,4,4,4,4,4,4,4,1,38
222,1,3,4,3,2,3,4,3,3,4,2,2,5,4,2,4,3,2,2,4,2,4,0,30,4,3,4,4,3,4,3,3,3,3,3,3,1,39
259,1,3,3,3,3,4,3,3,1,2,2,3,5,5,2,3,3,4,4,4,4,2,0,30,4,4,4,3,2,3,2,2,3,4,3,3,1,43
260,1,3,4,2,4,3,2,3,2,3,1,2,5,2,2,2,2,2,2,4,1,2,1,0,3,3,5,4,4,3,5,5,3,5,2,2,1,57
266,1,3,3,3,4,4,4,4,3,3,2,6,5,2,2,3,3,2,2,2,2,2,1,0,3,4,4,5,5,2,5,2,5,4,4,3,1,47
281,1,3,2,5,2,2,3,5,2,2,2,3,4,2,2,2,2,2,2,2,2,3,0,15,5,5,3,3,5,3,2,4,2,3,3,3,1,64
282,1,3,3,2,3,2,1,3,3,2,5,3,5,1,2,4,2,3,4,4,3,3,0,30,3,2,3,3,3,3,3,3,2,3,3,3,2,57
298,1,3,2,3,2,2,2,3,2,6,1,2,5,2,2,2,2,1,1,2,1,2,4,0,2,2,4,2,2,3,3,3,3,3,3,3,1,60
300,1,3,3,4,3,3,3,4,2,2,2,4,4,3,2,2,4,2,2,3,2,2,0,30,4,3,4,4,3,3,4,4,3,4,4,4,1,50
304,1,3,3,3,3,3,3,3,3,3,3,4,4,3,2,3,3,2,2,3,2,3,1,10,4,4,5,4,4,3,4,5,4,5,4,5,1,38
314,1,3,3,3,3,3,3,3,4,4,1,5,6,3,2,5,3,2,1,3,2,3,0,30,5,4,5,4,4,4,4,4,3,5,4,4,2,59
320,1,3,3,3,3,3,3,3,1,1,1,1,5,5,2,5,3,4,2,2,2,1,1,30,4,4,4,4,4,4,3,3,4,3,3,3,2,19
336,1,3,4,5,4,5,4,3,2,2,2,1,4,2,2,2,1,1,1,1,1,2,0,10,5,3,5,3,2,3,3,2,3,5,3,3,2,42
342,1,3,3,4,3,3,3,4,5,5,1,3,6,3,2,5,3,3,3,4,2,4,0,20,4,4,4,4,4,3,3,4,3,3,3,3,2,64
363,1,3,3,4,3,3,3,4,3,3,3,4,3,5,2,4,3,4,2,3,2,3,0,15,3,4,2,3,4,5,4,3,2,4,4,3,1,44
380,1,3,3,3,2,3,3,4,4,3,3,5,5,4,2,5,3,4,4,3,4,2,4,0,3,3,3,3,4,3,4,4,3,3,3,3,2,38
401,1,3,3,4,3,3,3,4,4,3,1,2,4,2,2,3,2,2,1,2,1,2,0,5,4,2,4,4,3,4,4,4,3,4,3,4,1,58
417,1,3,3,3,3,3,3,3,1,1,1,1,2,1,2,2,1,1,1,1,1,3,0,10,3,3,4,4,4,4,4,3,3,4,3,3,1,41
429,1,3,3,4,2,2,2,5,4,6,2,3,5,4,2,3,4,3,3,3,3,1,3,0,3,3,3,4,4,3,4,3,4,3,4,4,1,61
430,1,3,3,3,3,3,3,4,2,2,1,2,5,4,2,4,2,1,2,2,1,1,0,20,3,4,3,3,3,3,3,3,3,3,3,3,2,41
448,1,3,3,4,3,3,3,3,1,2,1,2,5,2,2,1,2,1,2,3,2,3,0,25,4,4,5,5,3,3,4,4,3,4,4,4,1,58
451,1,3,4,3,3,3,2,4,2,2,2,4,4,3,2,2,2,2,2,3,3,3,0,30,4,4,5,4,4,4,5,3,3,4,3,3,1,39
458,1,3,3,5,3,3,2,3,3,3,1,5,5,3,2,4,3,4,2,4,3,2,0,10,4,3,6,4,4,4,4,3,4,5,4,4,2,37
459,1,3,1,5,1,1,1,5,1,1,1,4,4,2,2,1,1,1,1,2,1,1,0,10,5,5,4,4,3,3,4,5,3,5,3,3,1,51
461,1,3,4,4,2,2,2,3,1,1,1,4,4,1,2,2,2,1,1,1,1,1,0,5,4,3,5,4,4,4,4,3,3,5,3,3,1,48
477,1,3,4,2,4,4,2,3,3,6,2,3,5,3,2,4,2,3,2,4,1,3,2,15,4,3,3,3,2,4,3,5,2,4,3,3,1,21
486,1,3,3,3,3,3,3,5,4,4,1,4,4,4,2,4,4,1,3,3,1,3,1,0,3,3,3,4,4,3,4,3,4,3,4,4,2,56
491,1,3,2,3,3,3,3,3,2,2,1,3,6,2,2,3,3,2,2,2,2,2,0,5,3,3,5,2,2,4,2,3,3,5,3,3,1,41
492,1,3,4,4,4,4,3,2,2,2,1,5,5,2,2,2,2,3,3,3,3,2,20,0,3,4,5,3,4,4,4,4,4,4,4,4,2,36
503,1,3,3,1,2,2,2,3,1,2,1,4,3,1,2,1,1,1,1,2,1,1,1,30,4,4,5,5,5,1,3,5,2,5,5,5,1,50
510,1,3,3,3,3,3,3,3,3,3,2,3,5,3,2,3,3,2,2,2,2,2,0,3,4,3,4,3,3,4,5,4,4,4,4,4,1,54
513,1,3,3,3,3,3,3,3,5,5,3,5,5,3,2,5,5,2,2,2,2,2,1,0,4,3,3,4,3,4,4,4,4,4,4,4,1,65
516,1,3,3,4,3,2,2,3,2,3,2,4,2,2,2,3,4,2,2,3,2,3,1,30,3,3,4,3,3,3,4,3,3,3,3,3,2,44
521,1,3,3,3,3,2,2,3,2,5,1,3,4,3,2,4,1,1,1,1,1,2,0,5,3,4,4,5,4,2,4,4,3,4,3,3,1,54
524,1,3,3,4,3,3,3,4,3,4,1,5,4,2,2,3,2,1,1,1,1,2,0,5,5,5,4,5,5,4,4,4,4,5,5,5,2,50
536,1,3,3,4,2,2,3,3,3,2,2,6,3,3,2,4,5,4,2,4,3,2,1,0,4,3,5,5,4,2,3,4,2,4,3,3,2,46
538,1,3,3,5,1,1,1,3,3,4,1,2,5,1,2,2,2,3,2,2,2,2,0,10,5,5,4,4,4,3,3,4,2,2,3,3,1,55
539,1,3,4,3,3,4,2,3,2,2,2,4,2,3,2,3,2,3,1,2,2,2,0,10,4,3,4,4,4,3,3,4,3,4,3,3,2,35
545,1,3,3,3,3,3,3,4,1,1,1,1,1,2,2,1,1,3,1,2,2,3,0,5,3,3,3,4,4,3,4,3,4,3,4,4,1,68
560,1,3,3,3,3,4,3,2,4,4,3,4,3,3,2,3,4,3,3,3,3,2,0,15,3,2,2,4,3,1,3,2,3,4,4,4,1,45
574,1,3,3,5,3,3,3,4,2,5,2,4,5,5,2,5,3,3,3,3,2,3,2,0,5,4,5,2,5,5,4,4,4,4,4,4,2,36
587,1,3,3,3,3,3,3,3,1,1,1,2,2,2,2,2,2,2,2,2,2,2,0,2,2,2,3,3,3,3,3,3,3,4,3,3,1,42
588,1,3,3,4,4,4,4,3,1,5,1,1,2,6,2,1,1,3,3,3,3,2,0,30,3,3,4,3,3,4,3,4,3,4,3,3,1,43
596,1,3,3,3,3,3,3,3,1,1,1,1,1,1,2,1,1,1,1,1,1,3,0,5,4,4,5,4,4,4,4,4,3,4,4,4,1,45
599,1,3,3,5,4,6,2,4,3,2,1,3,2,2,2,3,2,2,2,2,1,1,0,10,3,2,2,5,4,3,4,2,4,3,5,4,1,47
601,1,3,3,3,2,3,2,3,3,3,1,4,5,3,2,2,2,2,1,1,1,1,0,5,4,4,4,4,4,4,5,4,4,4,4,4,1,51
625,1,3,3,3,4,3,3,3,4,4,4,4,4,4,2,3,4,4,4,3,2,2,0,30,2,2,4,4,5,3,3,3,3,4,3,4,1,42
629,1,3,2,4,2,1,2,4,3,5,2,5,6,5,2,5,6,4,2,3,4,2,0,40,5,4,5,5,3,3,2,4,3,5,4,2,1,31
634,1,3,3,5,2,2,2,5,4,5,1,2,4,3,2,6,4,2,3,3,2,1,0,30,4,5,4,5,4,3,3,4,2,4,3,3,2,53
644,1,3,3,4,3,2,4,3,3,2,2,5,4,5,2,2,2,2,1,2,2,2,0,5,2,2,3,4,4,3,3,3,3,3,3,3,2,30
652,1,3,3,4,3,3,3,4,3,5,2,5,5,3,2,5,5,2,2,2,2,1,1,0,3,3,3,3,3,3,3,3,3,3,3,3,1,52
654,1,3,3,3,3,3,3,3,4,4,5,3,5,4,2,4,3,3,3,3,3,4,0,5,4,4,4,4,4,4,3,4,3,3,3,3,1,50
655,1,3,4,3,3,4,2,4,4,3,2,4,2,5,2,2,2,2,2,3,2,3,1,30,2,3,2,3,4,3,5,2,4,3,4,5,1,35
656,1,3,3,4,2,3,3,4,4,3,2,4,5,3,2,3,2,2,2,2,2,2,0,40,4,4,4,3,3,4,2,4,2,4,2,2,2,58
657,1,3,2,4,1,1,1,4,1,1,1,2,1,1,2,1,1,1,1,1,1,1,0,5,3,3,4,3,2,3,3,3,3,3,3,3,1,55
659,1,3,3,4,2,2,2,4,2,2,1,2,2,1,2,1,1,1,1,1,1,1,0,20,5,4,5,4,4,4,3,4,3,4,4,4,2,64
660,1,3,3,3,3,3,4,3,4,5,3,6,6,3,2,3,2,3,4,3,3,2,0,5,4,4,4,3,3,4,3,4,3,4,4,4,1,21
666,1,3,3,3,2,3,3,4,4,2,4,2,3,4,2,3,3,3,3,4,4,3,1,0,3,3,3,4,3,3,3,2,5,4,2,3,1,43
672,1,3,4,1,4,4,3,3,2,1,1,1,2,1,2,1,1,1,1,1,1,2,0,3,3,3,5,3,4,4,4,3,4,4,3,3,1,56
691,1,3,3,4,3,3,3,4,2,1,2,2,4,2,2,2,2,1,2,4,2,2,0,30,2,2,3,4,4,2,5,2,4,2,5,4,1,51
700,1,3,3,4,3,3,3,3,1,1,1,1,1,1,2,1,1,1,1,1,1,1,0,5,3,3,3,3,2,1,3,3,1,3,1,1,2,38
708,1,3,3,4,2,2,2,4,5,3,1,4,5,2,2,5,4,1,1,3,1,3,0,30,3,3,5,4,4,4,4,3,3,3,3,3,1,50
711,1,3,3,4,1,1,1,5,3,3,2,1,3,2,2,1,1,4,1,2,3,2,0,45,5,4,3,3,2,2,3,2,2,3,2,2,1,57
712,1,3,4,3,3,3,4,3,2,2,2,2,4,1,2,3,2,1,3,2,1,2,0,5,2,4,4,5,3,4,3,4,2,4,2,2,1,55
717,1,3,3,4,3,3,3,4,2,2,1,6,5,3,2,2,2,2,2,2,2,3,0,45,4,4,4,4,4,5,4,4,5,6,4,4,2,62
125,1,4,4,2,4,4,4,3,3,5,2,3,3,4,2,3,3,4,2,2,4,4,1,0,3,3,3,3,3,4,4,3,3,3,4,4,1,42
149,1,4,4,2,2,3,3,3,1,2,2,1,2,3,2,2,1,4,2,4,4,2,0,10,4,3,5,3,4,3,4,2,3,3,3,3,1,37
161,1,4,4,4,3,4,4,3,2,5,1,2,2,4,2,2,1,1,1,1,1,2,,5,2,2,3,4,3,5,4,2,4,5,3,3,1,47
163,1,4,4,2,4,2,2,3,2,2,1,2,2,1,2,1,1,2,1,1,1,2,0,10,3,3,4,3,3,3,4,3,4,4,4,4,1,38
175,1,4,5,2,4,5,3,3,3,2,2,2,4,3,2,2,2,2,2,3,2,1,0,20,5,3,5,4,5,5,5,4,5,5,4,4,1,43
177,1,4,4,2,4,4,5,2,3,4,3,5,5,2,2,5,3,2,1,3,1,3,0,10,3,3,5,4,4,4,4,4,4,5,4,4,1,39
179,1,4,5,2,4,5,4,2,2,2,1,2,2,2,2,2,2,2,2,2,2,2,0,15,4,3,4,3,3,4,3,3,3,4,3,4,1,40
200,1,4,4,3,3,4,4,3,3,2,2,2,6,2,2,5,4,2,2,3,2,3,0,15,3,3,5,3,3,3,3,3,4,4,4,4,1,38
206,1,4,4,4,2,5,5,5,5,3,2,4,3,5,7,3,1,,,,,,,,,,,,,,,,,,,,,
220,1,4,4,3,3,4,4,3,3,2,2,3,4,3,2,2,3,2,3,3,2,2,2,0,3,3,4,3,3,2,2,3,2,2,2,3,1,29
227,1,4,4,3,4,4,3,3,2,2,1,2,2,5,2,3,2,2,2,2,2,2,0,2,4,4,3,4,4,3,4,3,4,3,4,4,1,55
234,1,4,4,4,3,3,3,3,1,2,1,5,5,2,2,3,2,2,1,2,2,1,0,10,4,3,5,3,3,3,2,3,2,4,2,2,2,47
238,1,4,4,3,3,3,4,3,5,5,2,4,5,3,2,6,5,2,2,3,2,2,0,15,4,3,3,4,3,3,3,4,2,4,2,2,1,61
252,1,4,4,3,4,4,4,3,2,2,4,4,3,2,2,2,1,1,1,1,1,1,0,10,3,3,4,3,3,3,3,3,3,4,3,3,2,49
256,1,4,2,5,1,1,1,4,1,1,1,1,4,6,2,1,1,3,1,1,1,3,0,5,3,5,5,2,5,5,5,5,4,4,3,3,2,42
270,1,4,2,2,3,4,2,3,4,4,5,3,4,4,4,4,4,,,,,,,,,,,,,,,,,,,,,
276,1,4,4,3,4,4,4,3,4,4,4,4,4,4,2,4,3,3,3,3,3,3,0,10,4,3,3,4,4,3,4,4,3,3,2,5,1,49
285,1,4,4,3,4,4,3,3,5,5,5,3,5,3,2,3,3,2,4,2,2,2,0,45,4,4,5,4,4,4,3,4,3,4,4,4,1,41
295,1,4,5,3,4,4,3,3,2,2,1,5,5,2,2,5,2,4,1,4,4,3,0,30,3,3,3,3,3,3,3,3,3,3,3,3,1,50
302,1,4,4,3,4,4,4,3,5,5,3,5,6,5,2,4,3,2,2,4,2,2,1,0,3,3,4,3,3,4,4,3,3,4,3,3,2,37
382,1,4,4,3,3,3,3,3,2,2,2,5,4,3,2,4,3,4,2,2,3,2,,30,4,4,4,5,4,5,3,4,3,5,3,3,2,43
392,1,4,3,3,1,1,1,5,3,3,1,1,4,1,2,3,1,2,1,2,2,1,0,15,3,3,3,3,3,4,3,3,3,3,3,3,1,50
395,1,4,4,3,4,3,3,3,1,1,1,1,1,1,2,1,1,1,1,1,1,3,0,10,4,4,3,4,4,4,4,4,3,3,3,3,1,46
397,1,4,4,3,4,4,3,3,2,3,2,5,4,3,2,3,2,2,2,2,2,2,0,30,3,3,5,3,2,4,4,3,3,3,3,3,1,60
403,1,4,4,3,4,4,5,3,5,6,4,5,7,4,2,7,5,3,4,4,3,5,2,0,4,4,4,4,4,4,4,4,3,4,3,3,2,33
415,1,4,4,4,4,4,4,3,3,3,3,3,5,3,2,3,3,2,2,3,2,4,1,0,4,4,5,4,4,5,4,4,4,5,4,4,1,42
435,1,4,3,4,3,2,2,3,2,2,1,1,4,5,2,4,2,1,1,1,2,2,1,30,4,5,5,4,5,4,2,5,3,4,3,3,4,56
446,1,4,4,3,4,4,4,3,2,2,2,4,4,4,2,4,3,2,2,2,2,2,0,30,4,4,5,4,4,4,4,4,3,5,3,3,1,51
463,1,4,3,4,3,3,3,4,2,2,1,2,2,2,2,2,1,2,1,1,1,2,0,1,2,2,2,5,4,2,5,2,4,2,5,5,1,51
479,1,4,3,3,4,4,4,3,4,3,4,4,4,3,2,4,5,3,3,3,4,3,1,30,1,3,4,3,3,4,5,4,4,4,4,4,2,34
485,1,4,3,4,3,3,4,3,4,5,4,5,6,4,2,6,6,4,4,4,4,3,3,0,2,2,4,2,2,3,3,2,2,2,2,2,2,40
488,1,4,4,3,3,3,3,3,3,4,4,3,3,3,2,3,4,2,3,3,2,2,0,20,3,3,4,3,4,4,4,3,3,4,4,4,2,43
494,1,4,3,4,2,3,3,4,1,2,4,1,3,5,2,2,1,1,1,1,1,2,0,20,2,1,2,5,4,2,4,2,5,3,5,4,1,71
496,1,4,4,4,4,4,4,3,1,1,1,1,6,1,2,5,4,1,1,1,1,2,0,5,4,3,5,4,3,2,4,4,2,5,3,3,1,35
500,1,4,3,4,1,1,1,6,2,2,6,7,7,4,2,6,2,1,2,2,1,2,0,30,4,4,5,4,4,5,4,4,4,4,3,3,1,63
502,1,4,4,3,4,4,3,3,3,2,1,5,5,2,2,3,3,2,1,1,2,2,0,5,3,3,4,3,3,3,3,3,3,4,3,3,1,41
511,1,4,5,2,4,4,3,3,2,2,1,5,6,2,2,2,1,4,2,2,2,1,0,30,5,3,5,5,3,5,3,5,3,6,3,2,1,62
532,1,4,5,3,4,5,3,3,3,3,1,5,5,2,2,4,4,3,3,4,3,3,0,45,3,3,3,2,2,3,3,3,3,3,3,3,2,49
535,1,4,3,4,3,3,3,4,4,4,5,3,5,4,2,3,4,2,2,2,2,2,0,30,3,3,4,4,4,4,3,3,3,4,3,3,1,69
559,1,4,3,5,4,4,3,2,5,3,4,4,5,5,2,4,6,3,2,3,2,3,0,10,5,4,3,4,5,4,3,3,4,4,4,3,1,39
572,1,4,4,4,4,3,4,4,5,5,5,6,2,2,2,3,2,2,2,2,2,2,1,30,4,4,4,4,4,3,4,3,3,3,4,4,1,28
583,1,4,4,3,4,4,4,3,3,3,1,2,3,2,2,2,2,1,1,1,1,1,1,0,2,2,2,5,5,2,5,2,5,2,5,5,1,59
584,1,4,4,3,2,3,4,3,1,2,1,2,4,2,2,1,1,2,2,4,1,4,0,15,3,3,4,3,3,3,3,3,2,4,3,3,1,40
622,1,4,3,2,2,4,2,3,1,2,1,1,1,1,2,1,1,1,1,1,1,1,0,5,3,3,5,4,4,3,4,4,4,4,3,3,2,38
647,1,4,3,3,4,3,4,3,1,1,1,7,3,5,2,1,6,1,1,2,1,1,0,15,4,3,5,4,2,6,4,5,3,5,3,3,1,50
650,1,4,4,4,3,3,3,3,2,2,2,4,4,3,2,2,2,2,2,2,2,2,0,5,4,4,3,4,3,3,3,4,4,4,3,4,1,52
653,1,4,3,3,4,4,4,3,4,2,3,3,4,3,2,3,2,3,3,3,3,2,0,33,2,3,3,3,4,3,2,3,5,3,3,5,1,42
197,1,5,5,3,5,5,4,2,5,5,5,5,5,6,2,5,6,4,4,4,3,3,3,0,4,4,4,3,4,4,3,4,3,4,3,3,1,41
199,1,5,5,2,5,5,5,2,5,5,2,3,3,3,2,3,3,2,2,4,2,2,1,0,2,3,5,5,4,3,3,4,3,4,3,3,1,46
319,1,5,5,2,5,5,5,2,1,1,1,1,1,1,2,1,1,1,1,1,1,1,0,5,5,4,5,4,4,5,4,5,4,5,4,4,1,55
362,1,5,4,3,4,4,3,3,3,3,3,3,3,2,2,3,2,4,2,3,4,4,1,30,3,4,4,4,4,2,4,4,4,4,3,3,1,51
372,1,5,5,2,4,4,2,2,3,1,2,5,5,2,2,5,2,1,2,3,1,3,0,30,3,4,4,3,3,5,4,3,3,4,3,4,1,21
402,1,5,4,3,3,3,3,3,2,2,1,2,5,1,2,2,1,1,1,1,1,1,0,10,4,4,5,4,4,4,4,4,3,5,3,3,1,69
405,1,5,4,2,5,5,2,2,5,6,3,5,4,4,2,4,5,2,2,2,1,3,2,0,3,4,3,3,5,5,2,5,2,5,2,3,1,37
436,1,5,5,2,4,4,4,2,2,2,5,3,6,1,2,6,2,2,1,2,1,2,0,30,2,4,3,1,3,4,4,1,3,3,3,3,2,53
467,1,5,5,3,4,4,4,3,5,5,3,5,5,2,2,5,3,1,2,4,2,1,0,20,4,4,4,4,4,3,3,4,2,3,3,3,1,61
468,1,5,4,3,3,3,2,3,1,1,2,1,1,2,2,1,1,1,1,1,1,3,0,3,4,4,4,3,4,4,4,4,3,4,4,3,1,48
530,1,5,6,3,5,5,5,1,2,2,1,5,6,1,2,1,2,3,2,3,2,2,0,5,5,3,4,4,3,3,3,3,2,5,2,3,2,29
573,1,5,5,2,5,5,5,2,1,1,1,1,1,1,2,1,1,1,1,1,1,1,0,5,3,5,5,5,4,3,4,5,3,4,3,3,1,53
665,1,5,5,3,4,5,4,2,1,2,2,3,3,2,2,1,1,2,1,1,1,3,,20,5,4,5,5,4,5,5,5,4,5,4,4,1,27
682,1,5,4,1,4,4,4,3,1,1,1,1,1,1,2,1,1,1,1,1,1,2,0,5,3,3,3,3,4,3,3,2,3,3,3,3,4,45
688,1,5,5,2,5,5,3,2,2,2,1,5,5,2,2,5,1,1,1,4,1,3,0,30,3,3,4,3,4,4,4,4,4,4,3,3,1,21
311,1,6,6,6,6,6,6,1,1,1,1,1,1,1,2,1,1,1,1,1,1,1,1,15,5,2,1,6,6,1,6,1,6,1,6,6,1,18
361,1,6,6,1,6,6,6,1,4,4,1,1,6,4,2,4,6,3,3,4,3,1,1,0,6,4,5,4,4,6,3,6,3,6,3,3,1,36
508,1,6,5,3,6,5,6,1,2,2,2,4,5,2,2,3,2,2,1,1,1,3,0,20,3,3,4,4,4,4,3,3,3,4,3,2,2,53
602,1,6,5,1,4,4,3,3,2,2,1,4,5,1,2,5,1,1,1,1,1,3,0,20,3,1,6,1,1,1,2,2,1,4,2,2,2,71
645,1,6,6,4,6,6,6,1,3,3,1,1,4,1,2,1,1,1,1,1,1,1,1,0,1,4,2,4,3,5,2,4,5,2,2,2,2,48
104,0,2,2,2,2,2,2,2,3,3,3,4,3,3,2,3,3,3,3,3,3,2,1,0,3,3,3,4,4,3,4,3,4,3,4,4,1,50
106,0,2,1,5,1,1,2,4,2,5,2,1,5,2,2,1,2,2,1,4,2,4,1,40,4,4,2,2,4,3,2,3,2,2,2,3,1,34
117,0,2,1,3,1,1,1,3,1,2,1,4,4,1,2,1,1,1,1,1,1,2,0,5,3,1,2,3,3,4,3,2,3,4,4,3,1,33
118,0,1,1,6,1,1,1,6,7,7,1,1,7,1,2,1,4,5,5,5,5,5,1,0,6,6,6,6,6,6,6,6,1,6,1,6,1,48
120,0,3,3,3,3,3,3,3,1,1,1,1,1,1,2,1,1,1,1,1,1,1,0,3,2,2,3,1,3,4,1,4,3,3,3,2,1,38
129,0,2,2,5,3,2,2,5,2,1,3,5,3,3,2,2,2,2,1,1,1,2,0,10,4,4,4,4,4,4,4,3,3,4,4,4,1,48
132,0,3,3,4,2,3,2,3,4,3,3,5,5,2,2,5,2,4,4,4,3,5,0,40,4,3,5,4,3,4,3,3,3,4,3,3,2,26
135,0,4,2,2,4,2,3,4,3,4,4,7,4,6,2,2,2,3,3,4,2,2,5,5,2,2,3,3,5,5,2,6,4,4,6,4,1,53
139,0,1,1,5,2,2,2,4,1,6,6,6,7,1,2,1,1,1,1,4,1,2,0,5,5,5,6,4,2,4,1,6,1,6,1,1,2,29
144,0,2,4,5,3,3,2,4,5,5,4,1,5,2,2,4,2,1,1,1,1,1,1,30,1,1,4,2,3,4,2,6,3,4,3,4,1,37
147,0,3,4,3,3,4,3,3,2,3,1,5,5,2,2,2,2,2,2,2,2,2,0,15,2,3,3,3,3,4,4,3,3,3,3,3,2,24
150,0,2,3,4,3,4,3,3,4,4,4,3,3,3,2,4,4,3,1,4,3,3,1,30,3,3,3,4,4,3,4,3,3,3,4,4,1,45
153,0,1,5,2,1,3,6,2,1,3,2,1,3,5,3,2,1,,,,,,,,,,,,,,,,,,,,,
155,0,1,1,6,1,1,1,6,1,1,1,1,3,1,2,1,1,1,1,1,1,1,0,15,3,3,4,4,4,4,4,3,4,4,4,4,1,53
164,0,1,3,5,4,4,4,4,4,4,4,4,4,4,2,5,5,4,3,4,4,3,0,10,4,4,5,4,4,3,3,4,4,4,3,4,2,30
169,0,3,3,3,3,3,2,3,2,3,3,2,3,2,2,2,2,2,2,2,2,2,0,30,3,3,5,3,4,3,3,3,5,3,4,4,1,56
170,0,4,5,4,4,4,4,4,4,4,4,4,4,4,2,4,4,3,3,2,3,2,1,0,4,4,3,3,3,4,3,4,3,5,2,4,1,40
171,0,3,3,5,2,3,2,5,5,5,6,3,6,5,2,4,5,1,4,4,2,2,1,10,3,3,3,4,3,3,2,3,2,3,3,2,1,49
173,0,3,3,4,3,3,3,3,1,1,1,3,3,5,2,2,3,2,2,2,2,1,0,10,3,2,2,3,3,3,3,3,3,3,3,3,2,25
181,0,3,3,3,3,3,3,3,3,3,2,5,5,3,2,3,3,2,1,2,1,2,0,20,4,4,4,4,4,4,4,4,4,4,4,4,2,62
184,0,1,1,5,1,1,1,6,5,5,3,5,6,4,2,6,6,2,4,4,2,1,1,0,2,2,2,2,2,4,2,4,4,4,4,4,1,46
185,0,3,3,4,3,3,3,3,1,1,1,4,4,1,2,1,1,2,3,2,2,3,0,10,3,3,3,4,4,3,5,3,5,5,4,4,2,42
187,0,1,1,4,1,1,1,4,1,1,1,1,4,2,2,2,2,1,1,1,1,1,0,30,1,1,3,3,4,4,3,5,4,3,3,3,2,53
189,0,1,1,5,1,1,1,5,2,1,1,4,4,2,2,2,4,3,3,2,2,3,0,40,4,2,2,3,3,2,3,3,4,4,2,2,2,34
190,0,2,5,5,2,5,1,2,1,1,1,1,1,4,2,1,1,1,1,1,1,1,0,15,1,1,1,1,1,5,6,1,6,1,6,6,1,42
192,0,3,3,3,3,4,3,4,2,5,2,2,4,1,2,1,1,1,1,1,1,1,0,10,2,2,2,3,3,4,4,3,4,3,4,4,1,51
193,0,2,2,5,3,5,2,5,4,4,2,4,4,4,3,4,3,,,,,,,,,,,,,,,,,,,,,
196,0,5,5,5,5,5,5,2,2,2,2,2,4,2,2,2,2,2,2,2,2,4,0,15,2,2,5,2,5,5,5,5,2,5,2,2,1,36
198,0,1,1,5,1,1,1,5,2,1,1,1,2,1,2,1,1,2,1,2,2,3,0,10,4,4,5,2,3,4,3,5,4,4,4,3,1,39
205,0,4,4,3,4,4,4,3,2,1,2,2,4,2,2,2,1,1,1,1,1,1,0,10,4,3,4,3,3,4,3,3,3,4,3,3,1,33
208,0,2,2,2,1,1,2,5,2,4,3,2,5,3,2,2,2,3,3,3,2,3,0,20,3,3,4,3,3,4,4,3,3,4,3,3,2,47
210,0,3,2,4,2,2,2,5,1,1,1,1,1,1,2,1,1,1,1,1,1,2,0,10,2,2,5,4,4,5,4,4,4,4,4,4,2,55
212,0,4,3,4,6,5,4,3,4,6,6,4,6,3,2,4,3,4,4,3,2,4,2,0,4,3,5,3,5,6,3,5,4,6,4,4,2,24
214,0,1,1,5,1,1,1,6,2,5,2,6,6,2,2,1,2,1,1,2,1,2,0,20,5,3,3,5,4,2,5,3,4,5,4,5,1,51
215,0,1,1,4,1,1,1,5,2,1,1,1,6,1,2,5,1,4,1,2,1,2,0,15,3,3,3,3,3,3,4,3,3,5,4,4,2,47
216,0,1,1,5,2,1,2,6,4,2,5,2,5,3,2,5,2,2,2,4,1,3,1,0,6,5,6,4,4,5,5,3,3,5,3,3,1,48
217,0,1,1,4,1,1,1,5,2,1,1,1,1,3,2,1,3,2,2,2,2,3,0,5,3,2,2,5,5,3,5,2,4,5,5,5,1,48
218,0,2,2,5,2,2,2,3,3,4,1,4,5,3,2,1,1,1,1,1,1,1,1,0,4,3,4,4,4,3,4,4,3,4,4,4,1,51
221,0,2,2,5,1,1,1,5,1,1,1,2,3,1,2,1,1,1,1,1,1,2,0,5,5,4,5,5,4,5,5,3,4,5,5,5,2,53
224,0,1,1,5,1,1,2,5,2,4,1,2,4,4,2,1,3,1,1,4,1,3,0,15,4,4,4,6,3,3,4,3,3,4,3,3,1,45
225,0,1,1,4,1,1,1,3,5,5,1,3,7,5,2,6,6,4,1,5,4,4,1,0,5,4,5,5,2,5,4,4,4,5,4,4,1,40
228,0,4,4,3,4,4,4,3,1,1,1,1,3,1,2,1,1,1,1,1,1,2,0,2,4,4,5,4,4,5,4,4,3,5,4,3,1,45
232,0,3,3,4,3,3,3,3,2,2,2,2,3,2,2,2,2,3,2,3,2,3,0,10,3,3,4,4,4,4,4,4,4,4,4,4,2,41
235,0,5,5,1,5,6,2,2,1,3,1,1,4,1,2,1,1,1,1,1,1,4,0,15,4,3,6,6,2,4,6,4,6,6,6,6,2,30
237,0,2,1,5,1,2,1,5,3,5,1,3,6,3,2,3,3,4,2,4,2,2,0,30,4,4,5,4,3,4,5,3,5,5,4,4,2,44
243,0,1,1,5,1,1,1,6,2,3,1,3,5,5,2,2,2,1,1,1,1,3,3,30,5,4,4,4,3,3,4,4,3,4,3,3,2,21
247,0,2,2,4,2,2,2,3,2,2,2,3,5,2,2,5,2,2,1,2,2,2,0,5,3,4,4,4,4,4,3,4,3,4,3,3,2,47
250,0,2,3,3,2,3,3,3,2,2,1,1,2,1,2,2,1,1,1,1,1,1,0,10,3,4,4,4,4,3,4,4,3,5,3,3,1,58
251,0,3,3,3,3,3,3,3,3,3,3,5,3,3,2,3,3,2,2,2,2,2,0,30,3,3,4,4,4,4,4,3,4,3,3,4,1,37
255,0,3,3,4,2,2,2,4,2,5,2,5,5,3,2,3,2,2,2,2,2,2,0,10,3,4,4,5,5,3,4,4,4,4,3,4,2,44
262,0,2,2,3,2,2,2,3,1,1,1,4,5,1,2,4,1,1,1,1,1,1,0,10,3,3,4,3,3,4,3,3,4,4,4,4,2,61
263,0,3,3,4,2,2,2,4,1,1,2,1,4,1,2,1,1,1,1,1,1,3,0,20,3,3,3,3,4,3,2,3,2,2,2,3,1,46
264,0,1,1,5,2,2,2,5,3,2,1,2,3,1,2,1,1,1,1,1,1,2,0,5,3,1,4,4,3,4,4,3,4,4,4,4,1,60
268,0,2,1,4,3,3,3,5,3,3,2,2,5,1,2,2,2,2,2,1,1,1,0,20,2,1,4,3,3,2,2,4,2,4,3,3,1,24
271,0,4,4,1,2,3,6,3,3,4,1,1,5,7,2,5,1,5,1,1,4,1,6,50,1,1,3,1,4,1,3,1,6,1,6,6,1,42
274,0,2,2,5,2,2,2,5,2,2,2,2,2,2,2,2,2,2,2,2,2,2,0,5,2,2,5,2,2,5,5,2,5,5,5,5,1,51
284,0,1,2,6,1,1,1,6,5,4,5,3,5,4,2,6,4,4,2,5,2,1,0,15,4,5,2,1,5,6,2,3,3,5,3,2,1,53
291,0,2,2,5,2,1,2,5,2,2,2,5,5,2,2,3,2,2,1,3,2,1,0,20,2,2,5,4,5,5,4,3,3,4,2,2,1,47
293,0,2,2,6,1,3,2,5,1,1,1,1,1,1,2,1,1,1,1,1,1,3,0,2,3,4,2,4,4,5,2,3,1,4,1,1,2,42
301,0,3,3,4,3,3,4,4,5,4,5,3,5,4,2,5,4,4,2,4,4,3,1,0,3,3,3,3,3,3,3,3,3,3,3,3,1,42
305,0,1,1,5,1,1,1,5,3,5,1,6,6,2,2,6,4,4,2,3,3,4,1,10,4,4,4,4,4,4,3,4,2,4,3,3,2,60
306,0,1,1,6,1,6,1,6,1,4,1,4,7,1,1,2,1,,,,,,,,,,,,,,,,,,,,,
316,0,2,2,4,2,2,2,5,1,1,1,1,5,1,2,1,1,2,1,1,1,1,0,15,4,3,4,5,5,5,4,4,5,4,5,5,2,49
317,0,3,2,5,1,1,1,6,3,3,3,4,4,3,2,4,4,2,2,2,2,1,1,15,3,3,3,4,3,4,4,4,3,4,4,4,1,55
322,0,2,2,4,2,1,2,4,5,6,2,3,5,3,2,3,5,2,2,4,2,1,2,30,3,3,4,4,4,4,5,3,4,4,4,4,1,37
324,0,5,5,3,4,5,5,2,3,2,5,6,5,2,2,2,1,4,1,4,2,4,6,0,5,5,6,5,5,3,2,3,2,4,3,3,2,21
325,0,3,2,5,2,2,2,4,4,5,3,4,5,4,2,5,4,4,4,4,4,4,1,30,3,4,3,4,4,2,5,2,5,2,5,3,1,58
327,0,1,1,6,1,1,1,5,1,1,1,3,1,1,2,1,1,1,1,1,1,4,0,30,6,4,6,5,5,4,4,4,3,5,3,3,1,37
328,0,1,1,4,1,1,1,4,1,1,1,1,5,1,2,1,1,1,1,1,1,2,0,10,4,4,5,4,3,4,4,4,3,5,3,3,1,57
330,0,1,1,5,2,1,2,5,1,2,1,1,4,1,2,1,1,1,1,1,1,2,0,20,3,3,5,4,3,5,3,4,2,5,3,2,1,42
332,0,3,2,4,2,2,3,4,5,5,5,5,5,4,2,2,3,4,3,1,4,1,1,1,4,4,4,4,4,4,2,4,3,3,3,3,2,32
341,0,4,4,3,4,4,4,3,1,1,1,1,2,1,2,1,1,1,1,1,1,1,0,30,4,4,3,5,5,2,5,5,4,5,5,5,1,40
344,0,2,2,4,2,2,2,5,3,3,1,5,6,3,2,3,3,2,3,2,3,2,0,20,3,3,4,4,4,4,4,4,3,4,3,4,2,51
348,0,2,2,5,2,2,2,4,1,1,1,1,2,1,2,1,1,1,1,1,1,1,0,5,5,5,5,5,5,4,5,5,4,5,5,5,1,58
351,0,2,2,5,1,2,2,5,2,3,2,1,4,2,2,1,1,2,1,1,1,3,0,15,3,3,4,4,4,3,4,3,3,4,3,3,1,58
354,0,1,1,3,1,1,1,6,1,1,1,1,5,1,2,1,1,1,1,1,1,1,0,15,6,6,6,6,6,5,4,5,3,5,3,3,1,56
355,0,1,1,3,1,1,1,5,1,1,1,1,4,1,2,1,1,4,1,3,2,3,0,30,1,1,6,1,1,5,6,3,4,6,5,5,2,36
358,0,3,4,4,3,3,2,4,4,4,2,3,5,3,2,2,1,1,1,2,1,2,0,30,4,4,4,4,4,4,3,4,4,4,3,3,2,49
359,0,2,2,3,2,2,2,5,2,2,2,2,2,2,2,2,2,2,2,2,2,2,0,10,2,2,5,3,2,4,4,2,4,4,2,3,1,66
365,0,2,1,5,1,1,2,6,5,6,2,4,6,3,2,3,3,2,2,2,3,2,2,0,4,4,4,5,5,3,5,3,4,4,4,4,1,25
366,0,3,4,2,5,4,2,3,1,2,2,6,5,2,2,1,1,3,1,1,1,1,0,5,4,4,4,4,4,4,4,2,3,3,3,2,2,35
368,0,2,1,5,1,2,1,5,1,3,1,2,7,1,2,5,1,1,1,1,1,2,0,20,3,1,6,1,1,3,5,2,3,5,4,5,1,39
373,0,3,3,3,3,3,3,3,2,1,3,4,4,3,2,2,2,2,1,3,2,3,0,15,3,3,5,4,4,4,4,3,3,4,3,3,1,59
374,0,2,4,6,2,2,2,3,2,2,1,6,6,3,2,6,6,2,2,1,1,3,0,20,3,2,4,4,2,4,3,3,3,3,3,4,2,45
376,0,3,3,3,3,3,3,3,3,4,2,2,5,4,2,2,2,2,2,2,2,2,0,10,4,4,4,4,4,4,3,4,3,3,3,3,1,60
377,0,1,1,6,1,1,1,6,3,6,6,4,3,2,2,4,4,1,1,2,2,2,0,5,2,2,2,4,4,4,4,2,4,4,3,4,1,44
381,0,3,4,4,3,3,2,3,5,3,2,4,4,3,2,5,3,4,1,1,2,4,3,0,4,4,5,4,4,5,2,5,4,5,4,4,2,38
383,0,1,1,5,1,1,1,5,2,2,2,2,3,3,2,2,2,2,2,2,1,2,0,30,2,2,5,5,5,6,2,2,2,4,2,3,1,41
387,0,1,1,6,1,1,1,6,1,1,1,1,1,1,2,1,1,1,1,1,1,5,0,10,6,6,6,6,6,6,6,6,6,6,6,6,1,40
388,0,3,3,3,2,3,3,4,3,2,1,2,4,2,2,2,2,1,1,1,1,1,0,5,3,3,3,3,3,3,4,3,2,4,3,3,1,51
389,0,1,1,5,1,1,1,6,3,3,1,3,4,5,2,3,5,3,2,4,2,4,1,40,4,5,5,5,6,4,4,6,4,5,4,3,2,23
390,0,5,5,4,4,5,5,2,3,5,3,3,5,5,2,5,3,5,2,2,4,2,2,0,4,4,4,3,4,3,4,4,2,3,3,3,4,19
400,0,3,3,3,3,3,3,5,4,4,1,4,4,4,3,4,4,,,,,,,,,,,,,,,,,,,,,
404,0,1,1,5,3,1,1,5,1,1,1,3,1,1,2,1,2,2,1,2,1,3,0,15,3,3,2,4,3,2,4,3,5,4,5,4,2,20
410,0,4,4,2,4,4,5,2,2,5,1,3,2,5,2,2,2,4,1,1,2,3,0,10,5,4,5,2,3,4,3,5,5,5,3,3,2,28
418,0,,,,,,,,,,,,,,,,,,,,,,,,,,,,,,,,,,,,,
419,0,3,3,4,3,3,3,4,2,2,1,4,5,3,2,4,4,1,1,1,1,1,0,10,3,3,4,4,4,3,4,4,3,5,5,5,2,54
421,0,4,3,3,2,3,3,3,3,5,2,4,5,3,2,5,6,1,2,1,1,2,1,30,3,4,4,4,3,3,3,3,3,4,4,3,1,69
422,0,1,1,5,1,1,1,6,1,1,1,1,5,2,2,1,1,2,2,2,2,1,0,10,3,3,5,3,3,5,5,3,3,5,3,3,1,39
423,0,1,1,6,3,6,1,5,3,7,3,5,5,2,2,2,3,1,1,4,2,1,1,0,4,5,5,6,5,4,5,5,5,5,3,4,1,30
424,0,1,6,6,1,1,1,6,2,3,1,3,5,3,2,5,5,2,2,4,3,1,1,0,4,3,4,5,4,5,4,4,4,4,4,4,2,45
425,0,3,2,3,2,4,3,3,3,4,5,2,4,2,2,2,2,4,4,4,4,2,0,15,5,5,5,5,4,4,5,4,4,6,4,4,1,49
427,0,2,1,5,1,1,1,6,2,5,6,3,4,2,2,4,2,2,2,2,1,3,0,20,4,4,2,4,5,3,3,3,3,2,2,2,1,48
428,0,4,4,4,4,4,4,3,5,5,3,5,5,5,2,5,5,2,4,4,2,2,1,0,5,5,5,5,5,5,5,5,4,5,5,5,1,53
431,0,3,3,4,3,3,2,3,2,2,1,1,5,1,2,1,1,2,4,1,1,2,0,20,5,4,4,2,4,2,3,3,1,2,2,2,2,35
432,0,3,3,4,2,2,2,3,3,4,5,6,3,4,2,5,4,4,3,4,3,4,0,30,4,3,4,3,4,4,3,4,3,3,3,4,1,43
433,0,1,2,5,1,2,1,6,2,2,2,2,4,2,2,3,3,2,2,2,1,2,0,30,3,3,5,4,4,4,3,5,3,3,2,3,1,56
434,0,1,1,6,1,3,1,4,1,1,1,5,5,3,2,3,2,1,1,1,1,1,0,10,3,3,6,2,6,1,2,1,1,1,2,2,1,49
437,0,1,2,4,3,4,2,2,4,3,3,3,7,4,4,3,5,,,,,,,,,,,,,,,,,,,,,
439,0,4,4,3,4,4,4,3,3,3,4,5,4,5,2,5,4,2,2,3,2,2,0,30,3,3,4,4,3,4,3,3,3,4,3,3,1,55
441,0,3,3,3,3,3,2,3,5,6,2,2,6,4,2,5,4,2,4,4,1,2,1,40,2,2,5,5,4,4,4,3,5,4,4,3,1,51
442,0,1,1,4,1,1,1,6,3,2,1,4,5,3,2,3,2,2,3,2,2,1,1,0,5,5,5,6,5,5,4,5,4,5,4,5,2,50
445,0,3,3,5,1,2,2,5,2,2,1,2,4,3,2,5,4,3,1,2,1,1,0,60,5,5,4,4,3,2,4,3,4,3,5,5,1,46
447,0,3,3,4,3,3,3,4,4,3,2,2,4,4,2,1,1,2,2,2,1,1,0,10,1,3,4,3,4,3,4,4,4,3,3,4,1,49
449,0,2,2,5,1,1,1,6,3,3,1,3,6,3,2,6,4,2,2,2,2,3,0,20,4,3,3,4,2,4,2,4,4,2,2,2,1,53
454,0,3,2,6,1,1,2,5,2,2,1,3,6,3,2,6,6,4,2,4,4,2,1,0,3,3,4,3,3,4,4,3,4,5,4,3,2,81
456,0,1,1,4,2,2,4,3,2,2,1,4,7,3,2,2,2,1,1,1,1,1,0,10,4,3,5,3,2,4,3,4,3,4,3,3,2,56
464,0,1,1,4,3,3,4,4,2,1,1,2,2,2,2,1,1,2,1,1,1,1,0,1,5,3,4,3,3,2,3,4,3,3,3,3,1,50
465,0,2,2,5,2,2,2,5,2,1,1,1,1,1,2,1,1,1,1,1,1,2,0,5,4,4,4,4,4,2,2,3,2,2,2,2,1,56
469,0,1,1,6,1,1,1,6,1,1,1,1,6,1,2,1,1,5,4,1,1,1,1,30,6,6,6,3,6,6,4,6,1,6,3,1,3,35
470,0,1,2,4,1,2,2,5,5,4,2,3,5,3,2,4,3,2,2,2,2,2,1,30,5,5,5,5,4,4,5,4,3,4,3,3,1,55
471,0,1,1,5,1,1,3,6,3,5,1,3,5,4,2,5,2,1,2,2,4,3,1,0,4,4,5,4,4,3,4,4,3,5,3,4,2,45
472,0,2,2,5,2,2,2,5,3,5,2,5,6,5,2,3,6,1,2,4,1,2,1,0,2,2,5,5,5,5,5,5,2,5,2,2,1,59
473,0,1,1,6,1,1,1,6,2,2,6,4,6,5,2,2,6,1,1,5,1,1,1,30,2,3,4,2,2,5,5,4,5,5,5,5,2,47
474,0,2,2,5,2,2,3,4,3,3,1,5,5,2,2,6,4,1,2,3,1,3,1,10,4,3,4,3,3,3,3,3,2,4,3,3,2,57
476,0,3,3,5,2,1,1,5,3,3,1,3,2,2,2,1,3,3,2,2,3,1,0,30,5,3,5,2,2,2,4,2,1,5,2,5,1,70
478,0,3,3,3,2,2,3,3,3,3,1,2,6,2,2,3,2,2,1,1,2,2,1,0,3,3,6,3,3,2,6,3,3,5,4,4,1,51
480,0,1,1,6,1,1,1,6,2,2,1,3,1,1,2,1,1,1,1,1,1,2,0,30,4,5,3,3,4,3,3,4,4,4,4,4,2,46
481,0,3,2,3,2,2,2,3,3,2,1,1,5,1,2,3,1,1,1,1,1,1,0,40,4,4,5,4,4,3,4,5,4,5,5,5,1,68
482,0,2,2,3,1,1,2,4,2,6,2,2,5,5,2,5,2,1,2,2,1,2,1,0,2,2,4,3,3,4,3,2,2,5,3,2,1,59
483,0,3,3,4,3,3,3,3,1,4,4,4,3,4,2,1,1,3,3,2,2,3,0,10,3,3,3,4,4,4,4,3,3,4,3,3,1,50
487,0,1,1,5,1,1,1,5,6,6,1,5,6,6,2,6,6,4,2,5,4,2,1,0,4,3,4,3,4,4,3,3,3,3,3,3,1,50
489,0,1,1,5,1,1,1,6,2,1,1,1,3,2,2,2,1,1,1,3,1,1,0,30,3,4,5,5,4,3,3,3,4,5,4,4,1,77
490,0,2,2,3,2,3,2,3,2,3,3,4,4,3,2,3,4,2,2,2,2,2,0,20,3,3,4,3,4,3,3,3,4,3,3,4,1,46
493,0,3,3,4,3,3,3,3,2,2,1,2,2,1,2,1,1,1,1,1,1,2,0,10,4,3,4,4,3,5,4,4,4,4,4,4,2,47
495,0,1,1,5,1,1,3,5,3,4,1,2,1,1,2,1,1,3,2,2,2,3,1,30,5,4,6,5,5,6,3,4,3,6,4,4,2,40
497,0,2,1,2,2,1,1,5,3,2,1,4,3,2,2,4,2,2,2,2,1,2,1,30,4,4,4,4,4,2,4,2,5,3,4,4,1,48
498,0,3,3,4,3,3,3,4,1,1,1,1,1,3,2,1,1,1,1,1,1,1,0,5,3,3,4,4,3,3,3,3,3,4,3,3,1,45
504,0,2,2,4,1,2,1,5,2,1,1,2,5,1,2,2,4,4,1,1,1,1,0,5,2,4,2,2,4,2,3,3,2,2,2,2,1,57
505,0,1,1,4,2,3,3,4,3,3,2,2,5,5,2,3,3,2,2,1,1,2,1,0,4,4,4,4,4,4,4,4,3,4,3,3,1,50
506,0,3,2,5,1,1,4,6,5,3,4,5,5,3,2,2,1,3,2,2,2,2,0,5,4,4,5,5,5,2,4,5,5,5,5,3,1,62
512,0,1,2,3,1,1,1,3,1,2,2,3,3,2,2,2,1,2,4,2,2,3,0,45,4,4,5,5,4,2,2,3,3,3,3,3,1,33
514,0,1,2,5,1,1,2,3,3,5,1,5,5,3,2,6,3,2,1,2,2,2,1,0,4,3,5,4,4,3,3,3,3,3,3,3,2,50
520,0,3,4,3,4,4,3,3,3,4,2,3,5,5,2,3,2,1,1,2,1,1,0,5,3,3,4,3,4,2,4,3,3,5,3,4,1,63
523,0,3,3,4,3,3,3,5,2,2,2,2,2,3,2,2,2,3,1,2,2,3,2,0,3,2,3,3,4,2,3,3,4,4,4,4,1,39
525,0,2,2,5,3,3,2,5,1,1,1,2,6,2,2,4,3,1,1,1,1,2,0,5,4,4,4,4,5,3,4,4,3,4,4,3,2,43
526,0,2,2,5,2,2,2,5,2,2,1,2,5,5,2,2,2,3,2,3,3,2,1,0,4,3,4,5,5,4,4,5,3,4,3,3,1,49
529,0,1,1,6,1,1,1,6,5,1,4,5,7,3,2,7,7,3,3,3,2,5,0,30,2,2,4,4,4,4,4,3,3,4,3,3,2,56
531,0,2,3,3,3,3,3,3,4,3,2,2,2,2,2,2,2,2,2,2,2,3,1,10,3,3,4,3,3,4,4,3,4,4,4,4,1,43
533,0,3,4,3,4,5,4,3,3,4,5,3,5,4,2,4,5,2,2,2,2,3,1,0,3,3,4,3,3,4,4,4,4,4,4,4,1,61
534,0,2,2,3,3,3,3,3,3,3,2,3,3,2,2,2,3,2,2,2,1,2,0,15,3,3,3,2,3,2,3,3,1,3,2,2,2,52
537,0,3,3,3,2,3,1,3,1,1,1,1,1,3,2,1,1,1,1,1,1,1,0,5,4,4,4,6,6,4,5,5,5,5,5,4,2,49
544,0,2,2,4,1,1,1,4,1,1,1,1,5,1,2,2,1,2,1,1,2,2,0,10,4,4,5,4,3,3,4,3,2,4,2,2,1,38
547,0,3,4,3,3,3,3,3,2,3,2,5,4,3,2,2,2,2,1,1,2,2,0,20,3,3,4,4,4,4,4,4,3,4,3,3,1,63
548,0,2,2,4,2,2,2,4,2,4,1,2,2,2,2,1,2,3,1,1,2,2,0,30,3,2,4,3,3,2,3,3,2,3,3,3,2,53
553,0,2,2,5,1,1,2,5,3,3,3,3,2,2,2,2,2,2,2,1,1,1,0,1,2,2,1,6,5,2,6,2,5,1,5,6,1,41
555,0,1,1,6,1,1,1,6,4,4,2,2,6,5,2,3,2,4,5,4,3,2,0,30,4,4,3,4,3,3,4,3,5,4,5,4,2,29
558,0,3,3,3,2,3,3,2,4,3,3,4,5,4,2,4,5,4,3,3,4,3,0,30,4,4,3,3,3,4,3,4,3,4,3,4,2,39
565,0,2,2,4,1,2,2,5,1,2,1,1,4,2,2,1,1,1,1,1,1,2,1,0,2,3,4,3,3,5,4,4,4,3,4,4,1,46
569,0,3,2,3,1,1,1,5,2,3,2,2,4,1,2,2,2,2,2,2,2,3,,,,,,,,,,,,,,,,
570,0,3,3,3,3,3,3,3,4,4,4,4,4,4,2,3,4,3,3,3,3,3,1,0,3,3,3,4,3,3,4,3,4,3,3,4,1,59
571,0,2,2,4,2,2,2,5,4,3,2,3,4,3,2,3,2,3,2,2,2,3,0,15,3,3,3,4,3,3,4,4,4,3,4,4,1,55
576,0,2,2,5,1,1,1,4,2,2,1,1,2,1,2,2,1,1,1,1,1,2,0,10,3,2,4,2,3,3,3,3,4,5,4,5,1,44
577,0,3,3,4,1,1,1,3,1,1,1,1,2,2,2,1,1,3,1,1,2,4,0,5,4,4,4,5,6,3,5,4,3,4,3,3,2,27
579,0,3,3,4,2,3,4,4,1,1,1,1,2,1,2,1,1,1,1,4,1,1,0,15,3,4,3,4,4,3,4,3,4,3,4,4,1,50
581,0,3,3,4,2,3,3,4,1,1,1,1,3,1,2,1,1,1,1,1,1,2,0,1,3,3,4,4,3,5,3,2,4,5,4,4,1,36
585,0,1,1,4,3,2,2,5,5,5,3,3,4,4,2,3,3,4,2,4,3,2,1,5,4,4,5,3,3,5,2,5,2,4,2,2,1,45
586,0,2,3,5,2,3,3,4,3,5,3,4,5,3,2,5,4,4,3,4,4,2,1,15,3,4,4,4,4,2,3,4,3,4,4,3,1,45
591,0,2,4,4,3,3,3,4,4,4,3,4,4,4,2,4,3,3,3,4,3,3,1,7,4,4,4,3,3,4,4,3,3,4,3,3,1,33
592,0,1,1,6,1,1,1,6,2,5,1,4,5,4,2,2,1,2,2,2,2,2,0,30,5,5,4,4,4,4,5,4,5,4,4,4,1,49
593,0,3,3,4,2,3,3,4,2,1,1,2,3,1,2,1,1,2,1,1,1,2,0,3,3,4,5,4,4,4,5,3,4,4,4,4,1,41
595,0,1,1,6,1,1,1,6,1,1,1,1,7,1,2,1,1,5,5,5,5,1,6,0,6,3,3,4,6,6,6,6,1,6,2,1,1,37
597,0,1,1,6,1,1,1,6,3,5,2,2,6,3,2,3,2,3,3,2,4,3,1,0,5,4,4,3,3,4,2,4,3,4,3,2,1,33
598,0,1,1,5,1,1,1,6,3,3,2,2,5,2,2,5,2,1,1,1,1,1,0,10,2,2,3,3,3,4,3,3,4,4,3,3,1,65
600,0,1,1,1,1,1,1,3,1,1,1,1,5,4,2,1,1,4,1,1,1,1,0,30,3,3,6,3,3,6,6,3,6,6,6,6,1,22
603,0,2,2,4,1,2,3,5,2,2,5,2,5,2,2,2,2,3,2,2,2,2,0,30,3,3,5,3,3,4,4,4,4,5,5,4,1,45
604,0,2,2,5,2,2,2,5,1,2,2,3,3,2,2,2,2,1,1,1,1,2,0,15,2,2,4,3,3,4,4,3,3,4,4,4,1,40
607,0,3,3,3,2,3,2,4,4,3,2,5,5,2,2,4,4,3,3,4,3,2,2,0,3,4,3,3,4,3,4,2,4,3,4,4,1,34
608,0,3,3,4,3,3,3,3,1,1,1,1,1,1,2,1,1,1,1,1,1,1,0,5,3,3,4,3,3,2,2,3,2,3,2,3,1,40
609,0,3,3,3,4,3,1,3,1,4,1,3,5,1,2,5,1,1,2,4,1,2,0,10,4,4,5,4,4,3,3,4,3,3,4,3,1,53
610,0,3,2,5,1,2,4,4,3,3,5,2,3,3,2,1,2,2,2,4,2,4,1,15,3,4,3,2,3,2,5,2,5,3,4,3,1,25
611,0,2,2,3,3,3,2,4,2,2,2,3,5,2,2,2,2,2,1,1,1,2,0,10,2,2,2,4,4,3,4,4,4,4,4,4,1,48
612,0,3,3,4,3,3,3,3,2,3,2,4,4,3,2,2,2,3,2,2,2,3,0,20,4,3,4,4,4,5,3,3,3,4,3,3,1,61
613,0,3,3,3,3,3,3,3,3,4,3,4,4,4,2,4,3,3,3,3,2,3,1,1,4,3,3,4,4,3,4,3,4,3,4,3,1,50
614,0,1,1,6,1,6,1,6,2,2,1,1,6,1,2,1,1,2,2,2,2,3,0,15,4,4,4,5,5,3,4,4,4,4,4,4,1,45
615,0,2,2,3,2,2,2,4,1,1,1,1,1,1,2,1,1,1,1,1,1,1,0,3,2,2,2,5,2,3,5,2,4,2,5,4,1,36
618,0,1,1,4,1,1,1,6,2,5,1,5,6,2,2,5,4,3,3,4,4,4,0,30,3,3,5,3,3,4,3,3,3,3,3,3,2,26
620,0,2,3,3,2,3,2,3,2,3,2,3,4,2,2,2,2,2,2,2,2,2,0,10,4,4,4,4,4,4,4,3,4,4,4,4,1,45
621,0,3,3,4,3,3,3,5,4,2,4,3,3,2,2,2,2,2,2,2,2,3,0,15,4,3,3,4,5,3,4,3,4,3,4,4,1,50
623,0,1,1,5,1,1,1,5,5,4,2,5,4,4,2,4,2,2,4,3,1,1,0,30,5,5,5,5,5,5,4,4,4,5,3,4,2,40
626,0,1,1,6,1,1,1,6,3,4,1,1,4,2,2,3,1,1,1,1,1,3,0,15,3,3,4,3,3,3,3,3,3,3,3,3,2,33
627,0,3,3,3,3,3,3,4,3,5,4,4,5,4,2,5,5,3,3,3,3,3,0,10,3,4,4,3,3,4,4,4,4,4,4,4,2,53
628,0,2,1,3,2,2,2,3,3,2,1,3,6,3,2,2,1,2,1,1,1,1,0,20,4,5,5,3,4,4,4,2,3,4,3,3,1,45
631,0,1,1,4,1,1,1,5,1,1,1,2,2,2,2,1,1,2,1,1,1,1,0,10,4,4,4,5,2,5,5,4,4,5,4,4,1,54
632,0,,,,,,,,,,,,,,,,,,,,,,,,,,,,,,,,,,,,,
633,0,3,3,4,3,3,4,3,2,2,2,3,3,3,2,3,2,2,2,2,2,2,0,15,3,2,3,4,4,3,4,4,2,4,2,2,2,46
636,0,1,1,6,6,1,1,6,1,1,1,1,1,1,2,1,1,1,1,1,1,3,0,30,5,3,5,5,2,5,4,4,3,4,3,3,1,62
637,0,1,1,5,1,1,1,5,2,1,1,5,2,5,2,3,3,3,2,2,2,4,0,10,5,4,4,4,4,4,2,5,3,3,3,3,2,3
639,0,2,2,3,2,2,2,3,2,6,2,2,5,2,2,2,2,4,4,4,4,3,0,30,4,5,5,4,4,3,4,4,2,4,3,3,1,53
640,0,2,1,5,1,1,1,6,1,2,1,2,4,2,2,2,2,4,2,4,3,2,0,20,4,3,5,5,3,4,4,4,2,5,3,3,2,36
641,0,1,1,1,1,1,1,3,1,1,1,1,1,1,2,1,1,1,1,1,1,1,0,5,1,1,1,6,6,1,6,1,6,1,6,6,1,49
642,0,2,2,5,2,2,2,5,4,4,4,4,4,4,2,4,3,3,2,3,3,3,2,10,3,3,4,4,4,3,3,4,3,4,2,3,4,55
643,0,4,1,1,3,2,2,2,2,2,1,1,5,5,2,2,2,1,1,2,4,2,1,0,4,4,4,5,5,2,5,2,5,2,5,5,1,47
646,0,3,3,3,3,3,3,5,3,3,3,3,3,3,2,3,3,3,3,3,3,3,1,0,3,3,3,4,4,3,4,3,4,3,4,4,4,75
648,0,1,1,6,1,1,1,6,3,3,3,4,6,4,2,3,4,2,2,3,3,2,0,20,3,3,3,3,3,4,4,3,4,3,4,4,1,57
661,0,1,1,5,1,1,1,6,5,6,1,6,5,2,2,3,2,4,1,4,3,4,1,20,2,5,4,2,4,2,3,3,5,4,3,4,1,40
663,0,2,2,5,2,2,2,5,2,2,3,3,4,3,2,3,2,2,2,2,2,1,0,10,3,4,4,3,4,4,3,3,3,4,4,3,1,43
664,0,1,1,5,1,1,2,5,2,2,2,4,3,3,2,2,2,1,1,3,1,1,0,5,2,2,4,2,4,5,2,3,3,2,2,2,1,37
667,0,2,5,5,2,4,4,5,1,2,5,2,4,1,2,4,3,2,2,2,1,1,,30,3,3,3,4,4,1,5,3,4,2,4,6,1,47
668,0,3,3,4,3,3,3,3,3,3,1,5,6,3,2,3,5,3,2,2,2,1,0,30,4,4,3,5,4,4,3,4,3,4,3,3,2,62
669,0,2,2,5,2,2,2,5,1,1,1,2,5,2,2,2,2,4,1,1,1,1,0,10,5,5,4,5,5,4,4,5,4,4,4,4,2,57
673,0,1,1,6,1,1,1,5,1,1,5,2,6,1,2,5,1,3,1,2,1,2,0,20,3,4,6,4,4,4,5,2,5,4,3,4,1,59
674,0,1,1,6,1,1,1,6,2,2,2,2,4,3,2,2,2,3,2,3,2,2,0,10,5,5,5,5,2,2,2,2,2,2,2,2,1,60
676,0,2,2,3,2,2,3,4,3,2,1,3,4,2,2,2,4,2,2,2,2,2,0,2,3,3,3,2,4,2,4,4,4,4,4,4,1,38
678,0,4,4,3,3,4,3,3,3,3,2,2,5,3,2,2,2,2,2,2,2,1,0,5,3,4,4,3,3,4,3,3,4,4,4,4,1,46
679,0,2,2,5,2,5,3,4,3,3,3,3,6,4,2,5,3,2,2,2,2,2,0.5,30,3,4,4,4,3,4,4,3,4,4,4,4,1,69
683,0,2,2,5,2,4,2,4,3,2,2,2,5,3,2,3,2,3,3,2,3,3,1,0,4,4,2,4,5,2,3,3,5,2,5,3,1,48
684,0,2,2,5,2,2,2,5,1,1,1,1,1,1,2,1,1,2,1,1,1,2,0,5,4,3,5,4,4,4,4,4,3,4,3,3,1,52
685,0,3,2,5,2,2,2,5,3,3,3,3,5,3,2,5,4,2,2,3,2,4,1,0,5,4,4,4,4,4,3,4,4,4,3,3,1,67
687,0,2,3,5,2,2,2,5,3,5,3,4,5,5,2,5,5,4,4,4,4,3,1,10,4,4,4,2,3,5,3,4,3,4,3,3,1,63
689,0,2,2,5,2,2,2,6,3,2,1,3,5,1,2,2,1,1,1,1,1,2,0,3,3,3,5,4,4,5,4,4,4,5,4,3,1,58
690,0,1,1,4,1,1,1,4,1,2,1,1,6,4,2,2,4,4,3,3,4,3,1,0,5,5,5,5,5,5,3,5,4,5,3,3,1,39
692,0,1,1,4,1,1,1,4,1,1,1,1,5,1,2,1,1,1,3,1,1,3,0.5,0,4,5,4,4,5,4,5,4,4,5,3,3,2,41
693,0,3,3,4,4,3,3,3,2,2,5,2,2,2,2,2,2,1,1,1,1,1,0,30,1,1,4,5,3,4,4,3,4,4,4,4,2,49
695,0,1,5,5,1,1,2,5,4,4,1,3,5,2,2,2,2,2,1,1,1,3,1,0,4,3,4,4,3,4,4,4,3,5,3,4,2,55
696,0,2,2,3,3,2,2,5,1,4,1,1,1,1,2,1,1,1,1,1,1,3,1,0,2,2,2,5,6,2,6,3,4,2,4,4,1,61
697,0,4,4,4,2,4,2,3,5,6,7,7,5,3,2,6,6,5,5,4,4,4,2,0,4,4,3,3,2,4,3,4,1,4,2,2,1,35
698,0,2,2,5,2,2,2,5,1,1,1,2,5,1,2,1,1,1,1,1,1,3,0,5,2,2,3,2,4,4,3,3,3,4,3,3,2,60
701,0,3,2,3,2,2,2,5,4,4,4,4,2,4,2,4,3,3,3,4,4,4,2,3,3,4,3,3,2,4,2,4,2,4,4,2,2,53
702,0,1,1,4,1,2,1,4,3,5,5,4,5,5,2,5,5,4,3,4,3,3,1,0,4,4,5,3,4,4,3,4,3,4,4,4,1,47
704,0,4,3,5,2,3,2,5,4,2,2,3,3,5,2,4,6,3,3,4,3,2,2,6,3,4,4,4,4,4,3,5,3,5,2,3,2,53
705,0,1,1,6,1,1,1,6,2,5,1,4,6,6,2,4,4,4,2,3,3,4,4,0,2,4,4,5,5,4,5,5,3,5,4,4,2,45
706,0,2,2,5,2,2,2,5,2,2,2,3,3,2,2,2,2,2,2,2,2,2,0,15,4,4,4,4,4,4,4,4,3,4,3,3,1,41
707,0,3,3,4,3,3,3,3,2,3,1,5,4,5,2,2,4,3,4,4,3,2,0,30,2,3,4,2,3,4,3,3,2,3,2,2,1,39
709,0,4,4,3,4,4,4,3,3,3,3,2,5,3,2,4,3,3,2,3,2,2,1,0,4,4,3,4,3,3,3,3,3,3,3,3,2,49
710,0,3,3,4,3,3,3,4,3,3,3,3,5,3,2,4,3,3,2,3,2,2,1,0,4,3,3,4,3,3,3,3,3,3,3,3,1,48
713,0,2,3,3,2,2,2,4,1,1,1,1,1,1,2,2,2,2,2,2,2,4,0,10,2,2,2,5,5,2,5,3,5,2,4,5,2,36
716,0,2,2,5,1,2,1,5,1,6,1,4,1,1,2,1,1,4,4,2,4,4,2,30,5,5,5,5,5,4,3,5,2,3,2,2,2,25
718,0,1,3,6,2,2,2,5,2,5,2,3,6,2,2,5,2,2,3,4,2,3,1,0,4,4,4,5,5,4,5,4,3,4,4,4,1,67
719,0,1,1,6,1,1,1,6,1,1,1,1,1,1,2,1,1,1,1,1,1,1,0,5,5,5,3,3,3,4,4,5,3,3,3,4,1,49
720,0,3,5,5,2,4,4,3,4,2,2,3,4,4,2,4,3,3,1,3,4,2,0,30,3,3,4,3,4,5,4,2,4,4,4,3,1,43
