model,term,op,estimate,std.error,statistic,p.value,std.lv,std.all,std.nox,block,group,label,parameter,conf.low,conf.high,method,alternative
cfa11,Mobility =~ BSMBS_4u_I1,=~,1,0,NA,NA,0.9136689403992595,0.6655751719792947,0.6655751719792947,NA,NA,NA,NA,NA,NA,NA,NA
cfa11,Mobility =~ BSMBS_8u_I2,=~,0.8312361957376574,0.06609195594250111,12.576964683278838,0,0.7594746941811369,0.5574136603934723,0.5574136603934723,NA,NA,NA,NA,NA,NA,NA,NA
cfa11,Mobility =~ BSMBS_9u_I3,=~,0.7122960787473923,0.07821121289391536,9.107339630617174,0,0.6508028035196775,0.48760557084563755,0.48760557084563755,NA,NA,NA,NA,NA,NA,NA,NA
cfa11,Mobility =~ BSMBS_10u_I4,=~,0.9180600765742026,0.08005625906660116,11.467686440487325,0,0.8388029773864147,0.6009914583277002,0.6009914583277002,NA,NA,NA,NA,NA,NA,NA,NA
cfa11,Mobility =~ BSMBS_11d_I5,=~,-1.1197429588008105,0.27424439967617714,-4.083011212345568,4.445587719703603e-5,-1.0230743626870682,-0.6784562516746421,-0.6784562516746421,NA,NA,NA,NA,NA,NA,NA,NA
cfa11,Mobility =~ BSMBS_13d_I6,=~,-0.9741558545348555,0.27026038942288094,-3.6045084394908407,3.127442869941266e-4,-0.8900559473965967,-0.6561626467854094,-0.6561626467854094,NA,NA,NA,NA,NA,NA,NA,NA
cfa11,Mobility =~ BSMBS_14d_I7,=~,-1.1015702170776998,0.2802970475397163,-3.9300100616351097,8.494230704392258e-5,-1.0064704930127641,-0.7382978662016004,-0.7382978662016004,NA,NA,NA,NA,NA,NA,NA,NA
cfa11,Mobility =~ BSMBS_18d_I8,=~,-0.8979134846484268,0.26124009104553675,-3.4371197814806744,5.879355356326332e-4,-0.8203956620889349,-0.6374245052351545,-0.6374245052351545,NA,NA,NA,NA,NA,NA,NA,NA
cfa11,BSMBS_4u_I1 ~~ BSMBS_4u_I1,~~,1.0496541999946478,0.2672589770025601,3.92747967446045,8.58406727781702e-5,1.0496541999946478,0.5570096904447323,0.5570096904447323,NA,NA,NA,NA,NA,NA,NA,NA
cfa11,BSMBS_8u_I2 ~~ BSMBS_8u_I2,~~,1.2795975062868237,0.23164179676816887,5.524035489879519,3.313004959260013e-8,1.2795975062868237,0.6892900112067507,0.6892900112067507,NA,NA,NA,NA,NA,NA,NA,NA
cfa11,BSMBS_9u_I3 ~~ BSMBS_9u_I3,~~,1.3578559765702818,0.16818816417273966,8.073433604850337,6.661338147750939e-16,1.3578559765702818,0.7622408072803,0.7622408072803,NA,NA,NA,NA,NA,NA,NA,NA
cfa11,BSMBS_10u_I4 ~~ BSMBS_10u_I4,~~,1.2443843347508883,0.23882495369311776,5.210445204774881,1.8838801540965733e-7,1.2443843347508883,0.6388092670171442,0.6388092670171442,NA,NA,NA,NA,NA,NA,NA,NA
cfa11,BSMBS_11d_I5 ~~ BSMBS_11d_I5,~~,1.2272154167452995,0.19411656020845705,6.322054210250907,2.5810886761234997e-10,1.2272154167452995,0.5396971145635949,0.5396971145635949,NA,NA,NA,NA,NA,NA,NA,NA
cfa11,BSMBS_13d_I6 ~~ BSMBS_13d_I6,~~,1.0477740685081534,0.1851017206433354,5.660531219626339,1.509051306136655e-8,1.0477740685081534,0.5694505809635662,0.5694505809635662,NA,NA,NA,NA,NA,NA,NA,NA
cfa11,BSMBS_14d_I7 ~~ BSMBS_14d_I7,~~,0.8454157382977623,0.18375059311373992,4.600887126249751,4.206953637009292e-6,0.8454157382977623,0.45491626076216374,0.45491626076216374,NA,NA,NA,NA,NA,NA,NA,NA
cfa11,BSMBS_18d_I8 ~~ BSMBS_18d_I8,~~,0.9834424113988696,0.19238465241985944,5.111854812891254,3.190109703066213e-7,0.9834424113988696,0.5936900001257186,0.5936900001257186,NA,NA,NA,NA,NA,NA,NA,NA
cfa11,Mobility ~~ Mobility,~~,0.8347909326503056,0.2732773165491637,3.054739204818426,0.0022525630379082173,1,1,1,NA,NA,NA,NA,NA,NA,NA,NA
cfa22,Upward =~ BSMBS_4u_I1,=~,1,0,NA,NA,1.184354962356568,0.8627603295298727,0.8627603295298727,NA,NA,NA,NA,NA,NA,NA,NA
cfa22,Upward =~ BSMBS_8u_I2,=~,0.8650783948720957,0.05430189348063269,15.930906629998722,0,1.0245598897942212,0.7519719026738529,0.7519719026738529,NA,NA,NA,NA,NA,NA,NA,NA
cfa22,Upward =~ BSMBS_9u_I3,=~,0.6533358136008703,0.06438678460441914,10.14704830525159,0,0.7737815129234564,0.5797460106195705,0.5797460106195705,NA,NA,NA,NA,NA,NA,NA,NA
cfa22,Upward =~ BSMBS_10u_I4,=~,0.8171440800480799,0.06739678919240241,12.124376989463409,0,0.967788646165236,0.6934082734587137,0.6934082734587137,NA,NA,NA,NA,NA,NA,NA,NA
cfa22,Downward =~ BSMBS_11d_I5,=~,1,0,NA,NA,1.0786843492457243,0.715333968006358,0.715333968006358,NA,NA,NA,NA,NA,NA,NA,NA
cfa22,Downward =~ BSMBS_13d_I6,=~,0.9088800510001557,0.07490283223633201,12.134121285727547,0,0.9803946863555236,0.7227616655169121,0.7227616655169121,NA,NA,NA,NA,NA,NA,NA,NA
cfa22,Downward =~ BSMBS_14d_I7,=~,1.0220142397104144,0.07403862056927285,13.803799042341502,0,1.102430765081892,0.808689464299756,0.808689464299756,NA,NA,NA,NA,NA,NA,NA,NA
cfa22,Downward =~ BSMBS_18d_I8,=~,0.8708151175869554,0.08371181909091759,10.402534875525546,0,0.9393346384276239,0.7298364380596979,0.7298364380596979,NA,NA,NA,NA,NA,NA,NA,NA
cfa22,BSMBS_4u_I1 ~~ BSMBS_4u_I1,~~,0.4817481768284555,0.0864415364775539,5.573109831909918,2.5023169980542548e-8,0.4817481768284555,0.2556446137895055,0.2556446137895055,NA,NA,NA,NA,NA,NA,NA,NA
cfa22,BSMBS_8u_I2 ~~ BSMBS_8u_I2,~~,0.8066766593675999,0.09542846247659281,8.453208177439365,0,0.8066766593675999,0.43453825758906556,0.43453825758906556,NA,NA,NA,NA,NA,NA,NA,NA
cfa22,BSMBS_9u_I3 ~~ BSMBS_9u_I3,~~,1.1826609937651216,0.10803787813863798,10.946725483144807,0,1.1826609937651216,0.6638945631706927,0.6638945631706927,NA,NA,NA,NA,NA,NA,NA,NA
cfa22,BSMBS_10u_I4 ~~ BSMBS_10u_I4,~~,1.0113584691275996,0.13822759837700904,7.316617527920645,2.5424107263916085e-13,1.0113584691275996,0.5191849662990056,0.5191849662990056,NA,NA,NA,NA,NA,NA,NA,NA
cfa22,BSMBS_11d_I5 ~~ BSMBS_11d_I5,~~,1.1103384880367284,0.12986871244332435,8.549699670898702,0,1.1103384880367284,0.48829731421627887,0.48829731421627887,NA,NA,NA,NA,NA,NA,NA,NA
cfa22,BSMBS_13d_I6 ~~ BSMBS_13d_I6,~~,0.8788002221541956,0.1273880358960891,6.898608774147647,5.2513549064769904e-12,0.8788002221541956,0.47761557485921935,0.47761557485921935,NA,NA,NA,NA,NA,NA,NA,NA
cfa22,BSMBS_14d_I7 ~~ BSMBS_14d_I7,~~,0.6430459024556733,0.09653867820266365,6.661018303003145,2.719358072056366e-11,0.6430459024556733,0.3460213503305738,0.3460213503305738,NA,NA,NA,NA,NA,NA,NA,NA
cfa22,BSMBS_18d_I8 ~~ BSMBS_18d_I8,~~,0.7741433810670145,0.11517844335349643,6.721252332704965,1.8016921288221965e-11,0.7741433810670145,0.4673387736803327,0.4673387736803327,NA,NA,NA,NA,NA,NA,NA,NA
cfa22,Upward ~~ Upward,~~,1.4026966768586275,0.13133832337474183,10.680025759552109,0,1.0000000000000002,1.0000000000000002,1.0000000000000002,NA,NA,NA,NA,NA,NA,NA,NA
cfa22,Downward ~~ Downward,~~,1.1635599253076716,0.14705856200639003,7.9122215628431904,2.4424906541753444e-15,0.9999999999999998,0.9999999999999998,0.9999999999999998,NA,NA,NA,NA,NA,NA,NA,NA
cfa22,Upward ~~ Downward,~~,-0.6887029493965034,0.10166870568910287,-6.773991512221253,1.2527756609870266e-11,-0.5390830555074897,-0.5390830555074897,-0.5390830555074897,NA,NA,NA,NA,NA,NA,NA,NA
cfa33,Upward =~ BSMBS_4u_I1,=~,1,0,NA,NA,1.1595105373593295,0.8590899670859448,0.8590899670859448,1,1,NA,NA,NA,NA,NA,NA
cfa33,Upward =~ BSMBS_8u_I2,=~,0.8761803343286361,0.07217991500569262,12.13883854337504,0,1.0159403302810739,0.7406035305182525,0.7406035305182525,1,1,NA,NA,NA,NA,NA,NA
cfa33,Upward =~ BSMBS_9u_I3,=~,0.6304007471134658,0.08826162206298943,7.142410623992038,9.170442183403793e-13,0.7309563090372576,0.5400329430021934,0.5400329430021934,1,1,NA,NA,NA,NA,NA,NA
cfa33,Upward =~ BSMBS_10u_I4,=~,0.8449219660659518,0.07451131373550259,11.339512400294318,0,0.979695922899833,0.7323197277161497,0.7323197277161497,1,1,NA,NA,NA,NA,NA,NA
cfa33,Downward =~ BSMBS_11d_I5,=~,1,0,NA,NA,0.9802665182698872,0.6889125089124339,0.6889125089124339,1,1,NA,NA,NA,NA,NA,NA
cfa33,Downward =~ BSMBS_13d_I6,=~,0.863055497623561,0.09559082680651486,9.028643505411553,0,0.8460244077291331,0.6449994239124456,0.6449994239124456,1,1,NA,NA,NA,NA,NA,NA
cfa33,Downward =~ BSMBS_14d_I7,=~,1.1225717709900518,0.10655608660752311,10.535031894750492,0,1.1004195214564791,0.8178839555361432,0.8178839555361432,1,1,NA,NA,NA,NA,NA,NA
cfa33,Downward =~ BSMBS_18d_I8,=~,0.9348906571342636,0.12627785957840626,7.403440795207551,1.3278267374516872e-13,0.9164420094320515,0.723250205285029,0.723250205285029,1,1,NA,NA,NA,NA,NA,NA
cfa33,BSMBS_4u_I1 ~~ BSMBS_4u_I1,~~,0.4772153764464766,0.10161230689094188,4.6964328539323565,2.647442091108232e-6,0.4772153764464766,0.2619644284522703,0.2619644284522703,1,1,NA,NA,NA,NA,NA,NA
cfa33,BSMBS_8u_I2 ~~ BSMBS_8u_I2,~~,0.8496279032646564,0.13222418358762053,6.425661934237896,1.3129697329361534e-10,0.8496279032646564,0.45150641058390006,0.45150641058390006,1,1,NA,NA,NA,NA,NA,NA
cfa33,BSMBS_9u_I3 ~~ BSMBS_9u_I3,~~,1.2977740042375405,0.14976980247749866,8.665124629729798,0,1.2977740042375405,0.7083644204723898,0.7083644204723898,1,1,NA,NA,NA,NA,NA,NA
cfa33,BSMBS_10u_I4 ~~ BSMBS_10u_I4,~~,0.829899591330047,0.12209619676933826,6.797096169161411,1.067479438177088e-11,0.829899591330047,0.4637078163977443,0.4637078163977443,1,1,NA,NA,NA,NA,NA,NA
cfa33,BSMBS_11d_I5 ~~ BSMBS_11d_I5,~~,1.0637752901586228,0.15006309150547198,7.088853624742449,1.3522516439934407e-12,1.0637752901586228,0.5253995550639756,0.5253995550639756,1,1,NA,NA,NA,NA,NA,NA
cfa33,BSMBS_13d_I6 ~~ BSMBS_13d_I6,~~,1.0047128104029304,0.14022074948726929,7.165222080731702,7.767120280277595e-13,1.0047128104029304,0.5839757431526132,0.5839757431526132,1,1,NA,NA,NA,NA,NA,NA
cfa33,BSMBS_14d_I7 ~~ BSMBS_14d_I7,~~,0.5993045300720554,0.12158259088594224,4.929196899861005,8.256832657593804e-7,0.5993045300720554,0.3310658352765519,0.3310658352765519,1,1,NA,NA,NA,NA,NA,NA
cfa33,BSMBS_18d_I8 ~~ BSMBS_18d_I8,~~,0.765717359300591,0.17404873733332135,4.399442196665656,1.0852947976314198e-5,0.765717359300591,0.4769091405551634,0.4769091405551634,1,1,NA,NA,NA,NA,NA,NA
cfa33,Upward ~~ Upward,~~,1.344464686247321,0.16077056687590582,8.362629505965945,0,1,1,1,1,1,NA,NA,NA,NA,NA,NA
cfa33,Downward ~~ Downward,~~,0.9609224468409672,0.16528191279281135,5.813839098326074,6.105610461659694e-9,1.0000000000000002,1.0000000000000002,1.0000000000000002,1,1,NA,NA,NA,NA,NA,NA
cfa33,Upward ~~ Downward,~~,-0.7077599640128509,0.11603500916359454,-6.099538140381407,1.063753751751051e-9,-0.6226831635425766,-0.6226831635425766,-0.6226831635425766,1,1,NA,NA,NA,NA,NA,NA
cfa33,BSMBS_4u_I1 ~1 ,~1,3.8518518518518516,0.08658290169919017,44.4874423963534,0,3.8518518518518516,2.8538656389992463,2.8538656389992463,1,1,NA,NA,NA,NA,NA,NA
cfa33,BSMBS_8u_I2 ~1 ,~1,3.6502057613168724,0.08799923344504122,41.479972249946485,0,3.6502057613168724,2.6609390270011435,2.6609390270011435,1,1,NA,NA,NA,NA,NA,NA
cfa33,BSMBS_9u_I3 ~1 ,~1,4.05761316872428,0.08682965843221133,46.73072820955635,0,4.05761316872428,2.9977780531872233,2.9977780531872233,1,1,NA,NA,NA,NA,NA,NA
cfa33,BSMBS_10u_I4 ~1 ,~1,3.9794238683127574,0.08581969995593187,46.36958495958595,0,3.9794238683127574,2.97460725883607,2.97460725883607,1,1,NA,NA,NA,NA,NA,NA
cfa33,BSMBS_11d_I5 ~1 ,~1,3.7777777777777777,0.09128013583578873,41.38663624004602,0,3.7777777777777777,2.654949769778826,2.654949769778826,1,1,NA,NA,NA,NA,NA,NA
cfa33,BSMBS_13d_I6 ~1 ,~1,3.271604938271605,0.08414345578749405,38.88127612127207,0,3.271604938271605,2.494234541197661,2.494234541197661,1,1,NA,NA,NA,NA,NA,NA
cfa33,BSMBS_14d_I7 ~1 ,~1,3.4403292181069958,0.08631041225936281,39.85995580427545,0,3.4403292181069958,2.557015769338294,2.557015769338294,1,1,NA,NA,NA,NA,NA,NA
cfa33,BSMBS_18d_I8 ~1 ,~1,3.2386831275720165,0.08128550010797787,39.843306903073994,0,3.2386831275720165,2.5559481262990857,2.5559481262990857,1,1,NA,NA,NA,NA,NA,NA
cfa33,Upward ~1 ,~1,0,0,NA,NA,0,0,0,1,1,NA,NA,NA,NA,NA,NA
cfa33,Downward ~1 ,~1,0,0,NA,NA,0,0,0,1,1,NA,NA,NA,NA,NA,NA
cfa33,Upward =~ BSMBS_4u_I1,=~,1,0,NA,NA,1.2141504059255896,0.8667335848488519,0.8667335848488519,2,2,NA,NA,NA,NA,NA,NA
cfa33,Upward =~ BSMBS_8u_I2,=~,0.8496930871113093,0.0765361545791241,11.10185234395184,0,1.0316552066283635,0.7712240602024342,0.7712240602024342,2,2,NA,NA,NA,NA,NA,NA
cfa33,Upward =~ BSMBS_9u_I3,=~,0.6946317396314248,0.09251293085471235,7.508482686839903,5.972999872483342e-14,0.8433874086422929,0.6446275605976096,0.6446275605976096,2,2,NA,NA,NA,NA,NA,NA
cfa33,Upward =~ BSMBS_10u_I4,=~,0.7690974403497501,0.12580072939867182,6.1136167017952925,9.739808959352558e-10,0.9337999693969811,0.6351776099809513,0.6351776099809513,2,2,NA,NA,NA,NA,NA,NA
cfa33,Downward =~ BSMBS_11d_I5,=~,1,0,NA,NA,1.1916011950064733,0.7306754658885329,0.7306754658885329,2,2,NA,NA,NA,NA,NA,NA
cfa33,Downward =~ BSMBS_13d_I6,=~,0.9768890122437114,0.12759651534499256,7.6560790833701144,1.9095836023552692e-14,1.1640621143782999,0.8184435950528863,0.8184435950528863,2,2,NA,NA,NA,NA,NA,NA
cfa33,Downward =~ BSMBS_14d_I7,=~,0.9531402620937062,0.09637757300011014,9.889647896535191,0,1.1357630753196435,0.8108666946003323,0.8108666946003323,2,2,NA,NA,NA,NA,NA,NA
cfa33,Downward =~ BSMBS_18d_I8,=~,0.8041320466595614,0.09840779328978262,8.171426467125668,2.220446049250313e-16,0.9582047077425345,0.7324037026030302,0.7324037026030302,2,2,NA,NA,NA,NA,NA,NA
cfa33,BSMBS_4u_I1 ~~ BSMBS_4u_I1,~~,0.48817640483341224,0.14223996824993365,3.4320621049044697,5.990103678170655e-4,0.48817640483341224,0.24877289289505813,0.24877289289505813,2,2,NA,NA,NA,NA,NA,NA
cfa33,BSMBS_8u_I2 ~~ BSMBS_8u_I2,~~,0.7250899068172492,0.12854648786107273,5.640682362328668,1.6937756974755303e-8,0.7250899068172492,0.40521344896487205,0.40521344896487205,2,2,NA,NA,NA,NA,NA,NA
cfa33,BSMBS_9u_I3 ~~ BSMBS_9u_I3,~~,1.0004325054308558,0.15077348676175134,6.635334414012162,3.2376767933328665e-11,1.0004325054308558,0.5844553081179753,0.5844553081179753,2,2,NA,NA,NA,NA,NA,NA
cfa33,BSMBS_10u_I4 ~~ BSMBS_10u_I4,~~,1.2893290416833796,0.294327106884599,4.380599039384113,1.1835348252109412e-5,1.2893290416833796,0.5965494037788864,0.5965494037788864,2,2,NA,NA,NA,NA,NA,NA
cfa33,BSMBS_11d_I5 ~~ BSMBS_11d_I5,~~,1.239665069952074,0.2342196878929514,5.292744948574327,1.2049391551194333e-7,1.239665069952074,0.4661133635485755,0.4661133635485755,2,2,NA,NA,NA,NA,NA,NA
cfa33,BSMBS_13d_I6 ~~ BSMBS_13d_I6,~~,0.6678611949233231,0.2674888967714104,2.4967809990784824,0.01253263297603957,0.6678611949233231,0.3301500817169072,0.3301500817169072,2,2,NA,NA,NA,NA,NA,NA
cfa33,BSMBS_14d_I7 ~~ BSMBS_14d_I7,~~,0.6719408727636428,0.1511683706254811,4.444983232824365,8.789872247616515e-6,0.6719408727636428,0.34249520358793134,0.34249520358793134,2,2,NA,NA,NA,NA,NA,NA
cfa33,BSMBS_18d_I8 ~~ BSMBS_18d_I8,~~,0.7934959992822117,0.11819076104148757,6.713688889808207,1.8976376026103026e-11,0.7934959992822117,0.4635848164133721,0.4635848164133721,2,2,NA,NA,NA,NA,NA,NA
cfa33,Upward ~~ Upward,~~,1.474161208209274,0.21933454712252765,6.721062539161959,1.804045801634402e-11,1,1,1,2,2,NA,NA,NA,NA,NA,NA
cfa33,Downward ~~ Downward,~~,1.419913407940855,0.25465055337310866,5.575929009902554,2.4621232386223824e-8,0.9999999999999998,0.9999999999999998,0.9999999999999998,2,2,NA,NA,NA,NA,NA,NA
cfa33,Upward ~~ Downward,~~,-0.6191000913933241,0.18326986750982405,-3.378079003413574,7.29941064352424e-4,-0.42791493918779905,-0.42791493918779905,-0.42791493918779905,2,2,NA,NA,NA,NA,NA,NA
cfa33,BSMBS_4u_I1 ~1 ,~1,3.843137254901961,0.1132503208940061,33.93489064369938,0,3.843137254901961,2.7434625181120227,2.7434625181120227,2,2,NA,NA,NA,NA,NA,NA
cfa33,BSMBS_8u_I2 ~1 ,~1,3.4444444444444446,0.10814530408138871,31.850152659908392,0,3.4444444444444446,2.57492853476491,2.57492853476491,2,2,NA,NA,NA,NA,NA,NA
cfa33,BSMBS_9u_I3 ~1 ,~1,4.084967320261438,0.1057724404835693,38.62033722192499,0,4.084967320261438,3.12226918708712,3.12226918708712,2,2,NA,NA,NA,NA,NA,NA
cfa33,BSMBS_10u_I4 ~1 ,~1,3.954248366013072,0.11885360578044679,33.26990662208084,0,3.954248366013072,2.689708833485195,2.689708833485195,2,2,NA,NA,NA,NA,NA,NA
cfa33,BSMBS_11d_I5 ~1 ,~1,3.8366013071895426,0.131844019939562,29.09954739659987,0,3.8366013071895426,2.352557600065217,2.352557600065217,2,2,NA,NA,NA,NA,NA,NA
cfa33,BSMBS_13d_I6 ~1 ,~1,3.189542483660131,0.11498499974449207,27.738770193917524,0,3.189542483660131,2.2425440916397315,2.2425440916397315,2,2,NA,NA,NA,NA,NA,NA
cfa33,BSMBS_14d_I7 ~1 ,~1,3.477124183006536,0.11323799325482664,30.70633877431705,0,3.477124183006536,2.482458053318813,2.482458053318813,2,2,NA,NA,NA,NA,NA,NA
cfa33,BSMBS_18d_I8 ~1 ,~1,3.1176470588235294,0.10576980075121613,29.475776986255532,0,3.1176470588235294,2.3829733154528956,2.3829733154528956,2,2,NA,NA,NA,NA,NA,NA
cfa33,Upward ~1 ,~1,0,0,NA,NA,0,0,0,2,2,NA,NA,NA,NA,NA,NA
cfa33,Downward ~1 ,~1,0,0,NA,NA,0,0,0,2,2,NA,NA,NA,NA,NA,NA
cfa44,Upward =~ BSMBS_4u_I1,=~,1,0,NA,NA,1.1644084172631823,0.8607629610204769,0.8607629610204769,1,1,,NA,NA,NA,NA,NA
cfa44,Upward =~ BSMBS_8u_I2,=~,0.8676858097562067,0.053089690076371716,16.34377236913617,0,1.0103406604199474,0.7388899934883255,0.7388899934883255,1,1,.p2.,NA,NA,NA,NA,NA
cfa44,Upward =~ BSMBS_9u_I3,=~,0.6614515521467111,0.06409534446821963,10.319806495067336,0,0.7701997549314272,0.5615148826877685,0.5615148826877685,1,1,.p3.,NA,NA,NA,NA,NA
cfa44,Upward =~ BSMBS_10u_I4,=~,0.8198572390357024,0.0638175233135891,12.846898413889475,0,0.9546486700873248,0.7206989610521832,0.7206989610521832,1,1,.p4.,NA,NA,NA,NA,NA
cfa44,Downward =~ BSMBS_11d_I5,=~,1,0,NA,NA,1.0085696976021659,0.7037913877624103,0.7037913877624103,1,1,,NA,NA,NA,NA,NA
cfa44,Downward =~ BSMBS_13d_I6,=~,0.9259479318101413,0.08344278468828743,11.096800463564987,0,0.9338830255811051,0.6889632020929096,0.6889632020929096,1,1,.p6.,NA,NA,NA,NA,NA
cfa44,Downward =~ BSMBS_14d_I7,=~,1.0417888946980853,0.07656404759066077,13.606763585277877,0,1.0507167104909425,0.7937792614829328,0.7937792614829328,1,1,.p7.,NA,NA,NA,NA,NA
cfa44,Downward =~ BSMBS_18d_I8,=~,0.8755611455725708,0.0864307816269427,10.130200480561612,0,0.8830644398223336,0.7071841013554117,0.7071841013554117,1,1,.p8.,NA,NA,NA,NA,NA
cfa44,BSMBS_4u_I1 ~~ BSMBS_4u_I1,~~,0.47412118632192474,0.09568991466883275,4.9547665285603095,7.241718937844865e-7,0.47412118632192474,0.25908712493526076,0.25908712493526076,1,1,,NA,NA,NA,NA,NA
cfa44,BSMBS_8u_I2 ~~ BSMBS_8u_I2,~~,0.8489296772604471,0.12477099768601918,6.803902293037217,1.018229944804716e-11,0.8489296772604471,0.4540415775228222,0.4540415775228222,1,1,,NA,NA,NA,NA,NA
cfa44,BSMBS_9u_I3 ~~ BSMBS_9u_I3,~~,1.2882056347417796,0.14597404684947324,8.824894990204406,0,1.2882056347417796,0.6847010365201415,0.6847010365201415,1,1,,NA,NA,NA,NA,NA
cfa44,BSMBS_10u_I4 ~~ BSMBS_10u_I4,~~,0.8432508729799566,0.1168977454852303,7.21357686993629,5.451195050909519e-13,0.8432508729799566,0.4805930075383034,0.4805930075383034,1,1,,NA,NA,NA,NA,NA
cfa44,BSMBS_11d_I5 ~~ BSMBS_11d_I5,~~,1.0364253699529393,0.14312221605287426,7.2415408210983,4.4364512064021255e-13,1.0364253699529393,0.5046776825114605,0.5046776825114605,1,1,,NA,NA,NA,NA,NA
cfa44,BSMBS_13d_I6 ~~ BSMBS_13d_I6,~~,0.9652167945373678,0.13561552334131174,7.11730317264749,1.1006751066133802e-12,0.9652167945373678,0.5253297061618847,0.5253297061618847,1,1,,NA,NA,NA,NA,NA
cfa44,BSMBS_14d_I7 ~~ BSMBS_14d_I7,~~,0.6481464081723801,0.11791220518673604,5.496855962840479,3.866222342274739e-8,0.6481464081723801,0.36991448403960997,0.36991448403960997,1,1,,NA,NA,NA,NA,NA
cfa44,BSMBS_18d_I8 ~~ BSMBS_18d_I8,~~,0.7794617837031637,0.1612694802261533,4.8332876289431805,1.3429653333840719e-6,0.7794617837031637,0.499890646790139,0.499890646790139,1,1,,NA,NA,NA,NA,NA
cfa44,Upward ~~ Upward,~~,1.3558469621933495,0.1493202757448032,9.080126295176207,0,1.0000000000000002,1.0000000000000002,1.0000000000000002,1,1,,NA,NA,NA,NA,NA
cfa44,Downward ~~ Downward,~~,1.017212834921324,0.1431837674917546,7.1042468901364915,1.2096990076315706e-12,0.9999999999999998,0.9999999999999998,0.9999999999999998,1,1,,NA,NA,NA,NA,NA
cfa44,Upward ~~ Downward,~~,-0.7285615968179726,0.11250675856312962,-6.4757140470735655,9.43645162010398e-11,-0.6203760504199433,-0.6203760504199433,-0.6203760504199433,1,1,,NA,NA,NA,NA,NA
cfa44,BSMBS_4u_I1 ~1 ,~1,3.8518518518518516,0.0865829016991398,44.48744239637928,0,3.8518518518518516,2.8473956012831048,2.8473956012831048,1,1,,NA,NA,NA,NA,NA
cfa44,BSMBS_8u_I2 ~1 ,~1,3.6502057613168724,0.08799923344501978,41.47997224995659,0,3.6502057613168724,2.6694961579487697,2.6694961579487697,1,1,,NA,NA,NA,NA,NA
cfa44,BSMBS_9u_I3 ~1 ,~1,4.05761316872428,0.08682965843223717,46.73072820954244,0,4.05761316872428,2.9582068389925817,2.9582068389925817,1,1,,NA,NA,NA,NA,NA
cfa44,BSMBS_10u_I4 ~1 ,~1,3.9794238683127574,0.08581969995591121,46.36958495959711,0,3.9794238683127574,3.0042116407252966,3.0042116407252966,1,1,,NA,NA,NA,NA,NA
cfa44,BSMBS_11d_I5 ~1 ,~1,3.7777777777777777,0.09128013583578284,41.386636240048695,0,3.7777777777777777,2.6361762317481183,2.6361762317481183,1,1,,NA,NA,NA,NA,NA
cfa44,BSMBS_13d_I6 ~1 ,~1,3.271604938271605,0.08414345578749215,38.881276121272954,0,3.271604938271605,2.4135950140565283,2.4135950140565283,1,1,,NA,NA,NA,NA,NA
cfa44,BSMBS_14d_I7 ~1 ,~1,3.4403292181069958,0.0863104122593245,39.85995580429314,0,3.4403292181069958,2.5990468779459537,2.5990468779459537,1,1,,NA,NA,NA,NA,NA
cfa44,BSMBS_18d_I8 ~1 ,~1,3.2386831275720165,0.0812855001079716,39.843306903077064,0,3.2386831275720165,2.593633164084551,2.593633164084551,1,1,,NA,NA,NA,NA,NA
cfa44,Upward ~1 ,~1,0,0,NA,NA,0,0,0,1,1,,NA,NA,NA,NA,NA
cfa44,Downward ~1 ,~1,0,0,NA,NA,0,0,0,1,1,,NA,NA,NA,NA,NA
cfa44,Upward =~ BSMBS_4u_I1,=~,1,0,NA,NA,1.2030957497789803,0.8619084884649432,0.8619084884649432,2,2,,NA,NA,NA,NA,NA
cfa44,Upward =~ BSMBS_8u_I2,=~,0.8676858097562068,0.05308969007637176,16.343772369136158,0,1.0439091098612252,0.7768935286150364,0.7768935286150364,2,2,.p2.,NA,NA,NA,NA,NA
cfa44,Upward =~ BSMBS_9u_I3,=~,0.6614515521467113,0.06409534446821964,10.319806495067334,0,0.7957895510724179,0.6195425265444061,0.6195425265444061,2,2,.p3.,NA,NA,NA,NA,NA
cfa44,Upward =~ BSMBS_10u_I4,=~,0.8198572390357025,0.06381752331358907,12.846898413889482,0,0.9863667597093831,0.6582503894039098,0.6582503894039098,2,2,.p4.,NA,NA,NA,NA,NA
cfa44,Downward =~ BSMBS_11d_I5,=~,1,0,NA,NA,1.1506020422127883,0.7131830125463594,0.7131830125463594,2,2,,NA,NA,NA,NA,NA
cfa44,Downward =~ BSMBS_13d_I6,=~,0.9259479318101415,0.08344278468828738,11.096800463564994,0,1.0653975813234564,0.7770863398160731,0.7770863398160731,2,2,.p6.,NA,NA,NA,NA,NA
cfa44,Downward =~ BSMBS_14d_I7,=~,1.0417888946980856,0.07656404759066075,13.606763585277882,0,1.1986844297942207,0.8374006628941376,0.8374006628941376,2,2,.p7.,NA,NA,NA,NA,NA
cfa44,Downward =~ BSMBS_18d_I8,=~,0.8755611455725709,0.08643078162694273,10.13020048056161,0,1.0074224421779685,0.7541942562850911,0.7541942562850911,2,2,.p8.,NA,NA,NA,NA,NA
cfa44,BSMBS_4u_I1 ~~ BSMBS_4u_I1,~~,0.5009603857015471,0.12579707907216295,3.982289488726311,6.825457195591689e-5,0.5009603857015471,0.2571137575120769,0.2571137575120769,2,2,,NA,NA,NA,NA,NA
cfa44,BSMBS_8u_I2 ~~ BSMBS_8u_I2,~~,0.7157740357419686,0.12048929252362703,5.940561362343553,2.8404771867940326e-9,0.7157740357419686,0.39643644519607774,0.39643644519607774,2,2,,NA,NA,NA,NA,NA
cfa44,BSMBS_9u_I3 ~~ BSMBS_9u_I3,~~,1.016606063595738,0.145953823289867,6.965258193865463,3.2780445025082372e-12,1.016606063595738,0.616167057802974,0.616167057802974,2,2,,NA,NA,NA,NA,NA
cfa44,BSMBS_10u_I4 ~~ BSMBS_10u_I4,~~,1.2724852104163527,0.27666895781732065,4.599306045951678,4.239006462736228e-6,1.2724852104163527,0.5667064248496012,0.5667064248496012,2,2,,NA,NA,NA,NA,NA
cfa44,BSMBS_11d_I5 ~~ BSMBS_11d_I5,~~,1.278959906575177,0.22493616664022947,5.685879357145749,1.301412466681029e-8,1.278959906575177,0.4913699906152996,0.4913699906152996,2,2,,NA,NA,NA,NA,NA
cfa44,BSMBS_13d_I6 ~~ BSMBS_13d_I6,~~,0.7446120757495206,0.2300059073220255,3.23736065920693,0.0012064083860905406,0.7446120757495206,0.3961368204712584,0.3961368204712584,2,2,,NA,NA,NA,NA,NA
cfa44,BSMBS_14d_I7 ~~ BSMBS_14d_I7,~~,0.6121611539404977,0.13319031706497475,4.596138573961535,4.303925193793745e-6,0.6121611539404977,0.29876012978445904,0.29876012978445904,2,2,,NA,NA,NA,NA,NA
cfa44,BSMBS_18d_I8 ~~ BSMBS_18d_I8,~~,0.7693545257293132,0.11450378591615874,6.719031336593929,1.8293588865958554e-11,0.7693545257293132,0.43119102378657853,0.43119102378657853,2,2,,NA,NA,NA,NA,NA
cfa44,Upward ~~ Upward,~~,1.4474393831362464,0.19592529351640675,7.387710678688038,1.4943601911454607e-13,0.9999999999999998,0.9999999999999998,0.9999999999999998,2,2,,NA,NA,NA,NA,NA
cfa44,Downward ~~ Downward,~~,1.3238850595442389,0.21858942136245546,6.0564918983386224,1.3912213603362034e-9,0.9999999999999998,0.9999999999999998,0.9999999999999998,2,2,,NA,NA,NA,NA,NA
cfa44,Upward ~~ Downward,~~,-0.5881899166508066,0.16804934583618855,-3.500102387926957,4.6507948574348035e-4,-0.42490539178019443,-0.42490539178019443,-0.42490539178019443,2,2,,NA,NA,NA,NA,NA
cfa44,BSMBS_4u_I1 ~1 ,~1,3.843137254901961,0.11325032089410565,33.934890643669554,0,3.843137254901961,2.7532576878809394,2.7532576878809394,2,2,,NA,NA,NA,NA,NA
cfa44,BSMBS_8u_I2 ~1 ,~1,3.4444444444444446,0.10814530408146326,31.850152659886437,0,3.4444444444444446,2.56340956629705,2.56340956629705,2,2,,NA,NA,NA,NA,NA
cfa44,BSMBS_9u_I3 ~1 ,~1,4.084967320261438,0.10577244048353016,38.62033722193929,0,4.084967320261438,3.180251576607841,3.180251576607841,2,2,,NA,NA,NA,NA,NA
cfa44,BSMBS_10u_I4 ~1 ,~1,3.954248366013072,0.11885360578048994,33.26990662206876,0,3.954248366013072,2.6388617632398486,2.6388617632398486,2,2,,NA,NA,NA,NA,NA
cfa44,BSMBS_11d_I5 ~1 ,~1,3.8366013071895426,0.13184401993967274,29.099547396575428,0,3.8366013071895426,2.3780584231700117,2.3780584231700117,2,2,,NA,NA,NA,NA,NA
cfa44,BSMBS_13d_I6 ~1 ,~1,3.189542483660131,0.11498499974437407,27.738770193945992,0,3.189542483660131,2.3264084110613603,2.3264084110613603,2,2,,NA,NA,NA,NA,NA
cfa44,BSMBS_14d_I7 ~1 ,~1,3.477124183006536,0.11323799325496915,30.706338774278407,0,3.477124183006536,2.4291181427248305,2.4291181427248305,2,2,,NA,NA,NA,NA,NA
cfa44,BSMBS_18d_I8 ~1 ,~1,3.1176470588235294,0.10576980075132239,29.47577698622592,0,3.1176470588235294,2.3339876167593228,2.3339876167593228,2,2,,NA,NA,NA,NA,NA
cfa44,Upward ~1 ,~1,0,0,NA,NA,0,0,0,2,2,,NA,NA,NA,NA,NA
cfa44,Downward ~1 ,~1,0,0,NA,NA,0,0,0,2,2,,NA,NA,NA,NA,NA
cfa55,Upward =~ BSMBS_4u_I1,=~,1,0,NA,NA,1.16348525768257,0.860272950598776,0.860272950598776,1,1,,NA,NA,NA,NA,NA
cfa55,Upward =~ BSMBS_8u_I2,=~,0.8692257945499104,0.0541544730333373,16.050858698501564,0,1.0113313975562392,0.7381559197058398,0.7381559197058398,1,1,.p2.,NA,NA,NA,NA,NA
cfa55,Upward =~ BSMBS_9u_I3,=~,0.6612368963347097,0.06394652578329249,10.340466322995661,0,0.7693393807212126,0.5609390707041028,0.5609390707041028,1,1,.p3.,NA,NA,NA,NA,NA
cfa55,Upward =~ BSMBS_10u_I4,=~,0.820657583290319,0.06446439042870235,12.730401665675668,0,0.954822999763692,0.7208592399042052,0.7208592399042052,1,1,.p4.,NA,NA,NA,NA,NA
cfa55,Downward =~ BSMBS_11d_I5,=~,1,0,NA,NA,1.0080975312425586,0.703463679945081,0.703463679945081,1,1,,NA,NA,NA,NA,NA
cfa55,Downward =~ BSMBS_13d_I6,=~,0.9268995210211886,0.083967759011881,11.038755016553878,0,0.9344051188513702,0.6890806329727168,0.6890806329727168,1,1,.p6.,NA,NA,NA,NA,NA
cfa55,Downward =~ BSMBS_14d_I7,=~,1.041461469549658,0.07681903913533807,13.55733528135954,0,1.0498947363372575,0.7931994110021079,0.7931994110021079,1,1,.p7.,NA,NA,NA,NA,NA
cfa55,Downward =~ BSMBS_18d_I8,=~,0.8761817897749088,0.0866019871027071,10.117340480141479,0,0.8832766991917721,0.7068418860755281,0.7068418860755281,1,1,.p8.,NA,NA,NA,NA,NA
cfa55,BSMBS_4u_I1 ~~ BSMBS_4u_I1,~~,0.4754516880524715,0.09589168483441586,4.958216021268929,7.114343327785377e-7,0.4754516880524715,0.259930450468076,0.259930450468076,1,1,,NA,NA,NA,NA,NA
cfa55,BSMBS_8u_I2 ~~ BSMBS_8u_I2,~~,0.8543233151432696,0.12586258886752297,6.787746246364677,1.1389778009629481e-11,0.8543233151432696,0.45512583820322583,0.45512583820322583,1,1,,NA,NA,NA,NA,NA
cfa55,BSMBS_9u_I3 ~~ BSMBS_9u_I3,~~,1.2891851351250256,0.14595460987877235,8.832781206402476,0,1.2891851351250256,0.6853473589576177,0.6853473589576177,1,1,,NA,NA,NA,NA,NA
cfa55,BSMBS_10u_I4 ~~ BSMBS_10u_I4,~~,0.8427784248535457,0.11690900396549864,7.20884103248592,5.642153411145046e-13,0.8427784248535457,0.48036195624473155,0.48036195624473155,1,1,,NA,NA,NA,NA,NA
cfa55,BSMBS_11d_I5 ~~ BSMBS_11d_I5,~~,1.0373672074474962,0.1423512283245124,7.287377985124594,3.1596947280831955e-13,1.0373672074474962,0.5051388509981247,0.5051388509981247,1,1,,NA,NA,NA,NA,NA
cfa55,BSMBS_13d_I6 ~~ BSMBS_13d_I6,~~,0.965669438578941,0.13606793226099728,7.096965629834459,1.2752021660844548e-12,0.965669438578941,0.5251678812619198,0.5251678812619198,1,1,,NA,NA,NA,NA,NA
cfa55,BSMBS_14d_I7 ~~ BSMBS_14d_I7,~~,0.6496913873727985,0.11834270754594409,5.489914848539099,4.0212756013957573e-8,0.6496913873727985,0.37083469438590916,0.37083469438590916,1,1,,NA,NA,NA,NA,NA
cfa55,BSMBS_18d_I8 ~~ BSMBS_18d_I8,~~,0.7813474598853036,0.1615344644080369,4.837032535122758,1.3179186271194965e-6,0.7813474598853036,0.5003745480891901,0.5003745480891901,1,1,,NA,NA,NA,NA,NA
cfa55,Upward ~~ Upward,~~,1.3536979448446764,0.14995586536422545,9.027309078952669,0,1,1,1,1,1,,NA,NA,NA,NA,NA
cfa55,Downward ~~ Downward,~~,1.0162606324973416,0.14281585662170937,7.115880943032906,1.1119993814645568e-12,1,1,1,1,1,,NA,NA,NA,NA,NA
cfa55,Upward ~~ Downward,~~,-0.7280455478684392,0.11234977054455667,-6.480169423930461,9.161960079495657e-11,-0.6207191075527374,-0.6207191075527374,-0.6207191075527374,1,1,,NA,NA,NA,NA,NA
cfa55,BSMBS_4u_I1 ~1 ,~1,3.8719654175665483,0.08450363807533977,45.82010320211862,0,3.8719654175665483,2.8629044436892794,2.8629044436892794,1,1,.p20.,NA,NA,NA,NA,NA
cfa55,BSMBS_8u_I2 ~1 ,~1,3.585862125494347,0.0821308992378904,43.66032953210428,0,3.585862125494347,2.617268050392378,2.617268050392378,1,1,.p21.,NA,NA,NA,NA,NA
cfa55,BSMBS_9u_I3 ~1 ,~1,4.088116399912796,0.07350956031336478,55.61339752932157,0,4.088116399912796,2.980718616207523,2.980718616207523,1,1,.p22.,NA,NA,NA,NA,NA
cfa55,BSMBS_10u_I4 ~1 ,~1,3.9871448488406322,0.08028390610614825,49.663065017900166,0,3.9871448488406322,3.0101602138140264,3.0101602138140264,1,1,.p23.,NA,NA,NA,NA,NA
cfa55,BSMBS_11d_I5 ~1 ,~1,3.806277975861146,0.08500957867796097,44.77469521735127,0,3.806277975861146,2.6560706963470806,2.6560706963470806,1,1,.p24.,NA,NA,NA,NA,NA
cfa55,BSMBS_13d_I6 ~1 ,~1,3.245398296807068,0.07596183811022696,42.72406220736424,0,3.245398296807068,2.393331401439071,2.393331401439071,1,1,.p25.,NA,NA,NA,NA,NA
cfa55,BSMBS_14d_I7 ~1 ,~1,3.4656759411303852,0.08142332301822015,42.56367601645131,0,3.4656759411303852,2.6183311717697246,2.6183311717697246,1,1,.p26.,NA,NA,NA,NA,NA
cfa55,BSMBS_18d_I8 ~1 ,~1,3.2003781176711303,0.07457637177764609,42.91410323920355,0,3.2003781176711303,2.5611015290219523,2.5611015290219523,1,1,.p27.,NA,NA,NA,NA,NA
cfa55,Upward ~1 ,~1,0,0,NA,NA,0,0,0,1,1,,NA,NA,NA,NA,NA
cfa55,Downward ~1 ,~1,0,0,NA,NA,0,0,0,1,1,,NA,NA,NA,NA,NA
cfa55,Upward =~ BSMBS_4u_I1,=~,1,0,NA,NA,1.2017588523786842,0.8611841712892686,0.8611841712892686,2,2,,NA,NA,NA,NA,NA
cfa55,Upward =~ BSMBS_8u_I2,=~,0.8692257945499106,0.054154473033337265,16.050858698501578,0,1.0445997933162505,0.7746694112178651,0.7746694112178651,2,2,.p2.,NA,NA,NA,NA,NA
cfa55,Upward =~ BSMBS_9u_I3,=~,0.6612368963347098,0.06394652578329249,10.340466322995663,0,0.7946472936896438,0.6186830056587638,0.6186830056587638,2,2,.p3.,NA,NA,NA,NA,NA
cfa55,Upward =~ BSMBS_10u_I4,=~,0.8206575832903191,0.0644643904287023,12.730401665675679,0,0.9862325154908383,0.6583186923561922,0.6583186923561922,2,2,.p4.,NA,NA,NA,NA,NA
cfa55,Downward =~ BSMBS_11d_I5,=~,1,0,NA,NA,1.1500544435904025,0.7125989680915701,0.7125989680915701,2,2,,NA,NA,NA,NA,NA
cfa55,Downward =~ BSMBS_13d_I6,=~,0.9268995210211887,0.083967759011881,11.03875501655388,0,1.0659849129122339,0.7771755765259434,0.7771755765259434,2,2,.p6.,NA,NA,NA,NA,NA
cfa55,Downward =~ BSMBS_14d_I7,=~,1.0414614695496582,0.07681903913533807,13.557335281359544,0,1.1977373908837752,0.8365549576917006,0.8365549576917006,2,2,.p7.,NA,NA,NA,NA,NA
cfa55,Downward =~ BSMBS_18d_I8,=~,0.8761817897749089,0.08660198710270706,10.117340480141484,0,1.007656760723626,0.7532353637212071,0.7532353637212071,2,2,.p8.,NA,NA,NA,NA,NA
cfa55,BSMBS_4u_I1 ~~ BSMBS_4u_I1,~~,0.5031192364712562,0.1270125063287846,3.961178713920357,7.458068465493461e-5,0.5031192364712562,0.25836182312081546,0.25836182312081546,2,2,,NA,NA,NA,NA,NA
cfa55,BSMBS_8u_I2 ~~ BSMBS_8u_I2,~~,0.7271176236593089,0.12691188131368372,5.729310889830065,1.0083943680072593e-8,0.7271176236593089,0.3998873033233664,0.3998873033233664,2,2,,NA,NA,NA,NA,NA
cfa55,BSMBS_9u_I3 ~~ BSMBS_9u_I3,~~,1.0182640521840236,0.14595533520898624,6.976545603667188,3.0253577421035516e-12,1.0182640521840236,0.617231338509038,0.617231338509038,2,2,,NA,NA,NA,NA,NA
cfa55,BSMBS_10u_I4 ~~ BSMBS_10u_I4,~~,1.2716730775208787,0.278028851923005,4.5738888921968615,4.787537904338279e-6,1.2716730775208787,0.5666164992944333,0.5666164992944333,2,2,,NA,NA,NA,NA,NA
cfa55,BSMBS_11d_I5 ~~ BSMBS_11d_I5,~~,1.2820070799155334,0.22771459298361515,5.629885476895098,1.8032931814460085e-8,1.2820070799155334,0.4922027106748297,0.4922027106748297,2,2,,NA,NA,NA,NA,NA
cfa55,BSMBS_13d_I6 ~~ BSMBS_13d_I6,~~,0.7450011717063224,0.23234971647188962,3.2063786563580976,0.0013441698254055279,0.7450011717063224,0.39599812325156764,0.39599812325156764,2,2,,NA,NA,NA,NA,NA
cfa55,BSMBS_14d_I7 ~~ BSMBS_14d_I7,~~,0.6153326237888953,0.135192367674713,4.551533746856554,5.325625334728912e-6,0.6153326237888953,0.30017580276143707,0.30017580276143707,2,2,,NA,NA,NA,NA,NA
cfa55,BSMBS_18d_I8 ~~ BSMBS_18d_I8,~~,0.7742602908197704,0.11641921697140241,6.6506227318979665,2.9185542871346115e-11,0.7742602908197704,0.43263648683978095,0.43263648683978095,2,2,,NA,NA,NA,NA,NA
cfa55,Upward ~~ Upward,~~,1.444224339270532,0.19691526693617228,7.3342425995779195,2.2293278334473143e-13,1,1,1,2,2,,NA,NA,NA,NA,NA
cfa55,Downward ~~ Downward,~~,1.3226252232220301,0.22019885555208382,6.0065036210380685,1.8956674008308028e-9,0.9999999999999998,0.9999999999999998,0.9999999999999998,2,2,,NA,NA,NA,NA,NA
cfa55,Upward ~~ Downward,~~,-0.5880030923186946,0.16820642575047143,-3.495723125292356,4.7277899381370503e-4,-0.42544544648532745,-0.42544544648532745,-0.42544544648532745,2,2,,NA,NA,NA,NA,NA
cfa55,BSMBS_4u_I1 ~1 ,~1,3.8719654175665483,0.0845036380753398,45.8201032021186,0,3.8719654175665483,2.7746625895766934,2.7746625895766934,2,2,.p20.,NA,NA,NA,NA,NA
cfa55,BSMBS_8u_I2 ~1 ,~1,3.5858621254943475,0.08213089923789045,43.66032953210426,0,3.5858621254943475,2.6592554576776157,2.6592554576776157,2,2,.p21.,NA,NA,NA,NA,NA
cfa55,BSMBS_9u_I3 ~1 ,~1,4.088116399912796,0.0735095603133648,55.61339752932156,0,4.088116399912796,3.182856295951537,3.182856295951537,2,2,.p22.,NA,NA,NA,NA,NA
cfa55,BSMBS_10u_I4 ~1 ,~1,3.9871448488406322,0.08028390610614823,49.66306501790017,0,3.9871448488406322,2.66145350299787,2.66145350299787,2,2,.p23.,NA,NA,NA,NA,NA
cfa55,BSMBS_11d_I5 ~1 ,~1,3.806277975861146,0.08500957867796101,44.77469521735125,0,3.806277975861146,2.358453352347847,2.358453352347847,2,2,.p24.,NA,NA,NA,NA,NA
cfa55,BSMBS_13d_I6 ~1 ,~1,3.2453982968070685,0.07596183811022694,42.724062207364256,0,3.2453982968070685,2.366116313491402,2.366116313491402,2,2,.p25.,NA,NA,NA,NA,NA
cfa55,BSMBS_14d_I7 ~1 ,~1,3.4656759411303852,0.08142332301822011,42.56367601645133,0,3.4656759411303852,2.420587695075812,2.420587695075812,2,2,.p26.,NA,NA,NA,NA,NA
cfa55,BSMBS_18d_I8 ~1 ,~1,3.2003781176711303,0.07457637177764614,42.91410323920352,0,3.2003781176711303,2.392320549487765,2.392320549487765,2,2,.p27.,NA,NA,NA,NA,NA
cfa55,Upward ~1 ,~1,-0.06263101364782454,0.13422174515391386,-0.46662344895012897,0.640769307280034,-0.05211612423229231,-0.05211612423229231,-0.05211612423229231,2,2,,NA,NA,NA,NA,NA
cfa55,Downward ~1 ,~1,-0.025617578350795152,0.12410892110213008,-0.2064120622699981,0.8364690493781515,-0.02227510053421347,-0.02227510053421347,-0.02227510053421347,2,2,,NA,NA,NA,NA,NA
cfa66,Upward =~ BSMBS_4u_I1,=~,1,0,NA,NA,1.1625404321232247,0.8574286874417203,0.8574286874417203,1,1,,NA,NA,NA,NA,NA
cfa66,Upward =~ BSMBS_8u_I2,=~,0.8693084358159382,0.05441894371018241,15.974371726977871,0,1.0106062046218254,0.7475502595102156,0.7475502595102156,1,1,.p2.,NA,NA,NA,NA,NA
cfa66,Upward =~ BSMBS_9u_I3,=~,0.6585019232272734,0.06542560760915181,10.064895799839105,0,0.7655351103826089,0.5755089505168853,0.5755089505168853,1,1,.p3.,NA,NA,NA,NA,NA
cfa66,Upward =~ BSMBS_10u_I4,=~,0.8161425748613511,0.0687439032862,11.872217547256843,0,0.9487987416534763,0.6868321011634752,0.6868321011634752,1,1,.p4.,NA,NA,NA,NA,NA
cfa66,Downward =~ BSMBS_11d_I5,=~,1,0,NA,NA,1.0138389052166028,0.6905559224937221,0.6905559224937221,1,1,,NA,NA,NA,NA,NA
cfa66,Downward =~ BSMBS_13d_I6,=~,0.9133966604328749,0.07588580086025273,12.036463344637264,0,0.9260370702417671,0.7014871667966283,0.7014871667966283,1,1,.p6.,NA,NA,NA,NA,NA
cfa66,Downward =~ BSMBS_14d_I7,=~,1.038258155537651,0.07502316988759351,13.839166714673123,0,1.0526265117425015,0.7968949406367961,0.7968949406367961,1,1,.p7.,NA,NA,NA,NA,NA
cfa66,Downward =~ BSMBS_18d_I8,=~,0.8716736721003797,0.08498772458762642,10.256465581704594,0,0.883736681428385,0.707013694207559,0.707013694207559,1,1,.p8.,NA,NA,NA,NA,NA
cfa66,BSMBS_4u_I1 ~~ BSMBS_4u_I1,~~,0.48681551333026524,0.08642680062375974,5.632691593542964,1.7741856872532935e-8,0.48681551333026524,0.26481604595196856,0.26481604595196856,1,1,.p9.,NA,NA,NA,NA,NA
cfa66,BSMBS_8u_I2 ~~ BSMBS_8u_I2,~~,0.8062834228956769,0.09643517133759846,8.360885470644883,0,0.8062834228956769,0.4411686095062093,0.4411686095062093,1,1,.p10.,NA,NA,NA,NA,NA
cfa66,BSMBS_9u_I3 ~~ BSMBS_9u_I3,~~,1.1833561587108756,0.10902406975474428,10.854081684649099,0,1.1833561587108756,0.6687894478749533,0.6687894478749533,1,1,.p11.,NA,NA,NA,NA,NA
cfa66,BSMBS_10u_I4 ~~ BSMBS_10u_I4,~~,1.0080826163947298,0.13936554291758066,7.2333705684402885,4.711786516509164e-13,1.0080826163947298,0.5282616648113657,0.5282616648113657,1,1,.p12.,NA,NA,NA,NA,NA
cfa66,BSMBS_11d_I5 ~~ BSMBS_11d_I5,~~,1.1275918124944269,0.13130505581985893,8.587573459786663,0,1.1275918124944269,0.5231325179088445,0.5231325179088445,1,1,.p13.,NA,NA,NA,NA,NA
cfa66,BSMBS_13d_I6 ~~ BSMBS_13d_I6,~~,0.8851338876148404,0.1287551262457766,6.874552597814523,6.218581205530427e-12,0.8851338876148404,0.5079157548196395,0.5079157548196395,1,1,.p14.,NA,NA,NA,NA,NA
cfa66,BSMBS_14d_I7 ~~ BSMBS_14d_I7,~~,0.6367807069442747,0.09722430067154778,6.549604394641077,5.768963085017731e-11,0.6367807069442747,0.36495845358747736,0.36495845358747736,1,1,.p15.,NA,NA,NA,NA,NA
cfa66,BSMBS_18d_I8 ~~ BSMBS_18d_I8,~~,0.7814018569027302,0.11459304734764075,6.818929027449568,9.172218540243193e-12,0.7814018569027302,0.5001316362029804,0.5001316362029804,1,1,.p16.,NA,NA,NA,NA,NA
cfa66,Upward ~~ Upward,~~,1.3515002563212541,0.14948657272608942,9.04094750233966,0,1.0000000000000002,1.0000000000000002,1.0000000000000002,1,1,,NA,NA,NA,NA,NA
cfa66,Downward ~~ Downward,~~,1.0278693257307996,0.14331466629596698,7.172115403793288,7.385203559806541e-13,0.9999999999999998,0.9999999999999998,0.9999999999999998,1,1,,NA,NA,NA,NA,NA
cfa66,Upward ~~ Downward,~~,-0.7284235263970333,0.11305668888098418,-6.442993630954923,1.1713963132820027e-10,-0.6180262831464205,-0.6180262831464205,-0.6180262831464205,1,1,,NA,NA,NA,NA,NA
cfa66,BSMBS_4u_I1 ~1 ,~1,3.8720309987470047,0.08468621561042909,45.72209267868341,0,3.8720309987470047,2.8558064435881847,2.8558064435881847,1,1,.p20.,NA,NA,NA,NA,NA
cfa66,BSMBS_8u_I2 ~1 ,~1,3.591175821098121,0.08198793299802364,43.801272818826746,0,3.591175821098121,2.656409989104805,2.656409989104805,1,1,.p21.,NA,NA,NA,NA,NA
cfa66,BSMBS_9u_I3 ~1 ,~1,4.083687167559491,0.07381169261253454,55.325748848442046,0,4.083687167559491,3.070007481259511,3.070007481259511,1,1,.p22.,NA,NA,NA,NA,NA
cfa66,BSMBS_10u_I4 ~1 ,~1,3.9889139673503085,0.08067118728522206,49.44657568069569,0,3.9889139673503085,2.887560913899435,2.887560913899435,1,1,.p23.,NA,NA,NA,NA,NA
cfa66,BSMBS_11d_I5 ~1 ,~1,3.8097489154163235,0.08508281816435291,44.77694789160723,0,3.8097489154163235,2.5949336361211217,2.5949336361211217,1,1,.p24.,NA,NA,NA,NA,NA
cfa66,BSMBS_13d_I6 ~1 ,~1,3.2483424493256536,0.07638514012922408,42.52584264204125,0,3.2483424493256536,2.460668816387409,2.460668816387409,1,1,.p25.,NA,NA,NA,NA,NA
cfa66,BSMBS_14d_I7 ~1 ,~1,3.4641430912988453,0.08151539446528018,42.496796022674296,0,3.4641430912988453,2.622542822456728,2.622542822456728,1,1,.p26.,NA,NA,NA,NA,NA
cfa66,BSMBS_18d_I8 ~1 ,~1,3.199977144274763,0.07484961107891361,42.75208779509945,0,3.199977144274763,2.560069882463959,2.560069882463959,1,1,.p27.,NA,NA,NA,NA,NA
cfa66,Upward ~1 ,~1,0,0,NA,NA,0,0,0,1,1,,NA,NA,NA,NA,NA
cfa66,Downward ~1 ,~1,0,0,NA,NA,0,0,0,1,1,,NA,NA,NA,NA,NA
cfa66,Upward =~ BSMBS_4u_I1,=~,1,0,NA,NA,1.2028478727963758,0.8650093745370006,0.8650093745370006,2,2,,NA,NA,NA,NA,NA
cfa66,Upward =~ BSMBS_8u_I2,=~,0.8693084358159383,0.05441894371018245,15.974371726977862,0,1.0456458028251463,0.7586593650103978,0.7586593650103978,2,2,.p2.,NA,NA,NA,NA,NA
cfa66,Upward =~ BSMBS_9u_I3,=~,0.6585019232272735,0.06542560760915175,10.064895799839116,0,0.7920776375862484,0.5886258459505014,0.5886258459505014,2,2,.p3.,NA,NA,NA,NA,NA
cfa66,Upward =~ BSMBS_10u_I4,=~,0.8161425748613512,0.06874390328619996,11.872217547256852,0,0.9816953600705333,0.6991081781589793,0.6991081781589793,2,2,.p4.,NA,NA,NA,NA,NA
cfa66,Downward =~ BSMBS_11d_I5,=~,1,0,NA,NA,1.1515494422667913,0.7351493557263221,0.7351493557263221,2,2,,NA,NA,NA,NA,NA
cfa66,Downward =~ BSMBS_13d_I6,=~,0.9133966604328752,0.07588580086025273,12.036463344637266,0,1.0518214148898273,0.7453426575798974,0.7453426575798974,2,2,.p6.,NA,NA,NA,NA,NA
cfa66,Downward =~ BSMBS_14d_I7,=~,1.0382581555376513,0.07502316988759346,13.839166714673137,0,1.19560559993833,0.8317563858194689,0.8317563858194689,2,2,.p7.,NA,NA,NA,NA,NA
cfa66,Downward =~ BSMBS_18d_I8,=~,0.8716736721003799,0.08498772458762635,10.256465581704607,0,1.0037753309458384,0.7504735339167362,0.7504735339167362,2,2,.p8.,NA,NA,NA,NA,NA
cfa66,BSMBS_4u_I1 ~~ BSMBS_4u_I1,~~,0.4868155133302653,0.08642680062375971,5.632691593542966,1.7741856872532935e-8,0.4868155133302653,0.25175878196310714,0.25175878196310714,2,2,.p9.,NA,NA,NA,NA,NA
cfa66,BSMBS_8u_I2 ~~ BSMBS_8u_I2,~~,0.806283422895677,0.09643517133759844,8.360885470644886,0,0.806283422895677,0.42443596788202004,0.42443596788202004,2,2,.p10.,NA,NA,NA,NA,NA
cfa66,BSMBS_9u_I3 ~~ BSMBS_9u_I3,~~,1.1833561587108758,0.10902406975474423,10.854081684649106,0,1.1833561587108758,0.6535196134790566,0.6535196134790566,2,2,.p11.,NA,NA,NA,NA,NA
cfa66,BSMBS_10u_I4 ~~ BSMBS_10u_I4,~~,1.0080826163947298,0.13936554291758058,7.233370568440293,4.711786516509164e-13,1.0080826163947298,0.5112477552312329,0.5112477552312329,2,2,.p12.,NA,NA,NA,NA,NA
cfa66,BSMBS_11d_I5 ~~ BSMBS_11d_I5,~~,1.127591812494427,0.13130505581985893,8.587573459786665,0,1.127591812494427,0.4595554247751735,0.4595554247751735,2,2,.p13.,NA,NA,NA,NA,NA
cfa66,BSMBS_13d_I6 ~~ BSMBS_13d_I6,~~,0.8851338876148406,0.1287551262457766,6.8745525978145245,6.218581205530427e-12,0.8851338876148406,0.444464322791736,0.444464322791736,2,2,.p14.,NA,NA,NA,NA,NA
cfa66,BSMBS_14d_I7 ~~ BSMBS_14d_I7,~~,0.6367807069442748,0.09722430067154784,6.549604394641073,5.768963085017731e-11,0.6367807069442748,0.30818131464853465,0.30818131464853465,2,2,.p15.,NA,NA,NA,NA,NA
cfa66,BSMBS_18d_I8 ~~ BSMBS_18d_I8,~~,0.7814018569027303,0.11459304734764078,6.818929027449567,9.172218540243193e-12,0.7814018569027303,0.43678947489052533,0.43678947489052533,2,2,.p16.,NA,NA,NA,NA,NA
cfa66,Upward ~~ Upward,~~,1.4468430050907666,0.19270872027453304,7.507927005221106,6.017408793468348e-14,1.0000000000000002,1.0000000000000002,1.0000000000000002,2,2,,NA,NA,NA,NA,NA
cfa66,Downward ~~ Downward,~~,1.3260661179849582,0.21767040097463525,6.0920828557644935,1.1145095957232343e-9,1,1,1,2,2,,NA,NA,NA,NA,NA
cfa66,Upward ~~ Downward,~~,-0.6008764006048596,0.16909083911038586,-3.5535715817969034,3.800377567917401e-4,-0.4338023033391134,-0.4338023033391134,-0.4338023033391134,2,2,,NA,NA,NA,NA,NA
cfa66,BSMBS_4u_I1 ~1 ,~1,3.8720309987470056,0.08468621561042906,45.72209267868344,0,3.8720309987470056,2.784510982779132,2.784510982779132,2,2,.p20.,NA,NA,NA,NA,NA
cfa66,BSMBS_8u_I2 ~1 ,~1,3.59117582109812,0.08198793299802365,43.801272818826725,0,3.59117582109812,2.6055468885486293,2.6055468885486293,2,2,.p21.,NA,NA,NA,NA,NA
cfa66,BSMBS_9u_I3 ~1 ,~1,4.083687167559491,0.07381169261253456,55.325748848442025,0,4.083687167559491,3.034757831223545,3.034757831223545,2,2,.p22.,NA,NA,NA,NA,NA
cfa66,BSMBS_10u_I4 ~1 ,~1,3.98891396735031,0.08067118728522209,49.44657568069569,0,3.98891396735031,2.840680001122567,2.840680001122567,2,2,.p23.,NA,NA,NA,NA,NA
cfa66,BSMBS_11d_I5 ~1 ,~1,3.8097489154163244,0.0850828181643529,44.77694789160725,0,3.8097489154163244,2.4321443420911235,2.4321443420911235,2,2,.p24.,NA,NA,NA,NA,NA
cfa66,BSMBS_13d_I6 ~1 ,~1,3.2483424493256554,0.076385140129224,42.52584264204132,0,3.2483424493256554,2.301843411472638,2.301843411472638,2,2,.p25.,NA,NA,NA,NA,NA
cfa66,BSMBS_14d_I7 ~1 ,~1,3.464143091298846,0.08151539446528017,42.49679602267431,0,3.464143091298846,2.40992777026875,2.40992777026875,2,2,.p26.,NA,NA,NA,NA,NA
cfa66,BSMBS_18d_I8 ~1 ,~1,3.1999771442747633,0.07484961107891358,42.75208779509947,0,3.1999771442747633,2.392465805723459,2.392465805723459,2,2,.p27.,NA,NA,NA,NA,NA
cfa66,Upward ~1 ,~1,-0.06094247786847351,0.13393375393685655,-0.4550195606195359,0.6490951665118418,-0.050665158285390394,-0.050665158285390394,-0.050665158285390394,2,2,,NA,NA,NA,NA,NA
cfa66,Downward ~1 ,~1,-0.02392623847016846,0.12418054654382137,-0.19267300020881503,0.8472150699391374,-0.020777430470610415,-0.020777430470610415,-0.020777430470610415,2,2,,NA,NA,NA,NA,NA
cfa77,Upward =~ BSMBS_4u_I1,=~,1,0,NA,NA,1.1617723860018465,0.8701540104703525,0.8701540104703525,1,1,NA,NA,NA,NA,NA,NA
cfa77,Upward =~ BSMBS_8u_I2,=~,0.8386612737495135,0.061638169112994086,13.60620027846858,0,0.9743335090513201,0.7469670316525732,0.7469670316525732,1,1,NA,NA,NA,NA,NA,NA
cfa77,Upward =~ BSMBS_9u_I3,=~,0.6104967548916495,0.08482774635261861,7.196899377167098,6.159517340620368e-13,0.7092582715768561,0.5665213595149374,0.5665213595149374,1,1,NA,NA,NA,NA,NA,NA
cfa77,Upward =~ BSMBS_10u_I4,=~,0.8453984913103137,0.08512692064588029,9.93103573929438,0,0.9821606223719445,0.7317651374769368,0.7317651374769368,1,1,NA,NA,NA,NA,NA,NA
cfa77,Downward =~ BSMBS_11d_I5,=~,1,0,NA,NA,1.178470177913801,0.7841729715289496,0.7841729715289496,1,1,NA,NA,NA,NA,NA,NA
cfa77,Downward =~ BSMBS_13d_I6,=~,0.8180195712062298,0.08782723096486734,9.313962904437396,0,0.9640116696163767,0.7234971383646711,0.7234971383646711,1,1,NA,NA,NA,NA,NA,NA
cfa77,Downward =~ BSMBS_14d_I7,=~,0.9960515665698215,0.07283387277726823,13.675663926533556,0,1.1738170668668577,0.8402088610856031,0.8402088610856031,1,1,NA,NA,NA,NA,NA,NA
cfa77,Downward =~ BSMBS_18d_I8,=~,0.8024995473879056,0.09373323115452536,8.561526552572722,0,0.9457217843859699,0.728829981770981,0.728829981770981,1,1,NA,NA,NA,NA,NA,NA
cfa77,BSMBS_4u_I1 ~~ BSMBS_4u_I1,~~,0.4328682777059433,0.09696431802880011,4.464201744577565,8.036781282472205e-6,0.4328682777059433,0.24283199806236158,0.24283199806236158,1,1,NA,NA,NA,NA,NA,NA
cfa77,BSMBS_8u_I2 ~~ BSMBS_8u_I2,~~,0.752097645612177,0.11147960565046319,6.74650436036102,1.514499636812161e-11,0.752097645612177,0.4420402536241439,0.4420402536241439,1,1,NA,NA,NA,NA,NA,NA
cfa77,BSMBS_9u_I3 ~~ BSMBS_9u_I3,~~,1.0643397077550756,0.1284500629510748,8.286019354933837,2.220446049250313e-16,1.0643397077550756,0.679053549213347,0.679053549213347,1,1,NA,NA,NA,NA,NA,NA
cfa77,BSMBS_10u_I4 ~~ BSMBS_10u_I4,~~,0.836807994973964,0.16868540944599852,4.960760967544454,7.021755550340458e-7,0.836807994973964,0.46451978357335955,0.46451978357335955,1,1,NA,NA,NA,NA,NA,NA
cfa77,BSMBS_11d_I5 ~~ BSMBS_11d_I5,~~,0.8696735116851649,0.14029780416696386,6.198767805732688,5.690690141335608e-10,0.8696735116851649,0.3850727507234572,0.3850727507234572,1,1,NA,NA,NA,NA,NA,NA
cfa77,BSMBS_13d_I6 ~~ BSMBS_13d_I6,~~,0.8460599629760783,0.15465622342810337,5.470584656875415,4.485533811049436e-8,0.8460599629760783,0.47655189077813204,0.47655189077813204,1,1,NA,NA,NA,NA,NA,NA
cfa77,BSMBS_14d_I7 ~~ BSMBS_14d_I7,~~,0.5739130952742145,0.10611574954963256,5.408368670154691,6.360139903627271e-8,0.5739130952742145,0.29404906975323375,0.29404906975323375,1,1,NA,NA,NA,NA,NA,NA
cfa77,BSMBS_18d_I8 ~~ BSMBS_18d_I8,~~,0.7893475805959059,0.15192527698569608,5.1956303536654,2.0402731082391767e-7,0.7893475805959059,0.4688068576717115,0.4688068576717115,1,1,NA,NA,NA,NA,NA,NA
cfa77,Upward ~~ Upward,~~,1.3497150768764234,0.16998940055814718,7.939995508218379,1.9984014443252818e-15,1,1,1,1,1,NA,NA,NA,NA,NA,NA
cfa77,Downward ~~ Downward,~~,1.3887919602321854,0.1925419555310836,7.212931625221712,5.475619957451272e-13,0.9999999999999998,0.9999999999999998,0.9999999999999998,1,1,NA,NA,NA,NA,NA,NA
cfa77,Upward ~~ Downward,~~,-0.8342130266388019,0.15010230777846711,-5.557629586015424,2.7346294784180714e-8,-0.6093086180951458,-0.6093086180951458,-0.6093086180951458,1,1,NA,NA,NA,NA,NA,NA
cfa77,BSMBS_4u_I1 ~1 ,~1,4.065573770491803,0.0854732564354334,47.56544842260623,0,4.065573770491803,3.0450674881601913,3.0450674881601913,1,1,NA,NA,NA,NA,NA,NA
cfa77,BSMBS_8u_I2 ~1 ,~1,3.7704918032786887,0.08350479390301802,45.152998133948046,0,3.7704918032786887,2.8906252776913295,2.8906252776913295,1,1,NA,NA,NA,NA,NA,NA
cfa77,BSMBS_9u_I3 ~1 ,~1,4.336065573770492,0.08014811592174376,54.10065506722836,0,4.336065573770492,3.463440416897824,3.463440416897824,1,1,NA,NA,NA,NA,NA,NA
cfa77,BSMBS_10u_I4 ~1 ,~1,4.118852459016393,0.08592428670047286,47.935835340414016,0,4.118852459016393,3.068777720532493,3.068777720532493,1,1,NA,NA,NA,NA,NA,NA
cfa77,BSMBS_11d_I5 ~1 ,~1,3.680327868852459,0.09620813897684521,38.25380999977786,0,3.680327868852459,2.4489492353789,2.4489492353789,1,1,NA,NA,NA,NA,NA,NA
cfa77,BSMBS_13d_I6 ~1 ,~1,3.0860655737704916,0.08530032771200079,36.17882435563395,0,3.0860655737704916,2.316112638260066,2.316112638260066,1,1,NA,NA,NA,NA,NA,NA
cfa77,BSMBS_14d_I7 ~1 ,~1,3.3934426229508197,0.08943722678787756,37.942171787137426,0,3.3934426229508197,2.4289990679716813,2.4289990679716813,1,1,NA,NA,NA,NA,NA,NA
cfa77,BSMBS_18d_I8 ~1 ,~1,3.0942622950819674,0.08306963230178514,37.24901879715522,0,3.0942622950819674,2.3846242831166835,2.3846242831166835,1,1,NA,NA,NA,NA,NA,NA
cfa77,Upward ~1 ,~1,0,0,NA,NA,0,0,0,1,1,NA,NA,NA,NA,NA,NA
cfa77,Downward ~1 ,~1,0,0,NA,NA,0,0,0,1,1,NA,NA,NA,NA,NA,NA
cfa77,Upward =~ BSMBS_4u_I1,=~,1,0,NA,NA,1.1384254755415355,0.8410091170590167,0.8410091170590167,2,2,NA,NA,NA,NA,NA,NA
cfa77,Upward =~ BSMBS_8u_I2,=~,0.8918452235140863,0.11380577615322802,7.836554994478544,4.6629367034256575e-15,1.0152993226884708,0.7335167092694331,0.7335167092694331,2,2,NA,NA,NA,NA,NA,NA
cfa77,Upward =~ BSMBS_9u_I3,=~,0.6170163261846632,0.1087088776096031,5.675859596310994,1.379939296164423e-8,0.7024271045536664,0.5241034223347033,0.5241034223347033,2,2,NA,NA,NA,NA,NA,NA
cfa77,Upward =~ BSMBS_10u_I4,=~,0.770226478709931,0.1255396109058343,6.135326317744193,8.498457493288925e-10,0.8768454453000356,0.6076643808317561,0.6076643808317561,2,2,NA,NA,NA,NA,NA,NA
cfa77,Downward =~ BSMBS_11d_I5,=~,1,0,NA,NA,0.865189884146863,0.582480943247327,0.582480943247327,2,2,NA,NA,NA,NA,NA,NA
cfa77,Downward =~ BSMBS_13d_I6,=~,1.0992863151410472,0.1551451529966877,7.085534378018993,1.3851142455223453e-12,0.9510913996411147,0.6997481036634325,0.6997481036634325,2,2,NA,NA,NA,NA,NA,NA
cfa77,Downward =~ BSMBS_14d_I7,=~,1.149405386991321,0.2130225306711261,5.395698677365849,6.825741549754127e-8,0.9944539136088013,0.7628362125682944,0.7628362125682944,2,2,NA,NA,NA,NA,NA,NA
cfa77,Downward =~ BSMBS_18d_I8,=~,1.0393890707958378,0.20234838127626348,5.136631507700445,2.7970664118193156e-7,0.8992689097453664,0.7167821710495843,0.7167821710495843,2,2,NA,NA,NA,NA,NA,NA
cfa77,BSMBS_4u_I1 ~~ BSMBS_4u_I1,~~,0.5363347842391428,0.16335771345007422,3.283192283436673,0.0010263863109116755,0.5363347842391428,0.2927036650236133,0.2927036650236133,2,2,NA,NA,NA,NA,NA,NA
cfa77,BSMBS_8u_I2 ~~ BSMBS_8u_I2,~~,0.8850466957742826,0.18082967752532922,4.89436638878213,9.862295251572561e-7,0.8850466957742826,0.4619532372225419,0.4619532372225419,2,2,NA,NA,NA,NA,NA,NA
cfa77,BSMBS_9u_I3 ~~ BSMBS_9u_I3,~~,1.3028534022101976,0.18431686422047966,7.068552341752763,1.5656365093263958e-12,1.3028534022101976,0.7253156026970516,0.7253156026970516,2,2,NA,NA,NA,NA,NA,NA
cfa77,BSMBS_10u_I4 ~~ BSMBS_10u_I4,~~,1.3133233579866601,0.24570635318319878,5.345093201588669,9.037054105043296e-8,1.3133233579866601,0.6307440002683585,0.6307440002683585,2,2,NA,NA,NA,NA,NA,NA
cfa77,BSMBS_11d_I5 ~~ BSMBS_11d_I5,~~,1.4577203440083712,0.24187629063803748,6.026718617864938,1.6732193408586227e-9,1.4577203440083712,0.6607159507537043,0.6607159507537043,2,2,NA,NA,NA,NA,NA,NA
cfa77,BSMBS_13d_I6 ~~ BSMBS_13d_I6,~~,0.9428256148830515,0.20997866652659108,4.490101925490868,7.1189100354640544e-6,0.9428256148830515,0.5103525914194301,0.5103525914194301,2,2,NA,NA,NA,NA,NA,NA
cfa77,BSMBS_14d_I7 ~~ BSMBS_14d_I7,~~,0.710504872490163,0.18548171605578986,3.8305925112125596,1.2783505888602775e-4,0.710504872490163,0.4180809127944601,0.4180809127944601,2,2,NA,NA,NA,NA,NA,NA
cfa77,BSMBS_18d_I8 ~~ BSMBS_18d_I8,~~,0.7653155769764824,0.17680359462916798,4.328620006746318,1.5004656531036886e-5,0.7653155769764824,0.4862233192654445,0.4862233192654445,2,2,NA,NA,NA,NA,NA,NA
cfa77,Upward ~~ Upward,~~,1.2960125633619712,0.2033960150067948,6.37186801972829,1.8673951274195133e-10,1,1,1,2,2,NA,NA,NA,NA,NA,NA
cfa77,Downward ~~ Downward,~~,0.7485535356300622,0.22520660651245286,3.32385247139129,8.878314943199239e-4,0.9999999999999999,0.9999999999999999,0.9999999999999999,2,2,NA,NA,NA,NA,NA,NA
cfa77,Upward ~~ Downward,~~,-0.3584133774447005,0.10956972916695042,-3.271098506582865,0.0010713058702938039,-0.36388836711231265,-0.36388836711231265,-0.36388836711231265,2,2,NA,NA,NA,NA,NA,NA
cfa77,BSMBS_4u_I1 ~1 ,~1,3.4545454545454546,0.10907966432092006,31.669931109999922,0,3.4545454545454546,2.5520372523159613,2.5520372523159613,2,2,NA,NA,NA,NA,NA,NA
cfa77,BSMBS_8u_I2 ~1 ,~1,3.227272727272727,0.11153822867309394,28.93422968667991,0,3.227272727272727,2.3315867724167063,2.3315867724167063,2,2,NA,NA,NA,NA,NA,NA
cfa77,BSMBS_9u_I3 ~1 ,~1,3.6103896103896105,0.10799999072849621,33.429536299367435,0,3.6103896103896105,2.6938276420429372,2.6938276420429372,2,2,NA,NA,NA,NA,NA,NA
cfa77,BSMBS_10u_I4 ~1 ,~1,3.6948051948051948,0.11627834957545347,31.77552148181826,0,3.6948051948051948,2.5605441905751136,2.5605441905751136,2,2,NA,NA,NA,NA,NA,NA
cfa77,BSMBS_11d_I5 ~1 ,~1,4.038961038961039,0.11969317496785843,33.74428859494815,0,4.038961038961039,2.7191924903665208,2.7191924903665208,2,2,NA,NA,NA,NA,NA,NA
cfa77,BSMBS_13d_I6 ~1 ,~1,3.5,0.10952680383024822,31.95564809345234,0,3.5,2.575060991768158,2.575060991768158,2,2,NA,NA,NA,NA,NA,NA
cfa77,BSMBS_14d_I7 ~1 ,~1,3.5714285714285716,0.10504925910100119,33.997655975800534,0,3.5714285714285716,2.739609153932595,2.739609153932595,2,2,NA,NA,NA,NA,NA,NA
cfa77,BSMBS_18d_I8 ~1 ,~1,3.383116883116883,0.10109789116112379,33.46377302494938,0,3.383116883116883,2.696588126327712,2.696588126327712,2,2,NA,NA,NA,NA,NA,NA
cfa77,Upward ~1 ,~1,0,0,NA,NA,0,0,0,2,2,NA,NA,NA,NA,NA,NA
cfa77,Downward ~1 ,~1,0,0,NA,NA,0,0,0,2,2,NA,NA,NA,NA,NA,NA
cfa88,Upward =~ BSMBS_4u_I1,=~,1,0,NA,NA,1.1613525263943427,0.8698384179744443,0.8698384179744443,1,1,,NA,NA,NA,NA,NA
cfa88,Upward =~ BSMBS_8u_I2,=~,0.8557774777092665,0.05439662874115166,15.732178583741186,0,0.993859335769035,0.7552557193756626,0.7552557193756626,1,1,.p2.,NA,NA,NA,NA,NA
cfa88,Upward =~ BSMBS_9u_I3,=~,0.6125343009110769,0.06708870547433618,9.130214938271436,0,0.7113682578662717,0.5678354183045067,0.5678354183045067,1,1,.p3.,NA,NA,NA,NA,NA
cfa88,Upward =~ BSMBS_10u_I4,=~,0.8254821349667468,0.07158613662587128,11.531312819421197,0,0.9586757629370273,0.72151963523129925,0.72151963523129925,1,1,.p4.,NA,NA,NA,NA,NA
cfa88,Downward =~ BSMBS_11d_I5,=~,1,0,NA,NA,1.135595173276383,0.7688362527737823,0.7688362527737823,1,1,,NA,NA,NA,NA,NA
cfa88,Downward =~ BSMBS_13d_I6,=~,0.8785442612386447,0.07518302427052644,11.685407307870898,0,0.9976706225722706,0.7375273465636153,0.7375273465636153,1,1,.p6.,NA,NA,NA,NA,NA
cfa88,Downward =~ BSMBS_14d_I7,=~,1.0267848302585427,0.07175117106772183,14.310356402258845,0,1.1660118972350113,0.8375190567057784,0.8375190567057784,1,1,.p7.,NA,NA,NA,NA,NA
cfa88,Downward =~ BSMBS_18d_I8,=~,0.8539825443717026,0.08402584382034461,10.163331964836914,0,0.96977845545079,0.7398616689707509,0.7398616689707509,1,1,.p8.,NA,NA,NA,NA,NA
cfa88,BSMBS_4u_I1 ~~ BSMBS_4u_I1,~~,0.433848264889525,0.09293153801390046,4.668471803669397,3.0344841321916505e-6,0.433848264889525,0.24338112661571593,0.24338112661571593,1,1,,NA,NA,NA,NA,NA
cfa88,BSMBS_8u_I2 ~~ BSMBS_8u_I2,~~,0.7439003210616685,0.10851621109852089,6.855199914658725,7.121192524550679e-12,0.7439003210616685,0.42958879835035013,0.42958879835035013,1,1,,NA,NA,NA,NA,NA
cfa88,BSMBS_9u_I3 ~~ BSMBS_9u_I3,~~,1.0633926439090973,0.12589822002243642,8.446447008699481,0,1.0633926439090973,0.6775629377189459,0.6775629377189459,1,1,,NA,NA,NA,NA,NA
cfa88,BSMBS_10u_I4 ~~ BSMBS_10u_I4,~~,0.8463573039580962,0.1622267772921022,5.21712455912357,1.8172206339706065e-7,0.8463573039580962,0.4794094159756929,0.4794094159756929,1,1,,NA,NA,NA,NA,NA
cfa88,BSMBS_11d_I5 ~~ BSMBS_11d_I5,~~,0.8920449228109618,0.1381723845185637,6.4560290098425135,1.074860200844796e-10,0.8920449228109618,0.4088908164207687,0.4088908164207687,1,1,,NA,NA,NA,NA,NA
cfa88,BSMBS_13d_I6 ~~ BSMBS_13d_I6,~~,0.8345143759913072,0.15092390351268606,5.52937179975047,3.2137956296196535e-8,0.8345143759913072,0.45605341307083275,0.45605341307083275,1,1,,NA,NA,NA,NA,NA
cfa88,BSMBS_14d_I7 ~~ BSMBS_14d_I7,~~,0.5786964945533251,0.10306862210418935,5.614671883052206,1.9693558339639594e-8,0.5786964945533251,0.2985618296546632,0.2985618296546632,1,1,,NA,NA,NA,NA,NA
cfa88,BSMBS_18d_I8 ~~ BSMBS_18d_I8,~~,0.7776122211807162,0.14735721686381023,5.277055564230676,1.3127609110874516e-7,0.7776122211807162,0.45260471078781506,0.45260471078781506,1,1,,NA,NA,NA,NA,NA
cfa88,Upward ~~ Upward,~~,1.3487396905625226,0.16233953286654892,8.30814076366262,0,1,1,1,1,1,,NA,NA,NA,NA,NA
cfa88,Downward ~~ Downward,~~,1.2895763975686183,0.18697767984786925,6.896953682481551,5.312861262041224e-12,1.0000000000000002,1.0000000000000002,1.0000000000000002,1,1,,NA,NA,NA,NA,NA
cfa88,Upward ~~ Downward,~~,-0.8006892138422873,0.14347516728349202,-5.580681514454753,2.3957798189755408e-8,-0.6071225601186785,-0.6071225601186785,-0.6071225601186785,1,1,,NA,NA,NA,NA,NA
cfa88,BSMBS_4u_I1 ~1 ,~1,4.065573770491803,0.08547325643548456,47.56544842257776,0,4.065573770491803,3.0450635584893777,3.0450635584893777,1,1,,NA,NA,NA,NA,NA
cfa88,BSMBS_8u_I2 ~1 ,~1,3.7704918032786887,0.08350479390301525,45.15299813394954,0,3.7704918032786887,2.8652802230627383,2.8652802230627383,1,1,,NA,NA,NA,NA,NA
cfa88,BSMBS_9u_I3 ~1 ,~1,4.336065573770492,0.08014811592176288,54.10065506721545,0,4.336065573770492,3.46117721960627,3.46117721960627,1,1,,NA,NA,NA,NA,NA
cfa88,BSMBS_10u_I4 ~1 ,~1,4.118852459016393,0.08592428670049657,47.93583534040079,0,4.118852459016393,3.0999353886828778,3.0999353886828778,1,1,,NA,NA,NA,NA,NA
cfa88,BSMBS_11d_I5 ~1 ,~1,3.680327868852459,0.09620813897685473,38.25380999977407,0,3.680327868852459,2.4917061592500973,2.4917061592500973,1,1,,NA,NA,NA,NA,NA
cfa88,BSMBS_13d_I6 ~1 ,~1,3.0860655737704916,0.08530032771199156,36.178824355637865,0,3.0860655737704916,2.281371930222788,2.281371930222788,1,1,,NA,NA,NA,NA,NA
cfa88,BSMBS_14d_I7 ~1 ,~1,3.3934426229508197,0.08943722678791745,37.94217178712051,0,3.3934426229508197,2.437430416703655,2.437430416703655,1,1,,NA,NA,NA,NA,NA
cfa88,BSMBS_18d_I8 ~1 ,~1,3.0942622950819674,0.0830696323017982,37.24901879714937,0,3.0942622950819674,2.3606691332490413,2.3606691332490413,1,1,,NA,NA,NA,NA,NA
cfa88,Upward ~1 ,~1,0,0,NA,NA,0,0,0,1,1,,NA,NA,NA,NA,NA
cfa88,Downward ~1 ,~1,0,0,NA,NA,0,0,0,1,1,,NA,NA,NA,NA,NA
cfa88,Upward =~ BSMBS_4u_I1,=~,1,0,NA,NA,1.1373403745994382,0.8402097055970527,0.8402097055970527,2,2,,NA,NA,NA,NA,NA
cfa88,Upward =~ BSMBS_8u_I2,=~,0.8557774777092666,0.054396628741151684,15.732178583741183,0,0.9733102770716197,0.7141874234862005,0.7141874234862005,2,2,.p2.,NA,NA,NA,NA,NA
cfa88,Upward =~ BSMBS_9u_I3,=~,0.612534300911077,0.06708870547433617,9.13021493827144,0,0.6966599912532092,0.5203797257056021,0.5203797257056021,2,2,.p3.,NA,NA,NA,NA,NA
cfa88,Upward =~ BSMBS_10u_I4,=~,0.8254821349667469,0.07158613662587131,11.531312819421196,0,0.9388541606082239,0.6374779595220608,0.6374779595220608,2,2,.p4.,NA,NA,NA,NA,NA
cfa88,Downward =~ BSMBS_11d_I5,=~,1,0,NA,NA,0.9917754896782939,0.640248128004711,0.640248128004711,2,2,,NA,NA,NA,NA,NA
cfa88,Downward =~ BSMBS_13d_I6,=~,0.8785442612386448,0.0751830242705265,11.68540730787089,0,0.8713186648940119,0.6595226348943208,0.6595226348943208,2,2,.p6.,NA,NA,NA,NA,NA
cfa88,Downward =~ BSMBS_14d_I7,=~,1.026784830258543,0.07175117106772189,14.310356402258837,0,1.0183400278239103,0.7753878627671678,0.7753878627671678,2,2,.p7.,NA,NA,NA,NA,NA
cfa88,Downward =~ BSMBS_18d_I8,=~,0.8539825443717027,0.08402584382034456,10.163331964836921,0,0.8469589561209608,0.6874319689093586,0.6874319689093586,2,2,.p8.,NA,NA,NA,NA,NA
cfa88,BSMBS_4u_I1 ~~ BSMBS_4u_I1,~~,0.5387946056260873,0.13429277780884152,4.012089215944525,6.018374537708482e-5,0.5387946056260873,0.2940476506205143,0.2940476506205143,2,2,,NA,NA,NA,NA,NA
cfa88,BSMBS_8u_I2 ~~ BSMBS_8u_I2,~~,0.9099506953554839,0.15489263875260692,5.87471879027672,4.235617412362558e-9,0.9099506953554839,0.4899363241341427,0.4899363241341427,2,2,,NA,NA,NA,NA,NA
cfa88,BSMBS_9u_I3 ~~ BSMBS_9u_I3,~~,1.306924823732774,0.1737599301403393,7.521439624643152,5.417888360170764e-14,1.306924823732774,0.7292049410745624,0.7292049410745624,2,2,,NA,NA,NA,NA,NA
cfa88,BSMBS_10u_I4 ~~ BSMBS_10u_I4,~~,1.2875846827112103,0.22741602034450933,5.661802896562284,1.4979081974786368e-8,1.2875846827112103,0.59362185112359,0.59362185112359,2,2,,NA,NA,NA,NA,NA
cfa88,BSMBS_11d_I5 ~~ BSMBS_11d_I5,~~,1.415933056175169,0.22696056179840673,6.238674441742191,4.4129433440787125e-10,1.415933056175169,0.5900823345864633,0.5900823345864633,2,2,,NA,NA,NA,NA,NA
cfa88,BSMBS_13d_I6 ~~ BSMBS_13d_I6,~~,0.9862023884529829,0.17696832889814487,5.572762056314592,2.507319218914006e-8,0.9862023884529829,0.5650298940620524,0.5650298940620524,2,2,,NA,NA,NA,NA,NA
cfa88,BSMBS_14d_I7 ~~ BSMBS_14d_I7,~~,0.6878188905055588,0.15518600852451053,4.432222318527657,9.326677686605223e-6,0.6878188905055588,0.3987736622733638,0.3987736622733638,2,2,,NA,NA,NA,NA,NA
cfa88,BSMBS_18d_I8 ~~ BSMBS_18d_I8,~~,0.800637834889539,0.15643404868148772,5.118053528868909,3.087049977867906e-7,0.800637834889539,0.5274372881214027,0.5274372881214027,2,2,,NA,NA,NA,NA,NA
cfa88,Upward ~~ Upward,~~,1.2935431276939902,0.16415718721089448,7.879905532446542,3.3306690738754696e-15,0.9999999999999998,0.9999999999999998,0.9999999999999998,2,2,,NA,NA,NA,NA,NA
cfa88,Downward ~~ Downward,~~,0.9836186219266195,0.16347649808498999,6.0168809183522205,1.7780978911474676e-9,0.9999999999999999,0.9999999999999999,0.9999999999999999,2,2,,NA,NA,NA,NA,NA
cfa88,Upward ~~ Downward,~~,-0.42219035619045464,0.11430453723029695,-3.6935572849557117,2.211386648660607e-4,-0.37428677421830525,-0.37428677421830525,-0.37428677421830525,2,2,,NA,NA,NA,NA,NA
cfa88,BSMBS_4u_I1 ~1 ,~1,3.4545454545454546,0.10907966432085461,31.669931110018922,0,3.4545454545454546,2.5520439475803576,2.5520439475803576,2,2,,NA,NA,NA,NA,NA
cfa88,BSMBS_8u_I2 ~1 ,~1,3.227272727272727,0.11153822867306679,28.934229686686955,0,3.227272727272727,2.3680810202814606,2.3680810202814606,2,2,,NA,NA,NA,NA,NA
cfa88,BSMBS_9u_I3 ~1 ,~1,3.6103896103896105,0.10799999072849975,33.42953629936634,0,3.6103896103896105,2.6968299869857733,2.6968299869857733,2,2,,NA,NA,NA,NA,NA
cfa88,BSMBS_10u_I4 ~1 ,~1,3.6948051948051948,0.11627834957542599,31.77552148182577,0,3.6948051948051948,2.508756924387532,2.508756924387532,2,2,,NA,NA,NA,NA,NA
cfa88,BSMBS_11d_I5 ~1 ,~1,4.038961038961039,0.11969317496788909,33.74428859493951,0,4.038961038961039,2.607381681833636,2.607381681833636,2,2,,NA,NA,NA,NA,NA
cfa88,BSMBS_13d_I6 ~1 ,~1,3.5,0.10952680383012325,31.9556480934888,0,3.5,2.6492365137282015,2.6492365137282015,2,2,,NA,NA,NA,NA,NA
cfa88,BSMBS_14d_I7 ~1 ,~1,3.5714285714285716,0.10504925910076952,33.99765597587551,0,3.5714285714285716,2.7193690627512606,2.7193690627512606,2,2,,NA,NA,NA,NA,NA
cfa88,BSMBS_18d_I8 ~1 ,~1,3.383116883116883,0.10109789116096907,33.4637730250006,0,3.383116883116883,2.7458977595124283,2.7458977595124283,2,2,,NA,NA,NA,NA,NA
cfa88,Upward ~1 ,~1,0,0,NA,NA,0,0,0,2,2,,NA,NA,NA,NA,NA
cfa88,Downward ~1 ,~1,0,0,NA,NA,0,0,0,2,2,,NA,NA,NA,NA,NA
cfa99,Upward =~ BSMBS_4u_I1,=~,1,0,NA,NA,1.1533762354740384,0.8662605368312074,0.8662605368312074,1,1,,NA,NA,NA,NA,NA
cfa99,Upward =~ BSMBS_8u_I2,=~,0.8614537635038834,0.05272150448510434,16.339703730330267,0,0.9935802987850516,0.7557476541877413,0.7557476541877413,1,1,.p2.,NA,NA,NA,NA,NA
cfa99,Upward =~ BSMBS_9u_I3,=~,0.6554745699271187,0.06557530097717434,9.99575389147323,0,0.7560087919115046,0.590900389158747,0.590900389158747,1,1,.p3.,NA,NA,NA,NA,NA
cfa99,Upward =~ BSMBS_10u_I4,=~,0.8183012113116069,0.06645191157480591,12.314186182446129,0,0.9438091705864269,0.7148607306204272,0.7148607306204272,1,1,.p4.,NA,NA,NA,NA,NA
cfa99,Downward =~ BSMBS_11d_I5,=~,1,0,NA,NA,1.1418617231974357,0.7716405763573733,0.7716405763573733,1,1,,NA,NA,NA,NA,NA
cfa99,Downward =~ BSMBS_13d_I6,=~,0.8858788920692542,0.07381293646218863,12.001675241887362,0,1.0115511982424337,0.7431492769633312,0.7431492769633312,1,1,.p6.,NA,NA,NA,NA,NA
cfa99,Downward =~ BSMBS_14d_I7,=~,1.0067943901623315,0.0701445208556615,14.353143736401632,0,1.1496199772562714,0.8302886647792695,0.8302886647792695,1,1,.p7.,NA,NA,NA,NA,NA
cfa99,Downward =~ BSMBS_18d_I8,=~,0.8512904510937248,0.0817686118461627,10.410968608533066,0,0.972055981427403,0.7407710465835106,0.7407710465835106,1,1,.p8.,NA,NA,NA,NA,NA
cfa99,BSMBS_4u_I1 ~~ BSMBS_4u_I1,~~,0.4424628226516374,0.09251390356319387,4.782662990211005,1.7298801742171577e-6,0.4424628226516374,0.2495926823289082,0.2495926823289082,1,1,,NA,NA,NA,NA,NA
cfa99,BSMBS_8u_I2 ~~ BSMBS_8u_I2,~~,0.7412303060070684,0.10889810107827719,6.806641242295526,9.990452909391934e-12,0.7412303060070684,0.42884548318972615,0.42884548318972615,1,1,,NA,NA,NA,NA,NA
cfa99,BSMBS_9u_I3 ~~ BSMBS_9u_I3,~~,1.065361981894144,0.1297211693241898,8.212707204570966,2.220446049250313e-16,1.065361981894144,0.6508367300920413,0.6508367300920413,1,1,,NA,NA,NA,NA,NA
cfa99,BSMBS_10u_I4 ~~ BSMBS_10u_I4,~~,0.8523370994054185,0.1591586379543135,5.35526761450473,8.542987983695127e-8,0.8523370994054185,0.48897413581682897,0.48897413581682897,1,1,,NA,NA,NA,NA,NA
cfa99,BSMBS_11d_I5 ~~ BSMBS_11d_I5,~~,0.8859138132593398,0.13833290218811606,6.404216200529097,1.5114376417102449e-10,0.8859138132593398,0.4045708209188608,0.4045708209188608,1,1,,NA,NA,NA,NA,NA
cfa99,BSMBS_13d_I6 ~~ BSMBS_13d_I6,~~,0.8295431687259589,0.152962500591685,5.423179965789946,5.8547992898283496e-8,0.8295431687259589,0.447729152148878,0.447729152148878,1,1,,NA,NA,NA,NA,NA
cfa99,BSMBS_14d_I7 ~~ BSMBS_14d_I7,~~,0.5954987122476121,0.10502307386149992,5.670170281179649,1.4265566283810927e-8,0.5954987122476121,0.31062073313905775,0.31062073313905775,1,1,,NA,NA,NA,NA,NA
cfa99,BSMBS_18d_I8 ~~ BSMBS_18d_I8,~~,0.7770334526854288,0.14746745956555957,5.269185859542005,1.3703016388255662e-7,0.7770334526854288,0.4512582565435706,0.4512582565435706,1,1,,NA,NA,NA,NA,NA
cfa99,Upward ~~ Upward,~~,1.3302767405562648,0.15970338019630373,8.329671788543981,0,1.0000000000000002,1.0000000000000002,1.0000000000000002,1,1,,NA,NA,NA,NA,NA
cfa99,Downward ~~ Downward,~~,1.3038481949034173,0.1864274687541893,6.993863101915435,2.674083177112152e-12,1,1,1,1,1,,NA,NA,NA,NA,NA
cfa99,Upward ~~ Downward,~~,-0.799786602021365,0.1426310061587355,-5.607382458841203,2.0540942058389078e-8,-0.6072808841498809,-0.6072808841498809,-0.6072808841498809,1,1,,NA,NA,NA,NA,NA
cfa99,BSMBS_4u_I1 ~1 ,~1,4.077561737046814,0.08313794388917284,49.045737076230964,0,4.077561737046814,3.06251395742068,3.06251395742068,1,1,.p20.,NA,NA,NA,NA,NA
cfa99,BSMBS_8u_I2 ~1 ,~1,3.7751546750423213,0.07968034078274094,47.37874660119468,0,3.7751546750423213,2.871498451959888,2.871498451959888,1,1,.p21.,NA,NA,NA,NA,NA
cfa99,BSMBS_9u_I3 ~1 ,~1,4.23522992767453,0.07505542603426145,56.42803127572981,0,4.23522992767453,3.3102776571050727,3.3102776571050727,1,1,.p22.,NA,NA,NA,NA,NA
cfa99,BSMBS_10u_I4 ~1 ,~1,4.149606800292904,0.078915522476625935,52.582897129293926,0,4.149606800292904,3.1429986500361506,3.1429986500361506,1,1,.p23.,NA,NA,NA,NA,NA
cfa99,BSMBS_11d_I5 ~1 ,~1,3.694233491517798,0.09267079813440335,39.86405173893006,0,3.694233491517798,2.4964673065765015,2.4964673065765015,1,1,.p24.,NA,NA,NA,NA,NA
cfa99,BSMBS_13d_I6 ~1 ,~1,3.1345238327475036,0.0814660204506984,38.47645699895768,0,3.1345238327475036,2.302818803415975,2.302818803415975,1,1,.p25.,NA,NA,NA,NA,NA
cfa99,BSMBS_14d_I7 ~1 ,~1,3.3473398607374536,0.08573854853258897,39.041247117277,0,3.3473398607374536,2.4175452745412573,2.4175452745412573,1,1,.p26.,NA,NA,NA,NA,NA
cfa99,BSMBS_18d_I8 ~1 ,~1,3.1038467310376463,0.07803206340201947,39.77655588891321,0,3.1038467310376463,2.365336807052281,2.365336807052281,1,1,.p27.,NA,NA,NA,NA,NA
cfa99,Upward ~1 ,~1,0,0,NA,NA,0,0,0,1,1,,NA,NA,NA,NA,NA
cfa99,Downward ~1 ,~1,0,0,NA,NA,0,0,0,1,1,,NA,NA,NA,NA,NA
cfa99,Upward =~ BSMBS_4u_I1,=~,1,0,NA,NA,1.1292478385408373,0.8365705688229272,0.8365705688229272,2,2,,NA,NA,NA,NA,NA
cfa99,Upward =~ BSMBS_8u_I2,=~,0.8614537635038835,0.05272150448510442,16.339703730330246,0,0.9727948004396301,0.7145266223607334,0.7145266223607334,2,2,.p2.,NA,NA,NA,NA,NA
cfa99,Upward =~ BSMBS_9u_I3,=~,0.6554745699271188,0.06557530097717437,9.995753891473226,0,0.7401932413086839,0.5385902103579195,0.5385902103579195,2,2,.p3.,NA,NA,NA,NA,NA
cfa99,Upward =~ BSMBS_10u_I4,=~,0.818301211311607,0.06645191157480593,12.314186182446127,0,0.9240648741489812,0.6298811283830654,0.6298811283830654,2,2,.p4.,NA,NA,NA,NA,NA
cfa99,Downward =~ BSMBS_11d_I5,=~,1,0,NA,NA,0.9969161757645223,0.6431286794951095,0.6431286794951095,2,2,,NA,NA,NA,NA,NA
cfa99,Downward =~ BSMBS_13d_I6,=~,0.8858788920692543,0.07381293646218863,12.001675241887364,0,0.883146997272193,0.6648348025128847,0.6648348025128847,2,2,.p6.,NA,NA,NA,NA,NA
cfa99,Downward =~ BSMBS_14d_I7,=~,1.0067943901623315,0.0701445208556615,14.353143736401632,0,1.0036896132218058,0.7647780732412884,0.7647780732412884,2,2,.p7.,NA,NA,NA,NA,NA
cfa99,Downward =~ BSMBS_18d_I8,=~,0.8512904510937249,0.08176861184616267,10.41096860853307,0,0.8486652209692114,0.688282452875314,0.688282452875314,2,2,.p8.,NA,NA,NA,NA,NA
cfa99,BSMBS_4u_I1 ~~ BSMBS_4u_I1,~~,0.546904204387683,0.13472207081144397,4.059499687717286,4.9177973688641075e-5,0.546904204387683,0.300149683379284,0.300149683379284,2,2,,NA,NA,NA,NA,NA
cfa99,BSMBS_8u_I2 ~~ BSMBS_8u_I2,~~,0.9072260216359543,0.15540811115236708,5.83770058659603,5.2926159010979745e-9,0.9072260216359543,0.48945170593776177,0.48945170593776177,2,2,,NA,NA,NA,NA,NA
cfa99,BSMBS_9u_I3 ~~ BSMBS_9u_I3,~~,1.3408589323369018,0.18219528567451732,7.359460083573615,1.8474111129762605e-13,1.3408589323369018,0.7099205853066118,0.7099205853066118,2,2,,NA,NA,NA,NA,NA
cfa99,BSMBS_10u_I4 ~~ BSMBS_10u_I4,~~,1.298329398700072,0.2307136400151658,5.62744967577438,1.8289349590361326e-8,1.298329398700072,0.6032497641068761,0.6032497641068761,2,2,,NA,NA,NA,NA,NA
cfa99,BSMBS_11d_I5 ~~ BSMBS_11d_I5,~~,1.4089797643646935,0.22796737866245126,6.180620107278393,6.385030282274329e-10,1.4089797643646935,0.5863855016108768,0.5863855016108768,2,2,,NA,NA,NA,NA,NA
cfa99,BSMBS_13d_I6 ~~ BSMBS_13d_I6,~~,0.9846197992147628,0.18147836934558156,5.425549076539216,5.7776651685159663e-8,0.9846197992147628,0.5579946853676535,0.5579946853676535,2,2,,NA,NA,NA,NA,NA
cfa99,BSMBS_14d_I7 ~~ BSMBS_14d_I7,~~,0.714983313304526,0.15804321292817958,4.523973538993033,6.0689315279915945e-6,0.714983313304526,0.41511449868934236,0.41511449868934236,2,2,,NA,NA,NA,NA,NA
cfa99,BSMBS_18d_I8 ~~ BSMBS_18d_I8,~~,0.8001027642919202,0.15740026606686866,5.083236415572582,3.71057377934747e-7,0.8001027642919202,0.5262672650639413,0.5262672650639413,2,2,,NA,NA,NA,NA,NA
cfa99,Upward ~~ Upward,~~,1.2752006808491532,0.16253108348353562,7.845888020418758,4.218847493575595e-15,1.0000000000000002,1.0000000000000002,1.0000000000000002,2,2,,NA,NA,NA,NA,NA
cfa99,Downward ~~ Downward,~~,0.9938418615009599,0.16393907885898454,6.062263301819773,1.342192579301127e-9,1,1,1,2,2,,NA,NA,NA,NA,NA
cfa99,Upward ~~ Downward,~~,-0.41998107314889105,0.1151726118582313,-3.64653598084461,2.6579927442549334e-4,-0.3730626820310756,-0.3730626820310756,-0.3730626820310756,2,2,,NA,NA,NA,NA,NA
cfa99,BSMBS_4u_I1 ~1 ,~1,4.077561737046814,0.0831379438891728,49.04573707623099,0,4.077561737046814,3.020743565185489,3.020743565185489,2,2,.p20.,NA,NA,NA,NA,NA
cfa99,BSMBS_8u_I2 ~1 ,~1,3.7751546750423213,0.07968034078274086,47.37874660119473,0,3.7751546750423213,2.772885420058041,2.772885420058041,2,2,.p21.,NA,NA,NA,NA,NA
cfa99,BSMBS_9u_I3 ~1 ,~1,4.23522992767453,0.07505542603426145,56.42803127572981,0,4.23522992767453,3.0816998188573175,3.0816998188573175,2,2,.p22.,NA,NA,NA,NA,NA
cfa99,BSMBS_10u_I4 ~1 ,~1,4.149606800292904,0.07891552247662596,52.58289712929391,0,4.149606800292904,2.8285449288630096,2.8285449288630096,2,2,.p23.,NA,NA,NA,NA,NA
cfa99,BSMBS_11d_I5 ~1 ,~1,3.694233491517798,0.0926707981344033,39.86405173893007,0,3.694233491517798,2.383216929271337,2.383216929271337,2,2,.p24.,NA,NA,NA,NA,NA
cfa99,BSMBS_13d_I6 ~1 ,~1,3.134523832747504,0.08146602045069844,38.476456998957666,0,3.134523832747504,2.359675727544064,2.359675727544064,2,2,.p25.,NA,NA,NA,NA,NA
cfa99,BSMBS_14d_I7 ~1 ,~1,3.3473398607374536,0.08573854853258896,39.04124711727701,0,3.3473398607374536,2.5505615435843145,2.5505615435843145,2,2,.p26.,NA,NA,NA,NA,NA
cfa99,BSMBS_18d_I8 ~1 ,~1,3.1038467310376467,0.07803206340201953,39.77655588891319,0,3.1038467310376467,2.5172744076254774,2.5172744076254774,2,2,.p27.,NA,NA,NA,NA,NA
cfa99,Upward ~1 ,~1,-0.6464938131449476,0.12942217314810958,-4.9952322497714965,5.876500308588106e-7,-0.5724994913254096,-0.5724994913254096,-0.5724994913254096,2,2,,NA,NA,NA,NA,NA
cfa99,Downward ~1 ,~1,0.30968722484919214,0.12248612516122832,2.5283453488429917,0.011460156280604927,0.310645200045728,0.310645200045728,0.310645200045728,2,2,,NA,NA,NA,NA,NA
cfa101,Upward =~ BSMBS_4u_I1,=~,1,0,NA,NA,1.1408664355672522,0.8530436493676496,0.8530436493676496,1,1,,NA,NA,NA,NA,NA
cfa101,Upward =~ BSMBS_8u_I2,=~,0.8673744882309847,0.05484874738973003,15.81393431043775,0,0.989558440690053,0.7421528361662906,0.7421528361662906,1,1,.p2.,NA,NA,NA,NA,NA
cfa101,Upward =~ BSMBS_9u_I3,=~,0.6593917654447179,0.06535508478238508,10.089372045653613,0,0.7522779330853129,0.5708543430874351,0.5708543430874351,1,1,.p3.,NA,NA,NA,NA,NA
cfa101,Upward =~ BSMBS_10u_I4,=~,0.8103335375969766,0.06725985990664311,12.047802935089695,0,0.9244823346588646,0.6731896932657979,0.6731896932657979,1,1,.p4.,NA,NA,NA,NA,NA
cfa101,Downward =~ BSMBS_11d_I5,=~,1,0,NA,NA,1.1189125300927747,0.7303915821966867,0.7303915821966867,1,1,,NA,NA,NA,NA,NA
cfa101,Downward =~ BSMBS_13d_I6,=~,0.9051804045584612,0.07540141620705153,12.004819671726654,0,1.0128176966549092,0.7332640541220756,0.7332640541220756,1,1,.p6.,NA,NA,NA,NA,NA
cfa101,Downward =~ BSMBS_14d_I7,=~,1.0172521668434888,0.07456921625143698,13.64171729274258,0,1.1382161957452055,0.8166851048660708,0.8166851048660708,1,1,.p7.,NA,NA,NA,NA,NA
cfa101,Downward =~ BSMBS_18d_I8,=~,0.8646210153550686,0.0842307634892716,10.264907731308819,0,0.9674352878623237,0.7377883504337079,0.7377883504337079,1,1,.p8.,NA,NA,NA,NA,NA
cfa101,BSMBS_4u_I1 ~~ BSMBS_4u_I1,~~,0.48708090739417376,0.08619215918803433,5.651104601424035,1.5942003717128728e-8,0.48708090739417376,0.2723165322735225,0.2723165322735225,1,1,.p9.,NA,NA,NA,NA,NA
cfa101,BSMBS_8u_I2 ~~ BSMBS_8u_I2,~~,0.7986284978726513,0.09684031222387275,8.2468600062585935,2.220446049250313e-16,0.7986284978726513,0.4492091677703311,0.4492091677703311,1,1,.p10.,NA,NA,NA,NA,NA
cfa101,BSMBS_9u_I3 ~~ BSMBS_9u_I3,~~,1.1707028214124393,0.10931184367917403,10.70975277709528,0,1.1707028214124393,0.6741253189782129,0.6741253189782129,1,1,.p11.,NA,NA,NA,NA,NA
cfa101,BSMBS_10u_I4 ~~ BSMBS_10u_I4,~~,1.031248293172753,0.14106501145975703,7.310447023689832,2.6623148130511254e-13,1.031248293172753,0.5468156368807011,0.5468156368807011,1,1,.p12.,NA,NA,NA,NA,NA
cfa101,BSMBS_11d_I5 ~~ BSMBS_11d_I5,~~,1.094860020506467,0.13024387225732462,8.40623056986003,0,1.094860020506467,0.4665281366562208,0.4665281366562208,1,1,.p13.,NA,NA,NA,NA,NA
cfa101,BSMBS_13d_I6 ~~ BSMBS_13d_I6,~~,0.882039525939659,0.12968795592904192,6.801244723313106,1.0371925540653137e-11,0.882039525939659,0.462323826932458,0.462323826932458,1,1,.p14.,NA,NA,NA,NA,NA
cfa101,BSMBS_14d_I7 ~~ BSMBS_14d_I7,~~,0.6468709713564483,0.09814429594777956,6.5910195300665695,4.3681724903876784e-11,0.6468709713564483,0.33302543948989516,0.33302543948989516,1,1,.p15.,NA,NA,NA,NA,NA
cfa101,BSMBS_18d_I8 ~~ BSMBS_18d_I8,~~,0.7834821857561438,0.11642117786652197,6.729722204446461,1.6998624730035772e-11,0.7834821857561438,0.45566834996430833,0.45566834996430833,1,1,.p16.,NA,NA,NA,NA,NA
cfa101,Upward ~~ Upward,~~,1.301576223803927,0.15967522380231933,8.15139752310791,4.440892098500626e-16,0.9999999999999998,0.9999999999999998,0.9999999999999998,1,1,,NA,NA,NA,NA,NA
cfa101,Downward ~~ Downward,~~,1.2519652499986142,0.1815893737260657,6.894485202020963,5.406119996109737e-12,0.9999999999999998,0.9999999999999998,0.9999999999999998,1,1,,NA,NA,NA,NA,NA
cfa101,Upward ~~ Downward,~~,-0.7835975160558437,0.140251853297058,-5.587074235633511,2.309270263900487e-8,-0.6138497877592629,-0.6138497877592629,-0.6138497877592629,1,1,,NA,NA,NA,NA,NA
cfa101,BSMBS_4u_I1 ~1 ,~1,4.079135181549917,0.08338025595550595,48.922075553793675,0,4.079135181549917,3.0500330740321706,3.0500330740321706,1,1,.p20.,NA,NA,NA,NA,NA
cfa101,BSMBS_8u_I2 ~1 ,~1,3.777136136705546,0.08000716214133385,47.20997515238921,0,3.777136136705546,2.8327910522267192,2.8327910522267192,1,1,.p21.,NA,NA,NA,NA,NA
cfa101,BSMBS_9u_I3 ~1 ,~1,4.22011761060553,0.072523281327763,58.1898327453367,0,4.22011761060553,3.2023702416387807,3.2023702416387807,1,1,.p22.,NA,NA,NA,NA,NA
cfa101,BSMBS_10u_I4 ~1 ,~1,4.157348801041605,0.07901564410909641,52.61424934158076,0,4.157348801041605,3.027298910156947,3.027298910156947,1,1,.p23.,NA,NA,NA,NA,NA
cfa101,BSMBS_11d_I5 ~1 ,~1,3.7001831585355482,0.093294782903567,39.66120123094339,0,3.7001831585355482,2.415365418560669,2.415365418560669,1,1,.p24.,NA,NA,NA,NA,NA
cfa101,BSMBS_13d_I6 ~1 ,~1,3.1385937959570414,0.08113822093518626,38.68206327156434,0,3.1385937959570414,2.272292455657992,2.272292455657992,1,1,.p25.,NA,NA,NA,NA,NA
cfa101,BSMBS_14d_I7 ~1 ,~1,3.341347541181281,0.0860534652801567,38.8287389741151,0,3.341347541181281,2.3974608490586635,2.3974608490586635,1,1,.p26.,NA,NA,NA,NA,NA
cfa101,BSMBS_18d_I8 ~1 ,~1,3.103215663532982,0.07806632824937912,39.75101344103067,0,3.103215663532982,2.366583475052923,2.366583475052923,1,1,.p27.,NA,NA,NA,NA,NA
cfa101,Upward ~1 ,~1,0,0,NA,NA,0,0,0,1,1,,NA,NA,NA,NA,NA
cfa101,Downward ~1 ,~1,0,0,NA,NA,0,0,0,1,1,,NA,NA,NA,NA,NA
cfa101,Upward =~ BSMBS_4u_I1,=~,1,0,NA,NA,1.143957255705772,0.8536711310908802,0.8536711310908802,2,2,,NA,NA,NA,NA,NA
cfa101,Upward =~ BSMBS_8u_I2,=~,0.8673744882309848,0.054848747389729995,15.813934310437762,0,0.9922393392259159,0.7430540114387103,0.7430540114387103,2,2,.p2.,NA,NA,NA,NA,NA
cfa101,Upward =~ BSMBS_9u_I3,=~,0.659391765444718,0.06535508478238504,10.08937204565362,0,0.7543159944331237,0.5718955323867216,0.5718955323867216,2,2,.p3.,NA,NA,NA,NA,NA
cfa101,Upward =~ BSMBS_10u_I4,=~,0.8103335375969767,0.06725985990664303,12.047802935089711,0,0.9269869298757875,0.6741851391999503,0.6741851391999503,2,2,.p4.,NA,NA,NA,NA,NA
cfa101,Downward =~ BSMBS_11d_I5,=~,1,0,NA,NA,0.9961722456952565,0.6895256255379515,0.6895256255379515,2,2,,NA,NA,NA,NA,NA
cfa101,Downward =~ BSMBS_13d_I6,=~,0.9051804045584613,0.07540141620705153,12.004819671726656,0,0.9017155963683432,0.6925769076589868,0.6925769076589868,2,2,.p6.,NA,NA,NA,NA,NA
cfa101,Downward =~ BSMBS_14d_I7,=~,1.0172521668434888,0.07456921625143696,13.641717292742582,0,1.0133583754828441,0.7832775311151642,0.7832775311151642,2,2,.p7.,NA,NA,NA,NA,NA
cfa101,Downward =~ BSMBS_18d_I8,=~,0.8646210153550687,0.08423076348927157,10.264907731308824,0,0.8613114585415718,0.6973919824798736,0.6973919824798736,2,2,.p8.,NA,NA,NA,NA,NA
cfa101,BSMBS_4u_I1 ~~ BSMBS_4u_I1,~~,0.4870809073941738,0.08619215918803429,5.651104601424039,1.5942003717128728e-8,0.4870809073941738,0.2712455999420172,0.2712455999420172,2,2,.p9.,NA,NA,NA,NA,NA
cfa101,BSMBS_8u_I2 ~~ BSMBS_8u_I2,~~,0.7986284978726514,0.09684031222387272,8.246860006258597,2.220446049250313e-16,0.7986284978726514,0.4478707360848409,0.4478707360848409,2,2,.p10.,NA,NA,NA,NA,NA
cfa101,BSMBS_9u_I3 ~~ BSMBS_9u_I3,~~,1.1707028214124395,0.10931184367917401,10.709752777095284,0,1.1707028214124395,0.6729355000361082,0.6729355000361082,2,2,.p11.,NA,NA,NA,NA,NA
cfa101,BSMBS_10u_I4 ~~ BSMBS_10u_I4,~~,1.0312482931727531,0.14106501145975714,7.310447023689829,2.6623148130511254e-13,1.0312482931727531,0.5454743980819438,0.5454743980819438,2,2,.p12.,NA,NA,NA,NA,NA
cfa101,BSMBS_11d_I5 ~~ BSMBS_11d_I5,~~,1.0948600205064671,0.13024387225732462,8.406230569860032,0,1.0948600205064671,0.5245544117264966,0.5245544117264966,2,2,.p13.,NA,NA,NA,NA,NA
cfa101,BSMBS_13d_I6 ~~ BSMBS_13d_I6,~~,0.8820395259396591,0.12968795592904203,6.801244723313101,1.0371925540653137e-11,0.8820395259396591,0.5203372269775153,0.5203372269775153,2,2,.p14.,NA,NA,NA,NA,NA
cfa101,BSMBS_14d_I7 ~~ BSMBS_14d_I7,~~,0.6468709713564484,0.09814429594777956,6.59101953006657,4.3681724903876784e-11,0.6468709713564484,0.3864763092501332,0.3864763092501332,2,2,.p15.,NA,NA,NA,NA,NA
cfa101,BSMBS_18d_I8 ~~ BSMBS_18d_I8,~~,0.7834821857561439,0.11642117786652198,6.729722204446462,1.6998624730035772e-11,0.7834821857561439,0.5136444227727917,0.5136444227727917,2,2,.p16.,NA,NA,NA,NA,NA
cfa101,Upward ~~ Upward,~~,1.308638202881881,0.15427553318018467,8.482474024921821,0,1,1,1,2,2,,NA,NA,NA,NA,NA
cfa101,Downward ~~ Downward,~~,0.9923591430935306,0.16110259729053347,6.159796054087841,7.283869063456905e-10,1,1,1,2,2,,NA,NA,NA,NA,NA
cfa101,Upward ~~ Downward,~~,-0.41772954865636935,0.11133161508238762,-3.75211972221225,1.7534568709454135e-4,-0.3665649713831574,-0.3665649713831574,-0.3665649713831574,2,2,,NA,NA,NA,NA,NA
cfa101,BSMBS_4u_I1 ~1 ,~1,4.079135181549917,0.08338025595550598,48.92207555379366,0,4.079135181549917,3.0440297720371814,3.0440297720371814,2,2,.p20.,NA,NA,NA,NA,NA
cfa101,BSMBS_8u_I2 ~1 ,~1,3.7771361367055465,0.08000716214133384,47.20997515238923,0,3.7771361367055465,2.828567712623366,2.828567712623366,2,2,.p21.,NA,NA,NA,NA,NA
cfa101,BSMBS_9u_I3 ~1 ,~1,4.22011761060553,0.07252328132776303,58.18983274533668,0,4.22011761060553,3.1995429308980436,3.1995429308980436,2,2,.p22.,NA,NA,NA,NA,NA
cfa101,BSMBS_10u_I4 ~1 ,~1,4.157348801041607,0.0790156441090965,52.61424934158072,0,4.157348801041607,3.0235839252971446,3.0235839252971446,2,2,.p23.,NA,NA,NA,NA,NA
cfa101,BSMBS_11d_I5 ~1 ,~1,3.7001831585355482,0.093294782903567,39.66120123094339,0,3.7001831585355482,2.561174654302423,2.561174654302423,2,2,.p24.,NA,NA,NA,NA,NA
cfa101,BSMBS_13d_I6 ~1 ,~1,3.1385937959570436,0.08113822093518624,38.682063271564374,0,3.1385937959570436,2.410646543495811,2.410646543495811,2,2,.p25.,NA,NA,NA,NA,NA
cfa101,BSMBS_14d_I7 ~1 ,~1,3.3413475411812814,0.08605346528015666,38.828738974115126,0,3.3413475411812814,2.5827017528790406,2.5827017528790406,2,2,.p26.,NA,NA,NA,NA,NA
cfa101,BSMBS_18d_I8 ~1 ,~1,3.1032156635329824,0.07806632824937916,39.75101344103066,0,3.1032156635329824,2.5126308284791135,2.5126308284791135,2,2,.p27.,NA,NA,NA,NA,NA
cfa101,Upward ~1 ,~1,-0.6460771013975055,0.1299763282574516,-4.970728978570493,6.670163432698217e-7,-0.5647738131604436,-0.5647738131604436,-0.5647738131604436,2,2,,NA,NA,NA,NA,NA
cfa101,Downward ~1 ,~1,0.30731899657963807,0.12155289063170836,2.5282738648378196,0.01146249010346434,0.30849985824002907,0.30849985824002907,0.30849985824002907,2,2,,NA,NA,NA,NA,NA
cor.test1,NA,NA,0.6543092798088018,NA,17.2612563406392,3.076700414776498e-50,NA,NA,NA,NA,NA,NA,398,0.5943914255492567,0.7070024446168884,Pearson's product-moment correlation,two.sided
cor.test1,NA,NA,0.48987619741899796,NA,11.210242025932402,1.5580962026499686e-25,NA,NA,NA,NA,NA,NA,398,0.4115946891220429,0.5609821475035937,Pearson's product-moment correlation,two.sided
cor.test1,NA,NA,0.5949867391311819,NA,14.768475355548416,1.1489385424375432e-39,NA,NA,NA,NA,NA,NA,398,0.5277220453465413,0.654835689877166,Pearson's product-moment correlation,two.sided
cor.test1,NA,NA,-0.35111758997616677,NA,-7.481084293807417,4.762527879479828e-13,NA,NA,NA,NA,NA,NA,398,-0.4342201170171599,-0.2620889868555532,Pearson's product-moment correlation,two.sided
cor.test1,NA,NA,-0.31360819931052664,NA,-6.588855392639543,1.40749280617125e-10,NA,NA,NA,NA,NA,NA,398,-0.3993790829080747,-0.22239508918009898,Pearson's product-moment correlation,two.sided
cor.test1,NA,NA,-0.4143741097459565,NA,-9.083262507688085,4.988532032295574e-18,NA,NA,NA,NA,NA,NA,398,-0.49241880709558505,-0.3297188998531968,Pearson's product-moment correlation,two.sided
cor.test1,NA,NA,-0.30766491803254736,NA,-6.450793034315428,3.232718612978854e-10,NA,NA,NA,NA,NA,NA,398,-0.3938357650534193,-0.21613330777200318,Pearson's product-moment correlation,two.sided
cor.test1,NA,NA,0.4654351204256392,NA,10.491007023400273,6.752452434741333e-23,NA,NA,NA,NA,NA,NA,398,0.38495131361429147,0.5388935111899643,Pearson's product-moment correlation,two.sided
cor.test1,NA,NA,0.5167654701157743,NA,12.041950187662843,1.0856844177994715e-28,NA,NA,NA,NA,NA,NA,398,0.4410622617832381,0.5851669318384682,Pearson's product-moment correlation,two.sided
cor.test1,NA,NA,-0.26823098864063183,NA,-5.554747201848422,5.0943832836575514e-8,NA,NA,NA,NA,NA,NA,398,-0.3568961575934405,-0.17477596580879112,Pearson's product-moment correlation,two.sided
cor.test1,NA,NA,-0.2433218706138015,NA,-5.0046683774434015,8.417633758952488e-7,NA,NA,NA,NA,NA,NA,398,-0.3334188410880434,-0.1488207349152564,Pearson's product-moment correlation,two.sided
cor.test1,NA,NA,-0.298858662889423,NA,-6.2477501153129085,1.0713774452087386e-9,NA,NA,NA,NA,NA,NA,398,-0.38561060162017463,-0.20686894922235607,Pearson's product-moment correlation,two.sided
cor.test1,NA,NA,-0.19582566505219917,NA,-3.983842008810205,8.06391448602683e-5,NA,NA,NA,NA,NA,NA,398,-0.2883409380555797,-0.09968805997875108,Pearson's product-moment correlation,two.sided
cor.test1,NA,NA,0.3839326905203626,NA,8.29516563232492,1.695450880570299e-15,NA,NA,NA,NA,NA,NA,398,0.2970640232677963,0.4644982525768635,Pearson's product-moment correlation,two.sided
cor.test1,NA,NA,-0.2812721611293385,NA,-5.847434389737186,1.0416743369530032e-8,NA,NA,NA,NA,NA,NA,398,-0.36914319975426874,-0.1884168303589574,Pearson's product-moment correlation,two.sided
cor.test1,NA,NA,-0.27462776017031254,NA,-5.697886828358868,2.3630649947616054e-8,NA,NA,NA,NA,NA,NA,398,-0.3629072146105153,-0.18146241007680786,Pearson's product-moment correlation,two.sided
cor.test1,NA,NA,-0.22676650219499436,NA,-4.644983256437721,4.628701085374704e-6,NA,NA,NA,NA,NA,NA,398,-0.31775303242361863,-0.1316418178574728,Pearson's product-moment correlation,two.sided
cor.test1,NA,NA,-0.20936517276664549,NA,-4.271488845190589,2.431441912938133e-5,NA,NA,NA,NA,NA,NA,398,-0.30123299630557904,-0.11364645734116484,Pearson's product-moment correlation,two.sided
cor.test1,NA,NA,-0.34853977872183195,NA,-7.418533379538942,7.219843233124979e-13,NA,NA,NA,NA,NA,NA,398,-0.43183361718242735,-0.2593513725329486,Pearson's product-moment correlation,two.sided
cor.test1,NA,NA,-0.2728045778109517,NA,-5.657007536532967,2.9474295608017863e-8,NA,NA,NA,NA,NA,NA,398,-0.36119471535324305,-0.17955578823039556,Pearson's product-moment correlation,two.sided
cor.test1,NA,NA,-0.3859332887628701,NA,-8.34593188469169,1.177156631715536e-15,NA,NA,NA,NA,NA,NA,398,-0.4663381110069031,-0.2992038690200798,Pearson's product-moment correlation,two.sided
cor.test1,NA,NA,-0.26213835617578835,NA,-5.419149817891573,1.0395627637895831e-7,NA,NA,NA,NA,NA,NA,398,-0.3511640650703014,-0.1684154380011998,Pearson's product-moment correlation,two.sided
cor.test1,NA,NA,0.5629776549861002,NA,13.589531592398005,8.049172639508553e-35,NA,NA,NA,NA,NA,NA,398,0.49208974542114015,0.6264488190939734,Pearson's product-moment correlation,two.sided
cor.test1,NA,NA,0.5703225329658612,NA,13.851485307943078,6.926888197588131e-36,NA,NA,NA,NA,NA,NA,398,0.5002450703526672,0.6329774539887436,Pearson's product-moment correlation,two.sided
cor.test1,NA,NA,0.4771101764406709,NA,10.830504221128312,3.947213786658236e-24,NA,NA,NA,NA,NA,NA,398,0.3976616547173618,0.5494574664437368,Pearson's product-moment correlation,two.sided
cor.test1,NA,NA,0.5487883698385985,NA,13.096650954702024,7.76134977604102e-33,NA,NA,NA,NA,NA,NA,398,0.476369947029842,0.6138111315106842,Pearson's product-moment correlation,two.sided
cor.test1,NA,NA,0.5458090947353913,NA,12.995265540077558,1.9707278276516703e-32,NA,NA,NA,NA,NA,NA,398,0.473075185836379,0.6111533999870504,Pearson's product-moment correlation,two.sided
cor.test1,NA,NA,0.6208732351902464,NA,15.800750905996651,5.31097768038712e-44,NA,NA,NA,NA,NA,NA,398,0.5567129105184282,0.6776699734619391,Pearson's product-moment correlation,two.sided
cor.test2,NA,NA,-0.44876912465226587,NA,-10.01839491807859,3.233771644181096e-21,NA,NA,NA,NA,NA,NA,398,-0.5237734586171553,-0.366860201851113,Pearson's product-moment correlation,two.sided
cor.test2,NA,NA,0.535417257005979,NA,12.647047660258329,4.731305899872981e-31,NA,NA,NA,NA,NA,NA,398,0.4615988211480332,0.6018715722171157,Pearson's product-moment correlation,two.sided
cor.test2,NA,NA,0.4370503115803325,NA,9.693981622853892,4.3359154163756823e-20,NA,NA,NA,NA,NA,NA,398,0.35417629803406325,0.5131133122718373,Pearson's product-moment correlation,two.sided
cor.test2,NA,NA,-0.1725044336327609,NA,-3.493829545079185,5.296316671172388e-4,NA,NA,NA,NA,NA,NA,398,-0.2660559876604741,-0.075733700612006,Pearson's product-moment correlation,two.sided
cor.test2,NA,NA,0.3282978232266165,NA,6.933833851282599,1.662885013578863e-11,NA,NA,NA,NA,NA,NA,398,0.2379042817680895,0.41305328903464683,Pearson's product-moment correlation,two.sided
cor.test2,NA,NA,-0.24362685931707592,NA,-5.011336975918025,8.14780669531056e-7,NA,NA,NA,NA,NA,NA,398,-0.33370697603495175,-0.1491377468443143,Pearson's product-moment correlation,two.sided
cor.test2,NA,NA,-0.18658652250019445,NA,-3.7889285800965458,1.746874946993464e-4,NA,NA,NA,NA,NA,NA,398,-0.27952430891458946,-0.09018474424448399,Pearson's product-moment correlation,two.sided
cor.test2,NA,NA,0.26132289850228563,NA,5.401054310419622,1.1421491593788019e-7,NA,NA,NA,NA,NA,NA,398,0.16756471614807666,0.35039635654952234,Pearson's product-moment correlation,two.sided
cor.test2,NA,NA,-0.14279075829859214,NA,-2.8781594746056554,0.0042156853571036525,NA,NA,NA,NA,NA,NA,398,-0.23751703081254358,-0.04537431884172337,Pearson's product-moment correlation,two.sided
cor.test2,NA,NA,0.7973000049357186,NA,26.3527623770176,2.709395066120955e-89,NA,NA,NA,NA,NA,NA,398,0.7585491027350625,0.8304313915579307,Pearson's product-moment correlation,two.sided
cor.test2,NA,NA,-0.12905623085700785,NA,-2.596376496614907,0.009770120068176975,NA,NA,NA,NA,NA,NA,398,-0.2242699965671523,-0.0314018761959551,Pearson's product-moment correlation,two.sided
cor.test2,NA,NA,0.26882677912426955,NA,5.568045277948485,4.746609474979375e-8,NA,NA,NA,NA,NA,NA,398,0.17539837237386496,0.35745633318865355,Pearson's product-moment correlation,two.sided
cor.test2,NA,NA,-0.03965438640192409,NA,-0.7917252512509048,0.4289924926254296,NA,NA,NA,NA,NA,NA,398,-0.13717275376050483,0.058625279105842164,Pearson's product-moment correlation,two.sided
cor.test2,NA,NA,0.270160556611183,NA,5.597840270271012,4.049183363504261e-8,NA,NA,NA,NA,NA,NA,398,0.1767920052420988,0.35871014960104203,Pearson's product-moment correlation,two.sided
cor.test2,NA,NA,-0.19591498005418895,NA,-3.985731525274279,8.002460577128085e-5,NA,NA,NA,NA,NA,NA,398,-0.28842609212216647,-0.09978001442446317,Pearson's product-moment correlation,two.sided
